movieId,tmdbId,poster_url
1,862,https://image.tmdb.org/t/p/w300/uXDfjJbdP4ijW5hWSBrPrlKpxab.jpg
2,8844,https://image.tmdb.org/t/p/w300/iWV47r6kFneCiApgrMII5HSkfHw.jpg
3,15602,https://image.tmdb.org/t/p/w300/1FSXpj5e8l4KH6nVFO5SPUeraOt.jpg
4,31357,https://image.tmdb.org/t/p/w300/4wjGMwPsdlvi025ZqR4rXnFDvBz.jpg
5,11862,https://image.tmdb.org/t/p/w300/rj4LBtwQ0uGrpBnCELr716Qo3mw.jpg
6,949,https://image.tmdb.org/t/p/w300/e09dLw1Ljtccd2P4NsuUvVtS5du.jpg
7,11860,https://image.tmdb.org/t/p/w300/i8PbLJDPU7vCwwscWD625oHbJy.jpg
8,45325,https://image.tmdb.org/t/p/w300/bMY31ikEOIPOHqQwhPhII8UVBln.jpg
9,9091,https://image.tmdb.org/t/p/w300/1pylO6YX5XdOA6QCc5IRxrrffkg.jpg
10,710,https://image.tmdb.org/t/p/w300/z0ljRnNxIO7CRBhLEO0DvLgAFPR.jpg
11,9087,https://image.tmdb.org/t/p/w300/yObOAYFIHXHkFPQ3jhgkN2ezaD.jpg
12,12110,https://image.tmdb.org/t/p/w300/4rRfZz8YnHNRr16t3CFcJrPdXHi.jpg
13,21032,https://image.tmdb.org/t/p/w300/dCVcdb5oxDizqFLz0F7TE60NoC9.jpg
14,10858,https://image.tmdb.org/t/p/w300/cz2MTGr2wpDZLirgV2rGHBdA2t3.jpg
15,1408,https://image.tmdb.org/t/p/w300/hYdeBZ4BFXivdouxLfQGWNE6zRx.jpg
16,524,https://image.tmdb.org/t/p/w300/gziIkUSnYuj9ChCi8qOu2ZunpSC.jpg
17,4584,https://image.tmdb.org/t/p/w300/cBK2yL3HqhFvIVd7lLtazWlRZPR.jpg
18,5,https://image.tmdb.org/t/p/w300/75aHn1NOYXh4M7L5shoeQ6NGykP.jpg
19,9273,https://image.tmdb.org/t/p/w300/wcinCf1ov2D6M3P7BBZkzQFOiIb.jpg
20,11517,https://image.tmdb.org/t/p/w300/jWBDz6Mf9aQVBiUS76JQsEhvoJl.jpg
21,8012,https://image.tmdb.org/t/p/w300/r82SdPhg4fnIcLt0ogIjQxqjdcO.jpg
22,1710,https://image.tmdb.org/t/p/w300/oMgwJb016znNZcpDR20eXxZoW8A.jpg
23,9691,https://image.tmdb.org/t/p/w300/wPmZYnaQpxwoHmwNwVhZ2IY0UbF.jpg
24,12665,https://image.tmdb.org/t/p/w300/aQSA63T7zyzZxBZxr2MQaxt1gtO.jpg
25,451,https://image.tmdb.org/t/p/w300/wTrFpGe3U65kXTldIUxuM2hmOAK.jpg
26,16420,https://image.tmdb.org/t/p/w300/kyevuYzW36wKadiE8lftLac5VwQ.jpg
27,9263,https://image.tmdb.org/t/p/w300/q31Ks8oAmM4Nq2CcGjyYYpdBAmh.jpg
28,17015,https://image.tmdb.org/t/p/w300/10hycdhFLq3M3y0ONxIMSiY8Mrs.jpg
29,902,https://image.tmdb.org/t/p/w300/whwT3Q9JxbAYzEc3t7uYYcCbTMf.jpg
30,37557,https://image.tmdb.org/t/p/w300/tzG1UxUSfPACREjgBrsPDRUvneH.jpg
31,9909,https://image.tmdb.org/t/p/w300/yWHWC8fJRp2kLgiFrEa8o3krOH9.jpg
32,63,https://image.tmdb.org/t/p/w300/gt3iyguaCIw8DpQZI1LIN5TohM2.jpg
34,9598,https://image.tmdb.org/t/p/w300/zKuQMtnbVTz9DsOnOJmlW71v4qH.jpg
36,687,https://image.tmdb.org/t/p/w300/eShxyjhWoFl3BwsuEmVsr4nLaMZ.jpg
38,33689,https://image.tmdb.org/t/p/w300/4CptjFLiIJXtjc3dykS7vkEHMbw.jpg
39,9603,https://image.tmdb.org/t/p/w300/8AwVTcgpTnmeOs4TdTWqcFDXEsA.jpg
40,34615,https://image.tmdb.org/t/p/w300/96TZr6o4kuiIEryC5jkzaQoP6m5.jpg
41,31174,https://image.tmdb.org/t/p/w300/cBg1AMH1ucPsDlNMfcHlrreQXQX.jpg
42,11443,https://image.tmdb.org/t/p/w300/eGfsSXizR11tTHVo0kuOOFPAxZt.jpg
43,35196,https://image.tmdb.org/t/p/w300/z1YM3WFZnF2NwHT5IRGYUcvZBSl.jpg
44,9312,https://image.tmdb.org/t/p/w300/9YhpvhhvLrtL1wlwEfpVL16GI9d.jpg
45,577,https://image.tmdb.org/t/p/w300/whz4bwvqE1OmQHIyqHdZD8jU9CO.jpg
46,11861,https://image.tmdb.org/t/p/w300/pI9UAemlWgdrnjRgYJsbTk8BSJc.jpg
47,807,https://image.tmdb.org/t/p/w300/191nKfP0ehp3uIvWqgPbFmI4lv9.jpg
48,10530,https://image.tmdb.org/t/p/w300/kZ1ft0QZ4e3zDUPMBftEkwI9ftd.jpg
49,8391,https://image.tmdb.org/t/p/w300/6Ac5GLwJ01uli5mCXqXwquR36Y1.jpg
50,629,https://image.tmdb.org/t/p/w300/99X2SgyFunJFXGAYnDv3sb9pnUD.jpg
52,11448,https://image.tmdb.org/t/p/w300/ice135yQZp4iX2SgCmd90nKgS5j.jpg
53,49133,https://image.tmdb.org/t/p/w300/nnLpA4mqb3gvhNJQZ00cOyBmeq3.jpg
54,26441,https://image.tmdb.org/t/p/w300/nVHqIuBTcTLmAIrML7T704UwfNI.jpg
55,97406,https://image.tmdb.org/t/p/w300/uXjfK404xo7SiVlFcAoRyaFqXR4.jpg
57,9089,https://image.tmdb.org/t/p/w300/3zqlKdOttWyExzopVxglz50Vjxq.jpg
58,11010,https://image.tmdb.org/t/p/w300/cUaCpjVDefYShKyLmkcDsiPaBHn.jpg
60,11359,https://image.tmdb.org/t/p/w300/ozQAmW85tTJu2dhRe3evzyY03Nb.jpg
61,17182,https://image.tmdb.org/t/p/w300/y2lZSdJ1o0VvLegTw3ad6KFtxra.jpg
62,2054,https://image.tmdb.org/t/p/w300/kBmwWeSN3ajnYHZ3dSybEobxEPI.jpg
63,10607,https://image.tmdb.org/t/p/w300/HZQBF7JDd2e9p4rPSbSHuWHaCC.jpg
64,19760,https://image.tmdb.org/t/p/w300/xSfqAMYqrTtDeAjPtYo0S8nc5Zz.jpg
65,9536,https://image.tmdb.org/t/p/w300/pjSkGZAvksrbO6tGain8PJ3rfC7.jpg
66,11525,https://image.tmdb.org/t/p/w300/aP8eGsCyZVCHgSMxhDa4KiC7H9B.jpg
68,4482,https://image.tmdb.org/t/p/w300/xlLnHizshGBwMiNrnop2kg2nYzE.jpg
69,10634,https://image.tmdb.org/t/p/w300/3Ya1RurP2NqaYoiok4DmfO41rCC.jpg
70,755,https://image.tmdb.org/t/p/w300/sV3kIAmvJ9tPz4Lq5fuf9LLMxte.jpg
71,11859,https://image.tmdb.org/t/p/w300/qcxsWOzBaF7MZNNThtRQWQ9Wrdk.jpg
72,28387,https://image.tmdb.org/t/p/w300/ynAtSpTou7snNOq32djzILw9VCA.jpg
73,48750,https://image.tmdb.org/t/p/w300/toQ6BJCiKVSnklpsma2GnJ6KKah.jpg
74,20927,https://image.tmdb.org/t/p/w300/zCXvHCEm8334d0d646ldDkXnKws.jpg
75,36929,https://image.tmdb.org/t/p/w300/dws3JR4Yi325Tz33XnuXEB6XjGr.jpg
76,9102,https://image.tmdb.org/t/p/w300/eqgBf791rMZG7ywHfObpXeMpiRf.jpg
77,124626,https://image.tmdb.org/t/p/w300/w3oiJZTB1UP3lj0uSVLdsYfsBbC.jpg
78,27526,https://image.tmdb.org/t/p/w300/1WOfl9LN4gqpjwWZjGSHW8fCgSZ.jpg
79,9623,https://image.tmdb.org/t/p/w300/31mRYhJvaknQx8PQnR2UV7YCkLT.jpg
80,46785,https://image.tmdb.org/t/p/w300/bamJR4MwtQDMdWkjVAPojfwOjY4.jpg
81,400,https://image.tmdb.org/t/p/w300/3LxYzYybOVpnw0juCSlNL5cj8NK.jpg
82,880,https://image.tmdb.org/t/p/w300/nUCVi6bBIL7LGC61nYaCqikAhIA.jpg
83,146599,https://image.tmdb.org/t/p/w300/2qeQStLy1wiqDFa1Dnm02f5UacO.jpg
85,8447,https://image.tmdb.org/t/p/w300/w1i5JdddoLuzSmnKo5ORDoKdMm2.jpg
86,10534,https://image.tmdb.org/t/p/w300/5xF4qy44Lvv68glS7eHWH7laTqt.jpg
87,17414,https://image.tmdb.org/t/p/w300/xR2cWC04kWNr7TBeXNOf4uOqn00.jpg
88,13997,https://image.tmdb.org/t/p/w300/bqIW5oE4WeHAvk1nh2Y6rfOLGrF.jpg
89,2086,https://image.tmdb.org/t/p/w300/A1FJwUVg84sQSjHVz5jVMXQvifJ.jpg
92,9095,https://image.tmdb.org/t/p/w300/cW5wTiv5fdtBOd22utmAIZBCMS3.jpg
93,12158,https://image.tmdb.org/t/p/w300/fodPA5x3REtOwColG17CucreZqM.jpg
94,9283,https://image.tmdb.org/t/p/w300/sHcx1fBmrtZYvFmUywU0d5cvIFd.jpg
95,9208,https://image.tmdb.org/t/p/w300/iBPMwYYJFvdCBkXrwV75peo5Lz2.jpg
96,40154,https://image.tmdb.org/t/p/w300/eUrv3E65orbuPnFikjpjso4TVBN.jpg
97,406,https://image.tmdb.org/t/p/w300/hY4exng4s29RzDbtQInjx9MA3PZ.jpg
99,63076,https://image.tmdb.org/t/p/w300/laPSb9I8TuYslOh1OcgaTByWKnw.jpg
100,11062,https://image.tmdb.org/t/p/w300/w7EkAl4Oi8Lc6VQKaqRHrOV3CxR.jpg
101,13685,https://image.tmdb.org/t/p/w300/wOPiNYt9V3Cbr9Izeddwj7nU8RT.jpg
102,47475,https://image.tmdb.org/t/p/w300/csSkKS6rcGjG8jjpwKZPVCD7Kiq.jpg
103,2045,https://image.tmdb.org/t/p/w300/500Ne3EDn3HHpuCQWwGKR74r0cB.jpg
104,9614,https://image.tmdb.org/t/p/w300/4RnCeRzvI1xk5tuNWjpDKzSnJDk.jpg
105,688,https://image.tmdb.org/t/p/w300/aCBrhOQjhG397GLkEZ49zReQEKX.jpg
106,11907,https://image.tmdb.org/t/p/w300/vBDJPkoTOKT9F1zx0y9tT7G62vF.jpg
107,10874,https://image.tmdb.org/t/p/w300/k4KW2CUkzDKaCy4H4cS02cO8gvV.jpg
108,89333,https://image.tmdb.org/t/p/w300/8Db2Tx2RkTUozzilF1SGMitcHLl.jpg
110,197,https://image.tmdb.org/t/p/w300/or1gBugydmjToAEq7OZY0owwFk.jpg
111,103,https://image.tmdb.org/t/p/w300/ekstpH614fwDX8DUln1a2Opz0N8.jpg
112,33542,https://image.tmdb.org/t/p/w300/1nAfchiXHQB3iyhK8fCJJEnNs5A.jpg
113,43566,https://image.tmdb.org/t/p/w300/oK8UKDrjFS14OFoihaQPfmmMOyI.jpg
116,51352,https://image.tmdb.org/t/p/w300/6nyhzrSGimCbdxiY8DEO7kI7xx4.jpg
117,16934,https://image.tmdb.org/t/p/w300/d3Lakfy0K1eRHUbay9kMeWdt7y6.jpg
118,10324,https://image.tmdb.org/t/p/w300/l3Bwmjdon6JBDzJUA3ZSdMZZ7lI.jpg
119,78406,https://image.tmdb.org/t/p/w300/83TvBaWt8wZHUZo8MKwE2cLRBiT.jpg
121,32119,https://image.tmdb.org/t/p/w300/cam0cG0UWdUVtQRvFHJXmNtL1hY.jpg
122,11066,https://image.tmdb.org/t/p/w300/apwkBVaJqLuK6mxe6sOABCeNjRw.jpg
123,11104,https://image.tmdb.org/t/p/w300/43I9DcNoCzpyzK8JCkJYpHqHqGG.jpg
125,2074,https://image.tmdb.org/t/p/w300/uIcgXQYm2eqguUaYdbolQ4LWpMy.jpg
126,27793,https://image.tmdb.org/t/p/w300/o75HHfr23sgeqIeUPwjKY0V9Ppi.jpg
128,290157,https://image.tmdb.org/t/p/w300/2GIdaPLF7gYyXnlxGzTwV5fQGWy.jpg
129,110972,https://image.tmdb.org/t/p/w300/iZs2BzP1nbrcHCDX3QEHa3Nn0y4.jpg
132,11863,https://image.tmdb.org/t/p/w300/8KWiZKDYpAgh8n27lanvTuDquyX.jpg
135,9101,https://image.tmdb.org/t/p/w300/brleKcHsirTw7lFqcgUMOfgL2nl.jpg
137,5757,https://image.tmdb.org/t/p/w300/jVO3Gvsdqe5C9Jr7cE1fSOtW2Op.jpg
140,9302,https://image.tmdb.org/t/p/w300/zF67qcf7skMHLpXnifodinUqCFr.jpg
141,11000,https://image.tmdb.org/t/p/w300/4IpC35BoA5aRO0Q1DpFGJ8iKKYq.jpg
144,16388,https://image.tmdb.org/t/p/w300/6oWsOJP0ed5gs8n2UywcailoxFN.jpg
145,9737,https://image.tmdb.org/t/p/w300/x1ygBecKHfXX4M2kRhmFKWfWbJc.jpg
146,30765,https://image.tmdb.org/t/p/w300/tIK40vCE9i8g4VhyJ3LLr5y1ROJ.jpg
147,10474,https://image.tmdb.org/t/p/w300/AhvO1GGDPIgN0hOqZEgaFCbswMK.jpg
148,22279,https://image.tmdb.org/t/p/w300/tfXBuRBMbyu9IF9KCFz3kXeWQDT.jpg
149,30157,https://image.tmdb.org/t/p/w300/n0lFhpnoctfsPo5GXvuvQSgv9Fj.jpg
150,568,https://image.tmdb.org/t/p/w300/tVeKscCm2fY1xDXZk8PgnZ87h9S.jpg
151,11780,https://image.tmdb.org/t/p/w300/kWI2rF6RAnRtEjfBlZgsXumgOm5.jpg
152,34996,https://image.tmdb.org/t/p/w300/1Yy8H2tKQ16mffLFRfxcBHKBdyF.jpg
153,414,https://image.tmdb.org/t/p/w300/i0fJS8M5UKoETjjJ0zwUiKaR8tr.jpg
154,649,https://image.tmdb.org/t/p/w300/iUAFECovwPA0cVV9bo4uNGLJSGL.jpg
155,1873,https://image.tmdb.org/t/p/w300/xTiy5kSP3Hetig7xB4E8INq5ron.jpg
156,5894,https://image.tmdb.org/t/p/w300/u0iwm9SDjlfFZDrSdSbcebX7VUG.jpg
157,1775,https://image.tmdb.org/t/p/w300/bzK2aQ8xUB67kwCR5LHTSY99HtT.jpg
158,8839,https://image.tmdb.org/t/p/w300/2ah8fNJFZVU3vcXhU5xfAYi2eym.jpg
159,20649,https://image.tmdb.org/t/p/w300/c79uqLJleho2a7OQayfrW5Ypphf.jpg
160,10329,https://image.tmdb.org/t/p/w300/hPNSToNIIpRO6y5Rh973leqQqNr.jpg
161,8963,https://image.tmdb.org/t/p/w300/21nqRJ6ofEgVvEl68J4O9V26Xzy.jpg
162,26564,https://image.tmdb.org/t/p/w300/9ocTHdBCJdwJ65Tubg3lYlfMxEY.jpg
163,8068,https://image.tmdb.org/t/p/w300/e3gwpBeXpvGZsxUya9zNym5QXrw.jpg
164,8512,https://image.tmdb.org/t/p/w300/5lcJhwKGavLbPva17QkTBhLfqEk.jpg
165,1572,https://image.tmdb.org/t/p/w300/buqmCdFQEWwEpL3agGgg2GVjN2d.jpg
166,13552,https://image.tmdb.org/t/p/w300/cRzRj2UBvIH8ryWhu5PNL2PzV7j.jpg
168,6520,https://image.tmdb.org/t/p/w300/dJH5bwtu3UxbwRsSlhlhmMrV8ZH.jpg
169,9073,https://image.tmdb.org/t/p/w300/3wpug3W5rYBdqeAnhc1UeXLE5ZF.jpg
170,10428,https://image.tmdb.org/t/p/w300/w8H2KpRtpzwlxz5KrvINCVihok1.jpg
171,17447,https://image.tmdb.org/t/p/w300/cacIqtIkUaD5xYqUUN1J7qJjciQ.jpg
172,9886,https://image.tmdb.org/t/p/w300/iH8Jgi8qvb7pnBfI8fVGaUbyRna.jpg
173,9482,https://image.tmdb.org/t/p/w300/cfSnKn8NDU3m8UxihjVcYprA0Aq.jpg
174,19326,https://image.tmdb.org/t/p/w300/DbKQDPqBE4kCaePj4CHu6r3ZAb.jpg
175,9344,https://image.tmdb.org/t/p/w300/8qV8hUVCUnFIQKewzlhaFWhdszK.jpg
176,9071,https://image.tmdb.org/t/p/w300/b54xDk98oWtEtAso9sj1wjaZDDH.jpg
177,8973,https://image.tmdb.org/t/p/w300/8MZu8s01psozeTuD6OzstP4vSvM.jpg
178,15730,https://image.tmdb.org/t/p/w300/9QVw6cPXfsjr4PncE1TeWudeLmh.jpg
179,47608,https://image.tmdb.org/t/p/w300/glhctWoYw1jg8z0FUSwFD4UTNi4.jpg
180,2293,https://image.tmdb.org/t/p/w300/2ip0sGIMPN0XEN6q3lQIoaNI6tP.jpg
181,9070,https://image.tmdb.org/t/p/w300/pcLbHqs80dchv0byHivhdwHKEup.jpg
183,48787,https://image.tmdb.org/t/p/w300/kfCIZNpb2bWspnQNkIQftQlksCU.jpg
184,34574,https://image.tmdb.org/t/p/w300/uwo3iDfPNdZoSNGAgQDXEM7xMu8.jpg
185,1642,https://image.tmdb.org/t/p/w300/dtupntUFMD5iXBo8HLfALt2ET4R.jpg
186,11472,https://image.tmdb.org/t/p/w300/y3VwPenHpiuIGb0fhgyt7PXZKLB.jpg
187,36196,https://image.tmdb.org/t/p/w300/cfGEUftQVjvJHTTc3OKbzfsBamT.jpg
188,11980,https://image.tmdb.org/t/p/w300/4ZWFhQipzBHJze2llzCzhrSIZsn.jpg
189,58372,https://image.tmdb.org/t/p/w300/edNTtl2UuKcU8vXEaYgu76vISXw.jpg
190,32646,https://image.tmdb.org/t/p/w300/2O71QsBkbqdLqQdx2yuNpJ4pFPq.jpg
191,10533,https://image.tmdb.org/t/p/w300/8gIU7O3oV6NyWUjlL6ppbpnIZLW.jpg
193,10802,https://image.tmdb.org/t/p/w300/o4HT3Ap5c99W4FYpdXUtTvxGgPc.jpg
194,10149,https://image.tmdb.org/t/p/w300/1WMUaTQaj2dQrhsPI3Px0OR9eTF.jpg
195,18402,https://image.tmdb.org/t/p/w300/a52KpsmvLNdTdmDzw1fUrJONpfH.jpg
196,9348,https://image.tmdb.org/t/p/w300/cT5wdyo8kT7dycqjrolJ2sHWkFx.jpg
198,281,https://image.tmdb.org/t/p/w300/rY5BrDRcYAKE0BYmmT66YG6Uy5Q.jpg
199,5967,https://image.tmdb.org/t/p/w300/tAgTf64XKK5ir7w5C7dnB53jWWG.jpg
201,47939,https://image.tmdb.org/t/p/w300/qY1Mz8bPGKYmrb4kY1zm7s4480V.jpg
202,36834,https://image.tmdb.org/t/p/w300/9ihmgsX9aDXZmwjvgrzJgH8FxNa.jpg
203,9090,https://image.tmdb.org/t/p/w300/8bkJiI6N8wDxAtQ49bLUt0qCBII.jpg
204,3512,https://image.tmdb.org/t/p/w300/gElwFCQTbSK5hdK0PVyia547nst.jpg
205,52856,https://image.tmdb.org/t/p/w300/twnqc80AL55WYnCVz4nMGEGcL7.jpg
206,77350,https://image.tmdb.org/t/p/w300/dnIzv4rXr9FXkqW880E3rStYQA7.jpg
207,9560,https://image.tmdb.org/t/p/w300/xencQzZnUWDRAOUydjf9PWet8Ae.jpg
208,9804,https://image.tmdb.org/t/p/w300/X4UyUO5jgzs3c5YafnmYKLKKYw.jpg
209,31611,https://image.tmdb.org/t/p/w300/5MPatVYJXPYEGrd9RQiwldBBQvJ.jpg
210,65796,https://image.tmdb.org/t/p/w300/g5sQTDwc4BcvRCBAhnujhBPIEO1.jpg
211,49805,https://image.tmdb.org/t/p/w300/8My9Wnzu1zasVVzGdDj5y2dItuM.jpg
212,26258,https://image.tmdb.org/t/p/w300/j3H0POtvl0Tt4Meesvp7HX6JxAv.jpg
213,50797,https://image.tmdb.org/t/p/w300/jcpvnPSuRrynrgY7menuyZe7X4r.jpg
214,19155,https://image.tmdb.org/t/p/w300/sAVSVFonnNkup5xnlxDkuRrmI2N.jpg
215,76,https://image.tmdb.org/t/p/w300/kf1Jb1c2JAOqjuzA3H4oDM263uB.jpg
216,11017,https://image.tmdb.org/t/p/w300/sOdgtJdFalL9kRKaeJItARLTAEq.jpg
217,37141,https://image.tmdb.org/t/p/w300/wOv6HKiKTcDiyZRXPOsjm2JhVZV.jpg
218,9382,https://image.tmdb.org/t/p/w300/2dhZnfBjiza5TupvOupRU4hFAcJ.jpg
219,6715,https://image.tmdb.org/t/p/w300/irl4zGq3rh8UF0Ra0gvNg7mY5my.jpg
220,18256,https://image.tmdb.org/t/p/w300/rZv3aUkNngyZeiCgAjOEF5n0tve.jpg
222,22625,https://image.tmdb.org/t/p/w300/2QLTcXxrdSBrEgQZjPjpCf5QS4f.jpg
223,2292,https://image.tmdb.org/t/p/w300/9IiSgiq4h4siTIS9H3o4nZ3h5L9.jpg
224,1909,https://image.tmdb.org/t/p/w300/fe0TuYz9jCKUba2Omj48K8bWJ8z.jpg
225,8984,https://image.tmdb.org/t/p/w300/9e8cp3ho2aZrHMFgitysCoJxXwP.jpg
227,4954,https://image.tmdb.org/t/p/w300/2AnguJel4FIm1AUjHLrhi4ztsYU.jpg
228,62488,https://image.tmdb.org/t/p/w300/kd04IvuW1wvgGoB2HxSuFVIU9rU.jpg
229,10531,https://image.tmdb.org/t/p/w300/yrGpwavZwfprhjVRHMHc165q22u.jpg
230,11929,https://image.tmdb.org/t/p/w300/yqY5h9kI456xXRWv6u9t0Axn9CS.jpg
231,8467,https://image.tmdb.org/t/p/w300/4LdpBXiCyGKkR8FGHgjKlphrfUc.jpg
232,10451,https://image.tmdb.org/t/p/w300/olhIWtIBFg6VWK59DEd4lAvgVgz.jpg
233,20156,https://image.tmdb.org/t/p/w300/3pibvRQK3A1E8cyhX8IQPIAU2J8.jpg
234,18395,https://image.tmdb.org/t/p/w300/dUtpplO9K03uYCA71Vqj9ZRkVyA.jpg
235,522,https://image.tmdb.org/t/p/w300/n8SrO3WbyuY2b6KazogqbQF348C.jpg
236,397,https://image.tmdb.org/t/p/w300/q5hXdMfxSwhuOmWmkTJmm5qVijc.jpg
237,10525,https://image.tmdb.org/t/p/w300/c2RwGHqWwvh7nmRKpdIyYUWMEvP.jpg
238,27985,https://image.tmdb.org/t/p/w300/bHtNHOiSmfX1KlJwc9Jvc8sYcjB.jpg
239,15789,https://image.tmdb.org/t/p/w300/bycmMhO3iIoEDzP768sUjq2RV4T.jpg
240,27303,https://image.tmdb.org/t/p/w300/cYWjgxgIJrak0BTemkij3gOCbMa.jpg
241,21183,https://image.tmdb.org/t/p/w300/9cdyiQQK4JwghWVWWB6hEqx4okB.jpg
242,10954,https://image.tmdb.org/t/p/w300/i5h0ZjYobco5HRPaAU6QTlrMYw0.jpg
243,47867,https://image.tmdb.org/t/p/w300/4sLmghaiAIYXh320qCvZWY4avVT.jpg
246,14275,https://image.tmdb.org/t/p/w300/gLzHl2XBtVwycl8DxdOXRHPm8G3.jpg
247,1024,https://image.tmdb.org/t/p/w300/AsZ286PDaYy8rZTKDDEbhrWV9gq.jpg
248,17207,https://image.tmdb.org/t/p/w300/cdiHlZho11EEqD3aPanYe1rEYRB.jpg
249,13701,https://image.tmdb.org/t/p/w300/lkqz2R5pjXeDaiIjR3Z6JTGjtg6.jpg
250,14819,https://image.tmdb.org/t/p/w300/uN65XQzyPknLZs2R6koZ2Cu6eGC.jpg
251,32631,https://image.tmdb.org/t/p/w300/luCVuKiRBcQjr9MuY9mRCTehjpY.jpg
252,11777,https://image.tmdb.org/t/p/w300/5we3ZV6yiw13b8zGk4LuacuV8n7.jpg
253,628,https://image.tmdb.org/t/p/w300/2162lAT2MP36MyJd2sttmj5du5T.jpg
254,87729,https://image.tmdb.org/t/p/w300/vcZCvsm920LoNDb7pMibJkxIE4n.jpg
255,18713,https://image.tmdb.org/t/p/w300/yUbdqyZaeaoNKBQmnmtim1IIAf1.jpg
256,6280,https://image.tmdb.org/t/p/w300/swxxtzYc60qqnFhfWMFdmx9QXvY.jpg
257,9061,https://image.tmdb.org/t/p/w300/hbkS4UpgHcGhLlGy9YCX4WIJ4lu.jpg
258,37108,https://image.tmdb.org/t/p/w300/q7A67rr8f3hESsr4MYb4CEOzF7v.jpg
259,6071,https://image.tmdb.org/t/p/w300/2cCxEqeIy6Q8HgVjfT7obOnF5Zi.jpg
260,11,https://image.tmdb.org/t/p/w300/6FfCtAuVAW8XJjZ7eWeLibRLWTw.jpg
261,9587,https://image.tmdb.org/t/p/w300/1ZzH1XMcKAe5NdrKL5MfcqZHHsZ.jpg
262,19101,https://image.tmdb.org/t/p/w300/9V4bAVEskSNbEqjVI0YmeuB0n8I.jpg
263,49980,https://image.tmdb.org/t/p/w300/91KSK1xKdVEIDASKRo9ahBFCtM2.jpg
265,18183,https://image.tmdb.org/t/p/w300/itwUdMqLmPfhtGJ44hiDxkqZhiq.jpg
266,4476,https://image.tmdb.org/t/p/w300/t1KPGlW0UGd0m515LPQmk2F4nu1.jpg
267,11008,https://image.tmdb.org/t/p/w300/kWHx5eq7PELkF3If7LrrhuBskRG.jpg
269,32325,https://image.tmdb.org/t/p/w300/gtKIaHUqkNqdgVnMFosyVJXvKMC.jpg
270,43742,https://image.tmdb.org/t/p/w300/uPEh48HZN9qqewkF2Hsi9BD6oz7.jpg
271,28313,https://image.tmdb.org/t/p/w300/oHALKuPewtqIn2BcluZsGvcEG1P.jpg
272,11318,https://image.tmdb.org/t/p/w300/1dTSY023ZyBbgVSKDRuA6JLGSnZ.jpg
273,3036,https://image.tmdb.org/t/p/w300/bOwCAQsZlEKrwhPi1ejY6BS8jpL.jpg
274,40490,https://image.tmdb.org/t/p/w300/6bnOhhrrrq6RZhMgz4aGyqbJ9Wf.jpg
275,24070,https://image.tmdb.org/t/p/w300/xPdQMqxWnFwCKOIto8dBEorTtGR.jpg
276,8986,https://image.tmdb.org/t/p/w300/od8SCOMLDq4iRYaHNqihQVn1SNE.jpg
277,10510,https://image.tmdb.org/t/p/w300/iUTPKkljdEjPlcPPYgbUz7APnHu.jpg
278,17402,https://image.tmdb.org/t/p/w300/joturqaJfAJ8XHPadT8kibgSpS4.jpg
279,38722,https://image.tmdb.org/t/p/w300/i6t6QF5QyUd3UAQ8JM8eVU1169D.jpg
280,8438,https://image.tmdb.org/t/p/w300/1S3xY4HKAXLNvvKXRECMrbVnGQR.jpg
281,11593,https://image.tmdb.org/t/p/w300/xyAXFy6mOfgZcVWbceCeuTYadeq.jpg
282,1945,https://image.tmdb.org/t/p/w300/aIDp3x2YfijtdherR28pIH6yenn.jpg
283,39310,https://image.tmdb.org/t/p/w300/lXJWJT6lfAg2NEqEueJcI4ESWSG.jpg
284,109560,https://image.tmdb.org/t/p/w300/5kXO783UrTaKZE3wn0KZv3RubZc.jpg
285,56428,https://image.tmdb.org/t/p/w300/hUmcO6Co4Vl3AFwg5fSnng9xnF5.jpg
287,131957,https://image.tmdb.org/t/p/w300/ouiE82bOuBl4IeEnY2gJe8teQFT.jpg
288,241,https://image.tmdb.org/t/p/w300/fEKZwT91gxvkAoyPgpNXo8W5fu0.jpg
289,9058,https://image.tmdb.org/t/p/w300/7mLLANXgUg3bibTiUitDlB0NZcU.jpg
290,527,https://image.tmdb.org/t/p/w300/kRNANrGG50AaU2TwN0kg7tkYqlQ.jpg
291,18220,https://image.tmdb.org/t/p/w300/jXLuQYRwWNuwW8dkx3zo5bWon2r.jpg
292,6950,https://image.tmdb.org/t/p/w300/4KymNvlWR0XF0sqX2BWRd9Z3yXR.jpg
293,101,https://image.tmdb.org/t/p/w300/bxB2q91nKYp8JNzqE7t7TWBVupB.jpg
294,63020,https://image.tmdb.org/t/p/w300/jxi3UDHf86kDk5hqJxnpEMzVch2.jpg
295,2307,https://image.tmdb.org/t/p/w300/tjhmiAVkxl1EHkE9o6C93yKQdJ1.jpg
296,680,https://image.tmdb.org/t/p/w300/vQWk5YBFWF4bZaofAbv0tShwBvQ.jpg
298,25296,https://image.tmdb.org/t/p/w300/2z7QvDFDYnjd7nQhAfMW1zDihXd.jpg
299,40156,https://image.tmdb.org/t/p/w300/yCZ2eGJb78HzaYthNwVF8R0G6BG.jpg
300,11450,https://image.tmdb.org/t/p/w300/yoGJo1h3Hl2exXPVcG9UXWDENtX.jpg
301,30304,https://image.tmdb.org/t/p/w300/s1lUr4NWgOi4ftXLrUWGI49IvKK.jpg
302,10452,https://image.tmdb.org/t/p/w300/8uGkhBLiJMIkwohGPo3iB9AuwDg.jpg
303,12106,https://image.tmdb.org/t/p/w300/jhEmrXJpP6F3cqwyLjvgBgxxxFA.jpg
304,161495,https://image.tmdb.org/t/p/w300/ww737E66JgONeNCSZVuGRy7TvXI.jpg
305,3586,https://image.tmdb.org/t/p/w300/bb8pq3ap09S4KHsOvflXqoNJdWZ.jpg
306,110,https://image.tmdb.org/t/p/w300/JHmsBiX1tjCKqAul1lzC20WcAW.jpg
307,108,https://image.tmdb.org/t/p/w300/33wsWxzsNstI8N7dvuwzFmj1qBd.jpg
308,109,https://image.tmdb.org/t/p/w300/fdIet3NSa27gobMbaUml66oCQNT.jpg
310,36357,https://image.tmdb.org/t/p/w300/hnL5TxGumlBy68D4HovSlndEIkz.jpg
311,92769,https://image.tmdb.org/t/p/w300/wG6wdsB9lqCwxsRycnzzXZDSo6m.jpg
312,28033,https://image.tmdb.org/t/p/w300/80YaWpUokDoPynsJi0ittpts3J0.jpg
313,22586,https://image.tmdb.org/t/p/w300/f5YvIPrkJ9HCsNbgzWJJyxXVNhj.jpg
314,14334,https://image.tmdb.org/t/p/w300/2FFcEEMMrnXh3CFz3aON92sLkXP.jpg
315,2636,https://image.tmdb.org/t/p/w300/9CVAjtkSaFs9FyddGfThj11ZuQq.jpg
316,2164,https://image.tmdb.org/t/p/w300/4T6Po0XnZlevmhfPh3ZfEs5butR.jpg
317,11395,https://image.tmdb.org/t/p/w300/hvV2rI60qOYELT7tHHLpxtafnBZ.jpg
318,278,https://image.tmdb.org/t/p/w300/9cqNxx0GxF0bflZmeSMuL5tnGzr.jpg
319,9905,https://image.tmdb.org/t/p/w300/gqvSKLbfIg1mja1ulVkVcLhdwWF.jpg
320,87078,https://image.tmdb.org/t/p/w300/8lbOpuNaJBNT1gXbIDDyYnDIYut.jpg
321,12527,https://image.tmdb.org/t/p/w300/8riS2hGneWg78MHuhP7NqvLERRy.jpg
322,20306,https://image.tmdb.org/t/p/w300/eMRiIJIEyMLjWjktIqjNfzs9jGX.jpg
324,36614,https://image.tmdb.org/t/p/w300/4rBI4KISTuMCsWGb0kurWxKjqPQ.jpg
325,27993,https://image.tmdb.org/t/p/w300/3QpB4KpMKRnZnsJOsemOZHDoQKw.jpg
326,31439,https://image.tmdb.org/t/p/w300/bv0qREWTw8TPAtgt22ELp1UlKVl.jpg
327,9067,https://image.tmdb.org/t/p/w300/dpX63vJd6k5fMTudLaEOw9ffX8h.jpg
328,9059,https://image.tmdb.org/t/p/w300/8uD5yk0ECebJ59lhvhTBKhUojc.jpg
329,193,https://image.tmdb.org/t/p/w300/gh0ZZRwSmlzEZTIZee3ZCN9Jssx.jpg
330,25066,https://image.tmdb.org/t/p/w300/glPNCcI7V8zTTI3BG0iIUJJcwXN.jpg
331,46797,https://image.tmdb.org/t/p/w300/iw4ofGbX2AbJ4p17CixwnMjuoJ0.jpg
332,12122,https://image.tmdb.org/t/p/w300/zPn5oNDdZSB6QLHjtMIoa0WINT4.jpg
333,11381,https://image.tmdb.org/t/p/w300/jeEM8v1OA9u6F5NC2lzXD04Ls1U.jpg
334,32636,https://image.tmdb.org/t/p/w300/sYkkHsqXyUcFoLbXt4WNwnRRpT1.jpg
335,36141,https://image.tmdb.org/t/p/w300/a8jn5ML3vRT4nnMMBmFGXRaRhqO.jpg
336,95963,https://image.tmdb.org/t/p/w300/c0RtcIN4oSzSZoNs0nJMevfGYS4.jpg
337,1587,https://image.tmdb.org/t/p/w300/8FxWgsfDNosewo7H65oE4QkOb7g.jpg
338,9271,https://image.tmdb.org/t/p/w300/5emgnXYrXjqyiup2JsvtuENseiV.jpg
339,2064,https://image.tmdb.org/t/p/w300/qNGO3ETcNwlWqK2kNRpbJSJRlos.jpg
340,19855,https://image.tmdb.org/t/p/w300/eMJYqr5zs7rz54oZhiX4ez1BI5E.jpg
341,60855,https://image.tmdb.org/t/p/w300/5sbnCdiFoZLe4G27ERS7wtj1lCY.jpg
342,236,https://image.tmdb.org/t/p/w300/zJyTr8Fo412a2OIfJGXTRAm4IwX.jpg
343,48287,https://image.tmdb.org/t/p/w300/cdICP1AzQPgBWsEHwKTZH9ziNyE.jpg
344,3049,https://image.tmdb.org/t/p/w300/pqiRuETmuSybfnVZ7qyeoXhQyN1.jpg
345,2759,https://image.tmdb.org/t/p/w300/kJ7syYXEJgSBmBfSnF3Can9cK1J.jpg
346,12635,https://image.tmdb.org/t/p/w300/1BuFx7P8veAUUZDXqdMNhtdCUSM.jpg
347,10497,https://image.tmdb.org/t/p/w300/bW7E4cLWh0elRRbp2VCrtXrY1if.jpg
348,11382,https://image.tmdb.org/t/p/w300/mY9D1oCLeDKNMdUO8EV7MoCZ3up.jpg
349,9331,https://image.tmdb.org/t/p/w300/6xTM8FPxrLRYwz6I3fqtwh7xybs.jpg
350,10731,https://image.tmdb.org/t/p/w300/oLdkJ4ZjxPtFSUChdjDQvHM9l75.jpg
351,10464,https://image.tmdb.org/t/p/w300/xuEubxRGut2Yh118RyNa6ruXXCp.jpg
352,34152,https://image.tmdb.org/t/p/w300/iFqe07F78SO0SIBzWcK4I5MwNvP.jpg
353,9495,https://image.tmdb.org/t/p/w300/rMMB3v6jYHjsvXRNJYESacoTD7j.jpg
354,29973,https://image.tmdb.org/t/p/w300/clOqh9is8vWZvX6AUjF4HtLdQMj.jpg
355,888,https://image.tmdb.org/t/p/w300/k7gkf5Wa8YZ9iyEOylBMfw9pnkp.jpg
356,13,https://image.tmdb.org/t/p/w300/Cw4hIUIAmSYfK9QfaUW5igp9La.jpg
357,712,https://image.tmdb.org/t/p/w300/qa72G2VS0bpxms6yo0tI9vsHm2e.jpg
358,16295,https://image.tmdb.org/t/p/w300/tuud1Blsdwo1KQRdz5UVwjlLAWQ.jpg
359,48992,https://image.tmdb.org/t/p/w300/aCxh21UPLHi7Pxm9ykH1GNx39OW.jpg
360,10879,https://image.tmdb.org/t/p/w300/2uyytK3XFRPFXoTchFDtsWiSujn.jpg
361,10660,https://image.tmdb.org/t/p/w300/6UOaeLDOdwwTMQtbl5YL6EGjqy0.jpg
362,10714,https://image.tmdb.org/t/p/w300/rYoE6cuup9Ofam6AuYaiJLxF9OO.jpg
363,41647,https://image.tmdb.org/t/p/w300/pZnBH4ZJnHcVFgeuK81w2tcHvRD.jpg
364,8587,https://image.tmdb.org/t/p/w300/sKCr78MXSLixwmZ8DyJLrpMsd15.jpg
365,1689,https://image.tmdb.org/t/p/w300/xy70xtdoKZ3PxlKkakwdhL3UFDQ.jpg
366,11596,https://image.tmdb.org/t/p/w300/q5BWxfL1x34nyYSvA3Qo5odleGW.jpg
367,854,https://image.tmdb.org/t/p/w300/jPC2eYub74zwf2tPGVtzSlBW6Oy.jpg
368,9359,https://image.tmdb.org/t/p/w300/mTVbGGi5PIexmxVzeyFd2RYKwfM.jpg
369,23333,https://image.tmdb.org/t/p/w300/avTHiIim0Jm0rs4ehFLck8u3NFW.jpg
370,36593,https://image.tmdb.org/t/p/w300/p0AYsdgkudR9P5fNV5AjzbwQt8W.jpg
371,12280,https://image.tmdb.org/t/p/w300/pGPrFbucRLwVtCKCeinwAklAl0l.jpg
372,2788,https://image.tmdb.org/t/p/w300/qGDhodtpkpxkrFqokenGNJlzt6w.jpg
373,10427,https://image.tmdb.org/t/p/w300/ewofUEqU3Gpr7WSgSz3TEVPIfBg.jpg
374,11011,https://image.tmdb.org/t/p/w300/qgGh5d0IHAZRlHIdFS3XWVygumR.jpg
376,8987,https://image.tmdb.org/t/p/w300/wVgQ2T63ThjIsY4R0qoHXjyllql.jpg
377,1637,https://image.tmdb.org/t/p/w300/82PkCE4R95KhHICUDF7G4Ly2z3l.jpg
378,15128,https://image.tmdb.org/t/p/w300/bremBHwg2cAvFIGIRwlRtPMkgfL.jpg
379,8831,https://image.tmdb.org/t/p/w300/bgxP6ws8ErBiarnb4S93vv0lkf4.jpg
380,36955,https://image.tmdb.org/t/p/w300/pweFTnzzTfGK68woSVkiTgjLzWm.jpg
381,10449,https://image.tmdb.org/t/p/w300/cA1uMNX3sdWAWfMZbsgm1VIJYSY.jpg
382,10395,https://image.tmdb.org/t/p/w300/5TprU55U2zjAMCwr2jQra3zj1zu.jpg
383,12160,https://image.tmdb.org/t/p/w300/51LItgyecu2KMAtIchYogEykCIu.jpg
384,40480,https://image.tmdb.org/t/p/w300/5q5r3cpaTDByz4qko9ZWHlK3gMF.jpg
385,52038,https://image.tmdb.org/t/p/w300/zKHmxia0cdXMmNu5LUEwiJQJQoa.jpg
386,29444,https://image.tmdb.org/t/p/w300/3bq91jWCReRrqlPn81alSoxeXoP.jpg
387,26352,https://image.tmdb.org/t/p/w300/v5XUfLrdoGfatObGXhqckYTNqFT.jpg
388,39953,https://image.tmdb.org/t/p/w300/jXKecGbSp36C486myi1pbe6EKAI.jpg
389,41580,https://image.tmdb.org/t/p/w300/Usaduh828gtYe6jw9DosnPJ7I9.jpg
390,315,https://image.tmdb.org/t/p/w300/2hIHFk52SZ9XsZB4U85RUq36BT4.jpg
391,22067,https://image.tmdb.org/t/p/w300/2dXA5dNh3kqDQwRt08TxxgldTOW.jpg
393,11667,https://image.tmdb.org/t/p/w300/6yh95dD2Y6uWAlPfWCZZygBM1ec.jpg
405,8011,https://image.tmdb.org/t/p/w300/o4GKLReSGRR0rulOBS9SrfFAXOz.jpg
406,171857,https://image.tmdb.org/t/p/w300/qChLfULhgAhWHG9LbcBIv80r32i.jpg
407,2654,https://image.tmdb.org/t/p/w300/msh4tEUzbnEqlHcFOUH4O0Zti8r.jpg
408,18069,https://image.tmdb.org/t/p/w300/wqKVkOveZrK6zwfrptGLVPmnMpR.jpg
409,19092,https://image.tmdb.org/t/p/w300/56NFHuZXdgZbVxvCyYw92E5uLQa.jpg
410,2758,https://image.tmdb.org/t/p/w300/sdxT2VjVSx9DRicwnuECUdBHeE7.jpg
412,10436,https://image.tmdb.org/t/p/w300/5Tuyt26v7qNR8Cl3m7ZRx36rduf.jpg
413,13595,https://image.tmdb.org/t/p/w300/4xPG8pPMyeoec48gKWbbC85EC8j.jpg
414,46094,https://image.tmdb.org/t/p/w300/lY1yhtg0DRaMTzclYCXo0sP1kAV.jpg
415,9409,https://image.tmdb.org/t/p/w300/hBItFUmCrRS1mel0TM69ymBD79k.jpg
416,11853,https://image.tmdb.org/t/p/w300/cXY79luLXt2dzUP2Tx601zpZFzK.jpg
417,16771,https://image.tmdb.org/t/p/w300/7dgX3naR9EsFMvQhwHY8My6r5FR.jpg
418,46924,https://image.tmdb.org/t/p/w300/1OJilNyyJPH3es0HZzebJjuPJua.jpg
419,11041,https://image.tmdb.org/t/p/w300/refYLEQvzkY63i2IHronCPQODex.jpg
420,306,https://image.tmdb.org/t/p/w300/7vIpCkgGEfk5LZwm78nMxswLJRH.jpg
421,14522,https://image.tmdb.org/t/p/w300/5uH60FBDPQoyAnc4uvU0fIB8JXv.jpg
422,26203,https://image.tmdb.org/t/p/w300/wP6dfv85SQLogoNguUd6jO1A4be.jpg
423,178,https://image.tmdb.org/t/p/w300/fD23iryzdjfRU05nQAQriD0A3AR.jpg
424,19819,https://image.tmdb.org/t/p/w300/tO71i4Ob64tchCRBB5MoqonPKAF.jpg
425,57834,https://image.tmdb.org/t/p/w300/zG40OnO4Y98lo1iDHyFo5TaZyP1.jpg
426,4722,https://image.tmdb.org/t/p/w300/s9zdfUeWjgK1ipTyaB6ikhtC9Wb.jpg
427,18215,https://image.tmdb.org/t/p/w300/vgs0h94IllpZRheIjBTonjR7Zf2.jpg
428,1607,https://image.tmdb.org/t/p/w300/sDbO6LmLYtyqAoFTPpRcMgPSCEO.jpg
429,26391,https://image.tmdb.org/t/p/w300/xy2BzE3siqU67VQCQ2k4xideNNM.jpg
430,117553,https://image.tmdb.org/t/p/w300/ljSqZTl5oophHsH1Qtyv7AF2BW6.jpg
431,6075,https://image.tmdb.org/t/p/w300/g6D7mjQtndu768cusGmoEQY9fTB.jpg
432,11310,https://image.tmdb.org/t/p/w300/gh0lsyJARglhpbKmnY8i8M7V5bI.jpg
433,18658,https://image.tmdb.org/t/p/w300/kAYsvQvBVshLHGTIDGHcj9jTJq0.jpg
434,9350,https://image.tmdb.org/t/p/w300/b28DOM54OHb1c7Lsk6Nu7Kwuonj.jpg
435,9612,https://image.tmdb.org/t/p/w300/vlpQnf0rl0FpMjWLS0TNd8Bog2F.jpg
436,2124,https://image.tmdb.org/t/p/w300/w1OBPkf3BxeC7543YzFwiKIwBFJ.jpg
437,26261,https://image.tmdb.org/t/p/w300/wnkWgFU5UcLwbExCp1YtCg5Ox4E.jpg
438,19176,https://image.tmdb.org/t/p/w300/5oBVSzbWD85zRCKIWm0KvhypUZU.jpg
440,11566,https://image.tmdb.org/t/p/w300/n7wQlcexeER5bW7DvV8sji2vRRH.jpg
441,9571,https://image.tmdb.org/t/p/w300/msG9awbLhVZwv1Eh9Ge7SofMexW.jpg
442,9739,https://image.tmdb.org/t/p/w300/dq6AmlVFo92PRuoLCcIyFdoRuxf.jpg
444,34444,https://image.tmdb.org/t/p/w300/20x8nm0nPXkYv04COAHFA2AHyAl.jpg
445,26141,https://image.tmdb.org/t/p/w300/syewFnehGbbya5BdxoHLzrcm5Ne.jpg
446,10997,https://image.tmdb.org/t/p/w300/f54hNIiHNINw3JiUJB2XaQl5wCN.jpg
448,10443,https://image.tmdb.org/t/p/w300/sFhzvwgv04VUmedB7pOO4cMP9xq.jpg
449,20239,https://image.tmdb.org/t/p/w300/jiJp7B74GBKJK8yCqLjMaFu24nJ.jpg
450,16297,https://image.tmdb.org/t/p/w300/eWJ2Y7CRvlv1KVfAJGRcH95i1pY.jpg
451,18551,https://image.tmdb.org/t/p/w300/gNaZSODlVRiQltGWjS8vQZEYJTq.jpg
452,25440,https://image.tmdb.org/t/p/w300/xXyVUwvJesJJChzpvn7xj5cAOfm.jpg
453,9024,https://image.tmdb.org/t/p/w300/6qjr1LWkoJQJ1HXwYJj0edPk9EW.jpg
454,37233,https://image.tmdb.org/t/p/w300/kFexXCzidkm4LwlgZqxsJsDQB5v.jpg
455,1634,https://image.tmdb.org/t/p/w300/9iBgd9gi9ztWiVcYSG6zl8wDFBN.jpg
456,13815,https://image.tmdb.org/t/p/w300/uXRIIUzjDZZdWR2cUzPJ9eAqaHv.jpg
457,5503,https://image.tmdb.org/t/p/w300/b3rEtLKyOnF89mcK75GXDXdmOEf.jpg
458,35588,https://image.tmdb.org/t/p/w300/9FNuwnhHngkblD6eVRXnmJN8kQq.jpg
459,2087,https://image.tmdb.org/t/p/w300/ftbdJTJi6mR5iZV5ESJWv8f8pWN.jpg
460,41579,https://image.tmdb.org/t/p/w300/txsmdQqbgSz5Zu3rgd9fglMqKA4.jpg
461,18620,https://image.tmdb.org/t/p/w300/4hczdEX2RmQTOmiIKygoOYCy0bI.jpg
464,2019,https://image.tmdb.org/t/p/w300/mXCM7pmUFUGp7QzSmare3RITe6n.jpg
466,9255,https://image.tmdb.org/t/p/w300/zh9EGK970GHo10ETclWBOjZVUOK.jpg
467,26271,https://image.tmdb.org/t/p/w300/vg9piYFtCTHep2V5EmLjwsYMzn2.jpg
468,10612,https://image.tmdb.org/t/p/w300/s96XNz6eBsYDK3A9nVyEuHdv7BG.jpg
469,2259,https://image.tmdb.org/t/p/w300/pS5xqILNBxcjRqLZROIkO4wszrU.jpg
470,16097,https://image.tmdb.org/t/p/w300/jLUgvHO3vVLkzKs3OcYksGPbLnA.jpg
471,11934,https://image.tmdb.org/t/p/w300/bp5Kg9iT9oSXsECgDkNJVqvIrxX.jpg
472,106143,https://image.tmdb.org/t/p/w300/oroT4oMzldeKglEAnMT94o3KN66.jpg
473,12475,https://image.tmdb.org/t/p/w300/cNIIDaJM9nsDP9tTmAN6sjKpeiN.jpg
474,9386,https://image.tmdb.org/t/p/w300/3NvOFpmyECI3DNExYMtFIRcGMsu.jpg
475,7984,https://image.tmdb.org/t/p/w300/3NcIkKxaO2SmRVsG1v50XhtmL0f.jpg
476,59930,https://image.tmdb.org/t/p/w300/b5qUq9l6ci9KzzAqYhpdxzjY7qi.jpg
477,15765,https://image.tmdb.org/t/p/w300/btC4819GhihmkCELqO3qgepNGos.jpg
478,31643,https://image.tmdb.org/t/p/w300/o066KgKkw32T4ShvgYO7qHDzZt0.jpg
479,6,https://image.tmdb.org/t/p/w300/3rvvpS9YPM5HB2f4HYiNiJVtdam.jpg
480,329,https://image.tmdb.org/t/p/w300/fjTU1Bgh3KJu4aatZil3sofR2zC.jpg
481,10909,https://image.tmdb.org/t/p/w300/aXyA3UvVaXBoX2zq9zH7NcK5rKT.jpg
482,507,https://image.tmdb.org/t/p/w300/k3UEKMVnkljOlsO5sLmz87YGlaG.jpg
484,29918,https://image.tmdb.org/t/p/w300/5Tz2rzFivQKmMBz5T8Cj7M7CdnI.jpg
485,9593,https://image.tmdb.org/t/p/w300/vkhEaWAv5j3qgrOGp3BgMeiYPKj.jpg
486,42580,https://image.tmdb.org/t/p/w300/dKsvF5t5xsm17HG3GJzQQGJpJzP.jpg
487,22317,https://image.tmdb.org/t/p/w300/4YoRERjKWO2442ezcvgEjAZuxWP.jpg
488,1413,https://image.tmdb.org/t/p/w300/vfutnJ9sgpAtNuPemksd26gd5dC.jpg
489,12121,https://image.tmdb.org/t/p/w300/1NLhOZN4AcTSvEPMI3HCjTVSfvy.jpg
490,2246,https://image.tmdb.org/t/p/w300/6kcjUrhvHrXSLDLQHvcOvJmLSqs.jpg
491,10502,https://image.tmdb.org/t/p/w300/9dmH2jc6jwlZo90JQTFOx4XaBWt.jpg
492,10440,https://image.tmdb.org/t/p/w300/zrzBIlMyAP7Ac9W5qAy5ssAUdK4.jpg
493,9516,https://image.tmdb.org/t/p/w300/nS7yqmSVeNoH22VXj69JoFCxW1h.jpg
494,2320,https://image.tmdb.org/t/p/w300/hLjXkFr9fHlWzRVwu1T31QSVHRq.jpg
495,5879,https://image.tmdb.org/t/p/w300/AiFQbgjgSXWPfbi9iIYT39iXWMW.jpg
496,83718,https://image.tmdb.org/t/p/w300/mke5aNX5cT6JIWk2ER4ng9dGNNL.jpg
497,11971,https://image.tmdb.org/t/p/w300/tvltGP6vYOkHdURag0jPSjhPUAV.jpg
499,31911,https://image.tmdb.org/t/p/w300/AtUjyMEXPR41JWZzGfHEzgmrrHq.jpg
500,788,https://image.tmdb.org/t/p/w300/shHrSmXS5140o6sQzgzXxn3KqSm.jpg
501,21450,https://image.tmdb.org/t/p/w300/xMYP4uaNeyPmX4FQ2xxWk2eIN6K.jpg
502,11231,https://image.tmdb.org/t/p/w300/wI3gCi9w1cuUJCiwhviAy46we9Q.jpg
504,10447,https://image.tmdb.org/t/p/w300/jRwMdEb5bxwVARU2VmOADTflLfZ.jpg
505,31586,https://image.tmdb.org/t/p/w300/e4JEG7dstmurXMUPOW9Jy6UDR9F.jpg
506,9300,https://image.tmdb.org/t/p/w300/seRawEs8eQ8rWfkBm6QC39EQEAU.jpg
507,9559,https://image.tmdb.org/t/p/w300/kWX2CYM5TbWaZwll4ysh7OjVUmJ.jpg
508,9800,https://image.tmdb.org/t/p/w300/tFe5Yoo5zT495okA49bq1vPPkiV.jpg
509,713,https://image.tmdb.org/t/p/w300/dUxjG6baSzGIgP7R8BQI5rpMuET.jpg
510,8291,https://image.tmdb.org/t/p/w300/6jE7Vzh3edBQtbbDcF4AC5gMX2g.jpg
511,18133,https://image.tmdb.org/t/p/w300/4pdbutHc9SLEPmdLKtlVffiLByP.jpg
512,25557,https://image.tmdb.org/t/p/w300/8xJGom6fUqmVhJ7EWprZEHygUis.jpg
513,22588,https://image.tmdb.org/t/p/w300/l9pvl3AH4UsUvLn4yUP0RR4pltx.jpg
514,10872,https://image.tmdb.org/t/p/w300/ym7Kx3iDmalK8kXKvVQwnFYABEV.jpg
515,1245,https://image.tmdb.org/t/p/w300/uDGDtqSvuch324WnM7Ukdp1bCAQ.jpg
516,11858,https://image.tmdb.org/t/p/w300/iPRtaSfN8gNWFclgrcg5oD3V41i.jpg
517,7007,https://image.tmdb.org/t/p/w300/jVWEeZ383peKxwE284AdyHqq6GH.jpg
518,10467,https://image.tmdb.org/t/p/w300/zh7OVdFMpqpZ027z9RgVIwzxYjZ.jpg
519,5550,https://image.tmdb.org/t/p/w300/ppLSSwCuC5ERRWbu9H3R8SPL9AM.jpg
520,8005,https://image.tmdb.org/t/p/w300/woexOLEkUlYsPLLuZRK6LjZaF38.jpg
521,2088,https://image.tmdb.org/t/p/w300/ojXNRpHMXU99UFmF9MKKiJCymKr.jpg
522,10412,https://image.tmdb.org/t/p/w300/urE3Jzl3zuz2XUmAq2rXubYn3SD.jpg
523,47889,https://image.tmdb.org/t/p/w300/gk0vbIVYwpXxSf1wQbS2r9IsBoV.jpg
524,14534,https://image.tmdb.org/t/p/w300/fAbfTCRpjHe2rprXBly55KL1dL9.jpg
526,41878,https://image.tmdb.org/t/p/w300/wPzs0G2LV6shi0zpxdYOVZcuBDP.jpg
527,424,https://image.tmdb.org/t/p/w300/sF1U4EUQS8YHUYjNl3pMGNIQyr0.jpg
528,35233,https://image.tmdb.org/t/p/w300/a5b1k4wmZShLu1Fo19SzcOJKRlD.jpg
529,14291,https://image.tmdb.org/t/p/w300/oAJpHkMpfXiFY9F3HocIz9fhHLc.jpg
531,11236,https://image.tmdb.org/t/p/w300/zf6h5dJ7wVG7LqMO9dhHGHVejzj.jpg
532,11592,https://image.tmdb.org/t/p/w300/vAZkFho9YdIXPmMdHMwr10Go2FF.jpg
533,8850,https://image.tmdb.org/t/p/w300/xAbFJH3vQYZvUyzzGAtG4OLy492.jpg
534,10445,https://image.tmdb.org/t/p/w300/5jTWY1M2O4Zhid4rLOpftzazRGn.jpg
535,695,https://image.tmdb.org/t/p/w300/mbNTvbtWfV4soyErimDTdX67OAr.jpg
536,43535,https://image.tmdb.org/t/p/w300/2Jorj80Y4EVEAPDRVVdDXKSVUTw.jpg
537,12519,https://image.tmdb.org/t/p/w300/bOUDHgOlxANs1KsYZEsLSjZBTkd.jpg
538,23210,https://image.tmdb.org/t/p/w300/bROsFCnsHr0e09M7VA0aCcNF432.jpg
539,858,https://image.tmdb.org/t/p/w300/jAXfku1u1uaLGh4cUmK0ESf1pPu.jpg
540,867,https://image.tmdb.org/t/p/w300/g7PC2e2KqDkIfOoJx9iXJJez99d.jpg
541,78,https://image.tmdb.org/t/p/w300/63N9uy8nd9j7Eog2axPQ8lbr3Wj.jpg
542,13203,https://image.tmdb.org/t/p/w300/gj4afHL9bMQ18opZzMp77tlPkAq.jpg
543,10442,https://image.tmdb.org/t/p/w300/zQlpQDKDADKlgqfMs1E191ofDJU.jpg
544,11074,https://image.tmdb.org/t/p/w300/1bLazrQWJQhO6u58vJZXJZ3ZFDh.jpg
546,9607,https://image.tmdb.org/t/p/w300/yt5bbMfKpg1nRr4k5edxs7tPK2m.jpg
547,17585,https://image.tmdb.org/t/p/w300/wRtpJFGney5gqHmMb3JjT5WN3FH.jpg
548,9057,https://image.tmdb.org/t/p/w300/r6H0J7uu9n6D6p5HoJz7jMD90eI.jpg
549,20967,https://image.tmdb.org/t/p/w300/3GTmkUpCb1uL7psLYqAHyIyld51.jpg
550,10635,https://image.tmdb.org/t/p/w300/vR6qwjChOV4Z9940VA9chucNpne.jpg
551,9479,https://image.tmdb.org/t/p/w300/oQffRNjK8e19rF7xVYEN8ew0j7b.jpg
552,10057,https://image.tmdb.org/t/p/w300/mk8UH7JRmK8adcqJJpB1ygP7B1C.jpg
553,11969,https://image.tmdb.org/t/p/w300/wGFCvylul8iEQhJOKfwZGGvXMzA.jpg
555,319,https://image.tmdb.org/t/p/w300/39lXk6ud6KiJgGbbWI2PUKS7y2.jpg
556,26408,https://image.tmdb.org/t/p/w300/prfxsyG4SnlnqqulavCJ4RksFUA.jpg
558,15139,https://image.tmdb.org/t/p/w300/iIWUuCjN8VND7BDugvf45LveA6p.jpg
562,11446,https://image.tmdb.org/t/p/w300/fsMMOVto87pvUQyozOF9CaT9aMR.jpg
563,51980,https://image.tmdb.org/t/p/w300/cizv23RUxcpTrQt4kcOz7Sv6YJl.jpg
564,24405,https://image.tmdb.org/t/p/w300/mEG6fTyTjsA1vzTTqCXsiJzjdQ5.jpg
567,8223,https://image.tmdb.org/t/p/w300/jUEBKaMqcvrz0HHF8Cei8asjRWr.jpg
568,14587,https://image.tmdb.org/t/p/w300/jq27h7iCkqwBP3Dd9DQnWdgfGGV.jpg
569,31504,https://image.tmdb.org/t/p/w300/ps0GapKs4vuV38XX6VUbTZm8QS6.jpg
573,23637,https://image.tmdb.org/t/p/w300/b4wZkB4FNUi7SK46Tw9kxT5oW8M.jpg
574,17600,https://image.tmdb.org/t/p/w300/fuID31Ft8nWLcFRSQ7qZRlu49o7.jpg
575,10897,https://image.tmdb.org/t/p/w300/qI7PKX2JSw4yD2iQm3pyHvKir28.jpg
577,21352,https://image.tmdb.org/t/p/w300/uo5BozBpQfKXGLPUeUkwBGLG0XW.jpg
579,68806,https://image.tmdb.org/t/p/w300/bhUUl8DosoGRDiGuSGu5GXDdGzT.jpg
580,37345,https://image.tmdb.org/t/p/w300/a3Fw33tSGdO2eV8SULQigOITzH4.jpg
581,32562,https://image.tmdb.org/t/p/w300/x0DSh3uMeQk6EG1DHjGJUywN7C0.jpg
583,25403,https://image.tmdb.org/t/p/w300/fpuOq1YN7LHjctGFniOK8OPnwgs.jpg
585,9066,https://image.tmdb.org/t/p/w300/kbJfBJh5vEf5356Jlm6P37H48hD.jpg
586,771,https://image.tmdb.org/t/p/w300/onTSipZ8R3bliBdKfPtsDuHTdlL.jpg
587,251,https://image.tmdb.org/t/p/w300/w9RaPHov8oM5cnzeE27isnFMsvS.jpg
588,812,https://image.tmdb.org/t/p/w300/eLFfl7vS8dkeG1hKp5mwbm37V83.jpg
589,280,https://image.tmdb.org/t/p/w300/jFTVD4XoWQTcg7wdyJKa8PEds5q.jpg
590,581,https://image.tmdb.org/t/p/w300/hw0ZEHAaTqTxSXGVwUFX7uvanSA.jpg
592,268,https://image.tmdb.org/t/p/w300/cij4dd21v2Rk2YtUQbV5kW69WB2.jpg
593,274,https://image.tmdb.org/t/p/w300/uS9m8OBk1A8eM9I042bx8XXpqAq.jpg
594,408,https://image.tmdb.org/t/p/w300/3VAHfuNb6Z7UiW12iYKANSPBl8m.jpg
595,10020,https://image.tmdb.org/t/p/w300/hUJ0UvQ5tgE2Z9WpfuduVSdiCiU.jpg
596,10895,https://image.tmdb.org/t/p/w300/bnZJrLRnoQHpzEJdka1KYfsAF3N.jpg
597,114,https://image.tmdb.org/t/p/w300/hVHUfT801LQATGd26VPzhorIYza.jpg
599,576,https://image.tmdb.org/t/p/w300/8j9yEC3xjy1PJDSizIbaxcHaSph.jpg
600,15477,https://image.tmdb.org/t/p/w300/xz7rXuL1lkc6tkt1rS0N05rxtRX.jpg
602,124472,https://image.tmdb.org/t/p/w300/606IorDjRMQZYaEdPBvjM8uI6qm.jpg
605,7300,https://image.tmdb.org/t/p/w300/5NiRRR7JDNHOr21JNoGRxPWh9vb.jpg
606,10824,https://image.tmdb.org/t/p/w300/2scgM9dFaHEppWb3tS99gCAh8KX.jpg
608,275,https://image.tmdb.org/t/p/w300/rt7cpEr1uP6RTZykBFhBTcRaKvG.jpg
609,25059,https://image.tmdb.org/t/p/w300/kfYawa9SF9MQ3ae0TXAfhDLFGv7.jpg
610,11827,https://image.tmdb.org/t/p/w300/atUtWrDlLzT1yeVK2EoYtvbS963.jpg
611,8766,https://image.tmdb.org/t/p/w300/tCQsVackQil2fl5TzOYrCAI6All.jpg
612,23570,https://image.tmdb.org/t/p/w300/zwHI9B3kcj3WqZoE2LaLDi6ZeAO.jpg
613,47333,https://image.tmdb.org/t/p/w300/2vyt97wy8dEJYILoDoiPwTzLnzK.jpg
615,51242,https://image.tmdb.org/t/p/w300/24D3e6xBPEvqlFoq4tSMVqVQ3TO.jpg
616,10112,https://image.tmdb.org/t/p/w300/aOWs5XMJEABN6SKCTJBCoeD1kCA.jpg
617,4307,https://image.tmdb.org/t/p/w300/u172NHV9SvqgVDSyRayJIPK2Brl.jpg
618,46029,https://image.tmdb.org/t/p/w300/65WB70Jhi3G2c5C41PyL5pl9L9p.jpg
619,32308,https://image.tmdb.org/t/p/w300/oSNX3zyTpRMN0ExtOobt7eaJfPD.jpg
626,28121,https://image.tmdb.org/t/p/w300/wo9AGi5LlFXZUj8MDPq3eKCUMpd.jpg
627,12520,https://image.tmdb.org/t/p/w300/oIgPiiM0qD1mCo1SYG3Sd0vmKTa.jpg
628,1592,https://image.tmdb.org/t/p/w300/qJf2TzE8nRTFbFMPJNW6c8mI0KU.jpg
631,19042,https://image.tmdb.org/t/p/w300/kNmIJILOW9qF2F1Z0qOXkadaS50.jpg
632,38884,https://image.tmdb.org/t/p/w300/u5QRqW0vFYMHFzeQJ4oFgJtu5Xp.jpg
633,47449,https://image.tmdb.org/t/p/w300/ab8iYcRfEAFwzcrkYP8tJBISX1E.jpg
634,36259,https://image.tmdb.org/t/p/w300/fUUbOE91SK4GCpiyftEY5USjCh1.jpg
635,41852,https://image.tmdb.org/t/p/w300/1IHxwmguaeytGo6m0wZaS0s3fP.jpg
636,40926,https://image.tmdb.org/t/p/w300/2BsmfL2wr4sAjrsBFePewmslnXO.jpg
637,9099,https://image.tmdb.org/t/p/w300/q4zmVdQq35ZBj8uyxsU2RCPOQxo.jpg
638,2021,https://image.tmdb.org/t/p/w300/yWMj1KMfnixB35qa2IZKniHF4sn.jpg
639,61752,https://image.tmdb.org/t/p/w300/1SSYCOTrHucd9aBCyTfbLWcJ2zD.jpg
640,10988,https://image.tmdb.org/t/p/w300/zSW4A35r7Vpz0ainYJGb2QVwCh0.jpg
645,12652,https://image.tmdb.org/t/p/w300/87kKTPi9r7YIVrlo9Z42NwTXBVi.jpg
647,10684,https://image.tmdb.org/t/p/w300/vDJurMJkrx049AiXa3DJx5Zx7a4.jpg
648,954,https://image.tmdb.org/t/p/w300/l5uxY5m5OInWpcExIpKG6AR3rgL.jpg
649,68445,https://image.tmdb.org/t/p/w300/hFqI4uEViGZWPzebAm0gFs63Ewp.jpg
650,18989,https://image.tmdb.org/t/p/w300/lHVpzsvjLU7qSCB8UWFqIAavSRu.jpg
653,8840,https://image.tmdb.org/t/p/w300/1J2FvxEoEKMFT9TjUdfhm0MJhZD.jpg
656,11107,https://image.tmdb.org/t/p/w300/qIJ4PU6WifgRs8RpiN3LkNYjzlS.jpg
661,10539,https://image.tmdb.org/t/p/w300/vNEGobe23vW43mSPYVaVaBLP6qV.jpg
662,10543,https://image.tmdb.org/t/p/w300/ut8snuINzOibbKnvpTnsGWQr4Nl.jpg
663,18414,https://image.tmdb.org/t/p/w300/j7LYkIa2KC98ZqZmFIjEmtvlv87.jpg
665,11902,https://image.tmdb.org/t/p/w300/h8N6y13t4VusrDdH5PzTkwvBvgN.jpg
667,25087,https://image.tmdb.org/t/p/w300/4yHbsdHLHapmWaOcOcRShqWbr4s.jpg
668,5801,https://image.tmdb.org/t/p/w300/frZj5djlU9hFEjMcL21RJZVuG5O.jpg
670,896,https://image.tmdb.org/t/p/w300/6Tz1Q69o2n3Zwb0ZffzPL0nFt2T.jpg
671,3065,https://image.tmdb.org/t/p/w300/tlakU3uwNiUgd7aOlb2RoAsGTnY.jpg
673,2300,https://image.tmdb.org/t/p/w300/4RN5El3Pj2W4gpwgiAGLVfSJv2g.jpg
674,8069,https://image.tmdb.org/t/p/w300/facTz5BZz4AkJal1FWgjYciekih.jpg
678,27768,https://image.tmdb.org/t/p/w300/zP5jcbckIq4yWzGq6n2TkCPIGIC.jpg
679,221917,https://image.tmdb.org/t/p/w300/ArlhiYSVjDeJKSl1qfCNdQH3DMW.jpg
680,8072,https://image.tmdb.org/t/p/w300/fFJP3D5fJDFxN7ChqSye1DZ0fTL.jpg
685,33245,https://image.tmdb.org/t/p/w300/ltrjg99gc3bA3P5E6WaIbGMxWHS.jpg
688,27281,https://image.tmdb.org/t/p/w300/qIJlpbMCKg9O1C7gaiyDFaUWf9b.jpg
691,40001,https://image.tmdb.org/t/p/w300/ppHqVo9uAFZYMvRm9x0XUtnyQPR.jpg
692,29621,https://image.tmdb.org/t/p/w300/9qqdpyYVnU5zY5KsTKCIp5gpZoV.jpg
694,20762,https://image.tmdb.org/t/p/w300/7vfzvhPMNauUXrVxVOPEfpOsful.jpg
695,37144,https://image.tmdb.org/t/p/w300/nPYe83tWVSwVFRyWa6f5aaE7bbu.jpg
697,12656,https://image.tmdb.org/t/p/w300/fCJ5eUZw6mGS53spQxGUu7rzFm1.jpg
698,38867,https://image.tmdb.org/t/p/w300/j43W5XkXR7u7uVAvfniEXiQ3Bpv.jpg
700,25969,https://image.tmdb.org/t/p/w300/x1Py4TB8Y0Wx9IZ62derpSDqwjd.jpg
703,43634,https://image.tmdb.org/t/p/w300/kxpLUlvqptToQbLZJbQ7YO4MUAe.jpg
704,9103,https://image.tmdb.org/t/p/w300/xMDo0ewl6XMZei44UNGMfho6eBq.jpg
706,29649,https://image.tmdb.org/t/p/w300/rkt8cYfOV6vcqlDbut7jak9qaPh.jpg
707,10990,https://image.tmdb.org/t/p/w300/tT5rYDXloX5ZxISr8HdlRC9TBcP.jpg
708,8866,https://image.tmdb.org/t/p/w300/iECTzpGdAMrkEeoYvuYsCxdmW2G.jpg
709,12233,https://image.tmdb.org/t/p/w300/dgaSqUHjm4CLOdiiJJJstVdreEe.jpg
710,23449,https://image.tmdb.org/t/p/w300/5P3p9I2ADnTbBdIAl4ZUeUXGuIi.jpg
711,36355,https://image.tmdb.org/t/p/w300/c3KEzecZ5oE6CpSrWX6wCLrBJbf.jpg
714,922,https://image.tmdb.org/t/p/w300/jX3wGBVoYoAY3IixBpwYk1fjT4z.jpg
715,11876,https://image.tmdb.org/t/p/w300/tsmwnxi8hGXQTNVqBRCAVsfeGON.jpg
718,11687,https://image.tmdb.org/t/p/w300/hPCq0buG5PaXgKjzT2ktjrjlpbj.jpg
719,9304,https://image.tmdb.org/t/p/w300/rlG2vi85uSEwWigVTtqDecVFTxR.jpg
720,503475,https://image.tmdb.org/t/p/w300/tWkYclnnChwoMMBFECsEjd5hb77.jpg
722,73183,https://image.tmdb.org/t/p/w300/gWbwYJIRisTiur9aqMQKSHkiGTB.jpg
724,9100,https://image.tmdb.org/t/p/w300/8bW2RdRkloYtEPhbQZN4wcdmJP4.jpg
725,20759,https://image.tmdb.org/t/p/w300/yEPiu0mC4NqMHOoFLsC6CxQW34d.jpg
726,46063,https://image.tmdb.org/t/p/w300/hsMe9TYfPs1VfpZs9xVLZBVGcES.jpg
728,32513,https://image.tmdb.org/t/p/w300/fkPm7MQhn3YqcRDM9qFDKNHiw7D.jpg
731,36915,https://image.tmdb.org/t/p/w300/yUWVNHA3dVc1CmxNIcXZWqbqWc8.jpg
733,9802,https://image.tmdb.org/t/p/w300/eBcoxveWzzXQrCrwWMGAROcqgpP.jpg
735,21588,https://image.tmdb.org/t/p/w300/cI5AV3jCuxmoQp0N7Z16SI2b7Xk.jpg
736,664,https://image.tmdb.org/t/p/w300/d4ie3f6QTvNw40V770Uzo87SDZn.jpg
737,11867,https://image.tmdb.org/t/p/w300/eACq1joafhQTD12gGXNS13J06B.jpg
741,9323,https://image.tmdb.org/t/p/w300/9gC88zYUBARRSThcG93MvW14sqx.jpg
742,10280,https://image.tmdb.org/t/p/w300/nXqHqsQXA0jJpCaUsyre1Yw18oV.jpg
743,10535,https://image.tmdb.org/t/p/w300/yoegp9XEG4YCbJJKR0wvm0BGYpG.jpg
745,532,https://image.tmdb.org/t/p/w300/qdIR27trLyrlJ5nmkbcG3Bomah6.jpg
747,16299,https://image.tmdb.org/t/p/w300/uR0EPkE66y2DU21NOZAu6xtfpQL.jpg
748,10547,https://image.tmdb.org/t/p/w300/jgPMhzBAZSTMe5sRkNThiuR7dO0.jpg
750,935,https://image.tmdb.org/t/p/w300/6x7MzQ6BOMlRzam1StcmPO9v61g.jpg
757,40751,https://image.tmdb.org/t/p/w300/ciyEwAbvoMHPP3281cgSnfslu43.jpg
759,85778,https://image.tmdb.org/t/p/w300/fqYvHdWNV84yF7zPV3ENHOZ2Jow.jpg
760,11101,https://image.tmdb.org/t/p/w300/hEHmXFMOBJv5c6Gd5m6mDiLAxsy.jpg
761,9826,https://image.tmdb.org/t/p/w300/8k8RSMkmGR9Lp6FbKtithM3KIQb.jpg
762,9879,https://image.tmdb.org/t/p/w300/4zMy6R7acotCmGoDk4sjzRtDwKn.jpg
764,22621,https://image.tmdb.org/t/p/w300/xo2KsY7hOHDqpgYlDStL56zmgaq.jpg
765,7095,https://image.tmdb.org/t/p/w300/9ZklgGqTljzg9VxzumbVOC1UKAs.jpg
766,26890,https://image.tmdb.org/t/p/w300/8BLETXcQDxooKo8NubmmJ1psIhb.jpg
773,77771,https://image.tmdb.org/t/p/w300/kcBYKHyg9GcQqa6DWq0AuQDhtPI.jpg
775,41225,https://image.tmdb.org/t/p/w300/9HmCwfPG7URPSXSrmEAFN65VoWE.jpg
778,627,https://image.tmdb.org/t/p/w300/1jUC02qsqS2NxBMFarbIhcQtazV.jpg
779,32872,https://image.tmdb.org/t/p/w300/ndbW89bKquf5gMXgncY2fCkrIa.jpg
780,602,https://image.tmdb.org/t/p/w300/p0BPQGSPoSa8Ml0DAf2mB2kCU0R.jpg
781,14553,https://image.tmdb.org/t/p/w300/5ugxnyVmBK952bwOcE4M0szNimx.jpg
782,9566,https://image.tmdb.org/t/p/w300/lu7CjP8YES5dJMCFg5O9o9jCkjl.jpg
783,10545,https://image.tmdb.org/t/p/w300/hImMgT9B27evYSRmfztqdDtX6qi.jpg
784,9894,https://image.tmdb.org/t/p/w300/YJt9l3RdrRohI95btQKPXwpdii.jpg
785,11543,https://image.tmdb.org/t/p/w300/lVpejjxzBujSjLpxQ7hGe1s0wP2.jpg
786,9268,https://image.tmdb.org/t/p/w300/uu2gBpFElDfxTI6BI9bT4pZ4kvw.jpg
788,9327,https://image.tmdb.org/t/p/w300/fMtb5aZoLRNbMnCkatFsTmPRfl5.jpg
790,81949,https://image.tmdb.org/t/p/w300/aQeuQzrl1bU4lSz7qklkJEnZTAx.jpg
795,44535,https://image.tmdb.org/t/p/w300/9ShSfdYCbDoPtgZpZ1MbkrexuIQ.jpg
798,11228,https://image.tmdb.org/t/p/w300/bRWNxtm3q0QvIIM52uQqRIEvpl2.jpg
799,10779,https://image.tmdb.org/t/p/w300/zcJbCMwFLJdn5OLjhYwMVaSB32R.jpg
800,26748,https://image.tmdb.org/t/p/w300/lBxY8znsRoqa9Dy2NCe8I6GPsRm.jpg
801,38223,https://image.tmdb.org/t/p/w300/spTUUMgIVm4gOdWL35IoYWEuZQl.jpg
802,9294,https://image.tmdb.org/t/p/w300/5eK1HNf0Kl2vDPOeqf1kX4SKxrw.jpg
803,49963,https://image.tmdb.org/t/p/w300/m8JMJQUfGwGt7gse8aoduAcTYE.jpg
804,11363,https://image.tmdb.org/t/p/w300/wNd6qM8Qa8tLFOiUOiEivh0qBkH.jpg
805,1645,https://image.tmdb.org/t/p/w300/w8UCke112E9jrhjKcwG32kyhTx5.jpg
806,31546,https://image.tmdb.org/t/p/w300/tkIMquxwzMzZUrnAv43e3w0eX0F.jpg
808,36344,https://image.tmdb.org/t/p/w300/8TtnhRd4ls1xWzz3h9F5AyJuxil.jpg
809,18550,https://image.tmdb.org/t/p/w300/5oGdTgWXCOKerrfdBxJrOlFyifL.jpg
810,11511,https://image.tmdb.org/t/p/w300/k6kXq27UVxf7zGCWSvygYYIp9eP.jpg
813,34170,https://image.tmdb.org/t/p/w300/jdpEVxE5IUQv1qEBxWcQM49qDF9.jpg
818,12606,https://image.tmdb.org/t/p/w300/7xqOkzAQvXCLkDtmlWU6HZnOhru.jpg
823,4837,https://image.tmdb.org/t/p/w300/rMVluFrpfeCtcCUtDkjklbBirry.jpg
824,12632,https://image.tmdb.org/t/p/w300/7gA2f8X9bim0905iC5NMXCJh7OS.jpg
828,18975,https://image.tmdb.org/t/p/w300/phkWgoGsdusq7a41Gug0RTGB5Ph.jpg
829,11962,https://image.tmdb.org/t/p/w300/a06jrMRurcq7sYdhFK2LNs8bRt8.jpg
830,2925,https://image.tmdb.org/t/p/w300/2ApifgYnfdJUSmCKzTBrWOYYWsn.jpg
832,3595,https://image.tmdb.org/t/p/w300/4nmOA5ZOY2VlHzwSlKY03sF2JUz.jpg
833,9308,https://image.tmdb.org/t/p/w300/rVaKt2stFzTfae2VEuTz3hlF3yC.jpg
835,18555,https://image.tmdb.org/t/p/w300/ywrSScJT43HerqWPlMu8nigLFzg.jpg
836,12123,https://image.tmdb.org/t/p/w300/4ahjVHwXXsq5zK57ds8FwWY73MS.jpg
837,10830,https://image.tmdb.org/t/p/w300/wYoDpWInsBEVSmWStnRH06ddoyk.jpg
838,3573,https://image.tmdb.org/t/p/w300/fM5goQ6c3uq3hzNJj3ZAFfTFkX9.jpg
839,10546,https://image.tmdb.org/t/p/w300/ppOoLiO2JY0BJQdixs08xrQuAA6.jpg
840,18862,https://image.tmdb.org/t/p/w300/mpQg8IgbmrMY0skgpTXBA9EhiWy.jpg
841,31417,https://image.tmdb.org/t/p/w300/8y7Z9Gvcq52uOlJlUWyn2epGGRd.jpg
842,9431,https://image.tmdb.org/t/p/w300/aKkUQ0Zd9TFlqfcMMHFKQBB15wZ.jpg
848,47907,https://image.tmdb.org/t/p/w300/8msETDMD6sxIkN3YtIFbCy23CBP.jpg
849,10061,https://image.tmdb.org/t/p/w300/cH8M5CeERGVlbje9hmVjyL9P4aI.jpg
851,549,https://image.tmdb.org/t/p/w300/gFfVhN8BbgHhMb3ZNQRAH5xc7kq.jpg
852,10478,https://image.tmdb.org/t/p/w300/rB7OvMmjcBFoogleORaUqrRgp8g.jpg
858,238,https://image.tmdb.org/t/p/w300/3bhkrj58Vtu7enYsRolD1fZdja1.jpg
861,11134,https://image.tmdb.org/t/p/w300/mUJOyCd4g0pNsU8thYI7UGrIpkl.jpg
866,9303,https://image.tmdb.org/t/p/w300/9qAy6UWVw44dGrsyKrdEMt5qIUM.jpg
867,23945,https://image.tmdb.org/t/p/w300/rYoZR4EtrfziT5WXhZzcNbH5GuE.jpg
869,22479,https://image.tmdb.org/t/p/w300/deD8SAbQYGvzcpRr50HUb9uj8xJ.jpg
870,9054,https://image.tmdb.org/t/p/w300/lGRHE7s2iGgJ0JNO9gxm8BJKelt.jpg
875,410921,https://image.tmdb.org/t/p/w300/obRFIwQWBieexkUQtZBNROeZTcR.jpg
876,38955,https://image.tmdb.org/t/p/w300/wYGXe2BRIyNX2z7Y6UdQoiw8yfk.jpg
879,11015,https://image.tmdb.org/t/p/w300/fAG4nKPUWEIwGBpP38H64GGV8kl.jpg
880,9306,https://image.tmdb.org/t/p/w300/hOJeQXve8W9rNRhdgC1WV3GQJyA.jpg
881,12559,https://image.tmdb.org/t/p/w300/t7yTkuXQpnougXmRIqgfT32axZi.jpg
882,58770,https://image.tmdb.org/t/p/w300/9LZLXVwhhmkdye4JXoLP06fm5G2.jpg
885,3587,https://image.tmdb.org/t/p/w300/unp3wg7uzIV3HikMexGQJpO0OHc.jpg
886,10723,https://image.tmdb.org/t/p/w300/iI7G9YXxodrqkQPKis1y3EKP8wJ.jpg
888,19004,https://image.tmdb.org/t/p/w300/abcJUBDHi6hxibSgm2bxYK1wAZK.jpg
889,101230,https://image.tmdb.org/t/p/w300/lSf3TgDjG7gPoAp3lfpOE6mVPjl.jpg
891,10987,https://image.tmdb.org/t/p/w300/noCnM8nEI2bEDSdKHh0RKbwBwbC.jpg
892,44705,https://image.tmdb.org/t/p/w300/uMvHIh50LqWJxUK26eYWV10epdq.jpg
893,20318,https://image.tmdb.org/t/p/w300/cJtOHLb96rcLjgLS4FM9fqEKcd6.jpg
896,26933,https://image.tmdb.org/t/p/w300/yTBEcAsD8OoIs8thYXl7FZuUXN3.jpg
897,27854,https://image.tmdb.org/t/p/w300/uoNTHrpeOgIuWsC5Eucx5Sp483D.jpg
898,981,https://image.tmdb.org/t/p/w300/dKUubjvxO78XDts6VP1Ggcp4R9O.jpg
899,872,https://image.tmdb.org/t/p/w300/w03EiJVHP8Un77boQeE7hg9DVdU.jpg
900,2769,https://image.tmdb.org/t/p/w300/lyDXkvG53ldz6Cf7dbjJl7TaoP5.jpg
901,13320,https://image.tmdb.org/t/p/w300/tzTjalpIz6NyFrWPPlOBFoBjb7z.jpg
902,164,https://image.tmdb.org/t/p/w300/79xm4gXw4l7A5D0XukUOJRocFYQ.jpg
903,426,https://image.tmdb.org/t/p/w300/15uOEfqBNTVtDUT7hGBVCka0rZz.jpg
904,567,https://image.tmdb.org/t/p/w300/ILVF0eJxHMddjxeQhswFtpMtqx.jpg
905,3078,https://image.tmdb.org/t/p/w300/2PNUGWAflH6UUumas0POMmokHlc.jpg
906,13528,https://image.tmdb.org/t/p/w300/gXKszCl5Q1KrgWRWpPcqn94CP58.jpg
907,28288,https://image.tmdb.org/t/p/w300/xD6oUOAa0Q6PppaOnY6dy6sWPLG.jpg
908,213,https://image.tmdb.org/t/p/w300/kNOFPQrel9YFCVzI0DF8FnCEpCw.jpg
909,284,https://image.tmdb.org/t/p/w300/hhSRt1KKfRT0yEhEtRW3qp31JFU.jpg
910,239,https://image.tmdb.org/t/p/w300/hVIKyTK13AvOGv7ICmJjK44DTzp.jpg
911,4808,https://image.tmdb.org/t/p/w300/qqaPjC5FQidtKY65jbAKZPiOTaS.jpg
912,289,https://image.tmdb.org/t/p/w300/lGCEKlJo2CnWydQj7aamY7s1S7Q.jpg
913,963,https://image.tmdb.org/t/p/w300/bf4o6Uzw5wqLjdKwRuiDrN1xyvl.jpg
914,11113,https://image.tmdb.org/t/p/w300/bTXVc29lGSNclf94VIZ49W4gGKl.jpg
915,6620,https://image.tmdb.org/t/p/w300/e1Po9NDrH7IJZhv89467gJH5FS0.jpg
916,804,https://image.tmdb.org/t/p/w300/8lI9dmz1RH20FAqltkGelY1v4BE.jpg
917,26531,https://image.tmdb.org/t/p/w300/cnMSURyv7R6gjmUm5SYdTxXLzIO.jpg
918,909,https://image.tmdb.org/t/p/w300/ekVeUvG81pidsv2LMtWf5yYcNbq.jpg
919,630,https://image.tmdb.org/t/p/w300/uCC3j4pV9eOZwzDUWp2ilbcTf1f.jpg
920,770,https://image.tmdb.org/t/p/w300/lNz2Ow0wGCAvzckW7EOjE03KcYv.jpg
921,31044,https://image.tmdb.org/t/p/w300/xksAhZJx1WmHM03OaePNe9IiEBt.jpg
922,599,https://image.tmdb.org/t/p/w300/zt8aQ6ksqK6p1AopC5zVTDS9pKT.jpg
923,15,https://image.tmdb.org/t/p/w300/sav0jxhqiH0bPr2vZFU0Kjt2nZL.jpg
924,62,https://image.tmdb.org/t/p/w300/ve72VxNqjGM69Uky4WTo2bK6rfq.jpg
926,705,https://image.tmdb.org/t/p/w300/blBzZaatPWVuWpXEnPscMA4Xp6m.jpg
927,22490,https://image.tmdb.org/t/p/w300/wMTbDI60uvt7ecLZ301XEE8mAOo.jpg
928,223,https://image.tmdb.org/t/p/w300/1qz3qUOHnVy7dL7M7G8jSErxE4b.jpg
929,25670,https://image.tmdb.org/t/p/w300/n0WX6eIdIliKB66MI2MWZ3wHsoJ.jpg
930,303,https://image.tmdb.org/t/p/w300/4RERYb1NIQrJHYY5e8nUlYM7t2z.jpg
931,4174,https://image.tmdb.org/t/p/w300/dPAox7jGScLBvxKLeRptJIBF7v.jpg
932,8356,https://image.tmdb.org/t/p/w300/jwbWglYHbjqUu8M9DjTYzTOFklt.jpg
933,381,https://image.tmdb.org/t/p/w300/cbMRkBGBgo3aLJK2M4MyicvkPLQ.jpg
934,20758,https://image.tmdb.org/t/p/w300/sygyqqXq41SBZiYjY8nuQRAcuUv.jpg
935,29376,https://image.tmdb.org/t/p/w300/uxWFMdbgQ5TSZvUMVkHDeDCaGH8.jpg
936,1859,https://image.tmdb.org/t/p/w300/v4MkgNqZyodYwBDNbZ64MF9tVEL.jpg
937,18299,https://image.tmdb.org/t/p/w300/jCHVviBhRQ7OkJFQfziO2N2ZJmh.jpg
938,17281,https://image.tmdb.org/t/p/w300/3GSuecnDr4N5ZaqTrwElSzt6eC2.jpg
940,10907,https://image.tmdb.org/t/p/w300/4mazyXEMkmLw5h6076yyNSm9uv0.jpg
941,32093,https://image.tmdb.org/t/p/w300/bJDonmAPnDV8jDv9jLlsejAdAoL.jpg
942,1939,https://image.tmdb.org/t/p/w300/utpUn9TdBIx6x2QX91YhYzFZxg1.jpg
943,22292,https://image.tmdb.org/t/p/w300/idoD3cwfwj86BPvVoWVgWhnT2xq.jpg
944,3598,https://image.tmdb.org/t/p/w300/jCY8uJ80xlO2ApfrsB8s2gzyiBX.jpg
945,3080,https://image.tmdb.org/t/p/w300/qoPBiN6PBs2NsP7BNOJGCnmwruG.jpg
946,198,https://image.tmdb.org/t/p/w300/dDQRpEoyjHT4fzw9cNklIvZuXYg.jpg
947,13562,https://image.tmdb.org/t/p/w300/wtfOW7fIxBZWY78rvUoPpWhMSiR.jpg
948,1712,https://image.tmdb.org/t/p/w300/h5RRYPVVuHzd7QOJyP5Dsi8J9XZ.jpg
949,220,https://image.tmdb.org/t/p/w300/xv1MZVIop0SQqwLUymgE5eb2LFl.jpg
950,3529,https://image.tmdb.org/t/p/w300/6cL89ok9t8xEKboOjOVga2W66jj.jpg
951,3085,https://image.tmdb.org/t/p/w300/lu86Y9zTPH3neCiUzLzHCEFHf7f.jpg
952,2897,https://image.tmdb.org/t/p/w300/kk6Rrwh0toMz9tjuUHdS4O3v2Rk.jpg
953,1585,https://image.tmdb.org/t/p/w300/bSqt9rhDZx1Q7UZ86dBPKdNomp2.jpg
954,3083,https://image.tmdb.org/t/p/w300/nDjg1fbNyq15excNDl3acd2IqAk.jpg
955,900,https://image.tmdb.org/t/p/w300/vTNNOtemaYmtx3k2NpsLMRJKEwZ.jpg
956,43795,https://image.tmdb.org/t/p/w300/7MC1fE5FSEIP9xf0N2VD68zRKv2.jpg
959,43905,https://image.tmdb.org/t/p/w300/cpGAPsHnCpifmLKeiLnwNgT157y.jpg
961,23114,https://image.tmdb.org/t/p/w300/tH2RxIEugTQ5SwfiOfLhPcnopP8.jpg
963,40206,https://image.tmdb.org/t/p/w300/pEseNGrq1lSdomjayEflNn0xjaZ.jpg
965,260,https://image.tmdb.org/t/p/w300/oC81jK6aAug4MA0xzYVngHmjsZS.jpg
968,10331,https://image.tmdb.org/t/p/w300/rb2NWyb008u1EcKCOyXs2Nmj0ra.jpg
969,488,https://image.tmdb.org/t/p/w300/2Ypg0KhQfFYWILelvHGtSHHR0dk.jpg
970,22733,https://image.tmdb.org/t/p/w300/yBg55pY6WYPqzZuQ1rJ4Cjj5nOG.jpg
971,261,https://image.tmdb.org/t/p/w300/5djZZECgqDGuSI1INmrdAcGRBb0.jpg
973,32574,https://image.tmdb.org/t/p/w300/dnBZbFE2OGlTGNGBVTn6t83tJtd.jpg
976,22649,https://image.tmdb.org/t/p/w300/eNmPByGZJqlp60nCZRhsAlVAb3F.jpg
979,125587,https://image.tmdb.org/t/p/w300/yEv3mKU7TMQJDUnPoIDsO0QTts2.jpg
981,52855,https://image.tmdb.org/t/p/w300/3oFap1KH6zTTP1w0iQ6uQZrzKU4.jpg
982,39940,https://image.tmdb.org/t/p/w300/aKCSA9JUp9JkztAjzODPTrtZmzC.jpg
984,85328,https://image.tmdb.org/t/p/w300/i94UXzKj8OF1hUyXlT4BHvfgJZI.jpg
986,11076,https://image.tmdb.org/t/p/w300/obcQJkZB2OsRxd5GWIcQ5Qjv4YW.jpg
987,63945,https://image.tmdb.org/t/p/w300/zGdGINvf9oSysprbWnu85dIM7rc.jpg
988,58985,https://image.tmdb.org/t/p/w300/fkgVjmbN9VdBxguNi6tz6lb3sDu.jpg
990,10861,https://image.tmdb.org/t/p/w300/18HVWwyLihWJPzGpSVl3omRRMyL.jpg
991,1770,https://image.tmdb.org/t/p/w300/brIBbU6t9glEGAKRTJ4PMj9OiDC.jpg
993,2033,https://image.tmdb.org/t/p/w300/45cU6BNyRGKhDQZKzVSll4eTgwh.jpg
994,18203,https://image.tmdb.org/t/p/w300/8AJGSDyrj3Dz2B57n1ZB4qNPbmJ.jpg
996,9333,https://image.tmdb.org/t/p/w300/2cWqlkXaKKdl32Waep4FwCQnyH0.jpg
998,9400,https://image.tmdb.org/t/p/w300/wpiARyUqTfabzakAXHMIUY6Tl1A.jpg
999,9401,https://image.tmdb.org/t/p/w300/dKmOINYPpg2W8SMRicnFdusqk1x.jpg
1003,11306,https://image.tmdb.org/t/p/w300/uowP2Nw2mLpQni1vtbUb1LUSiP0.jpg
1004,9625,https://image.tmdb.org/t/p/w300/fMXc2nf3iZFsVbNNmJ5MCtjcwlk.jpg
1005,10680,https://image.tmdb.org/t/p/w300/wltMr1loUKSCaEV4EDgh21eCRI3.jpg
1006,6346,https://image.tmdb.org/t/p/w300/dHwB9Fn2uBEkxkMZZxWpxMGrhL3.jpg
1007,18660,https://image.tmdb.org/t/p/w300/cSbRtW2rSpz6AxS4BwtunpFHma.jpg
1008,35115,https://image.tmdb.org/t/p/w300/7IFRrsQdaaUJaemg2z35fshzswd.jpg
1009,14821,https://image.tmdb.org/t/p/w300/cXicoCiCfO6FDfv6ozwcfQCnhVW.jpg
1010,14136,https://image.tmdb.org/t/p/w300/9Lc1efdYZUZia2zsRWcUkiD1KdN.jpg
1011,10869,https://image.tmdb.org/t/p/w300/1k14PPykkUQfhjn3xXDrc55lfHl.jpg
1012,22660,https://image.tmdb.org/t/p/w300/Xe7AB0ffhGPSdBZ4qJ9AKJfllL.jpg
1013,19186,https://image.tmdb.org/t/p/w300/jaZFWy6ZAvQoMW2mo9xP5gx4URo.jpg
1014,31102,https://image.tmdb.org/t/p/w300/9lWkRXg35SjUZXLr10ez8DERvRv.jpg
1015,6878,https://image.tmdb.org/t/p/w300/el6dJEpK97OJRQiQhuiSGk2jkV5.jpg
1016,15944,https://image.tmdb.org/t/p/w300/x0fTvnnRIZNyTne2BrcS8I5X20e.jpg
1017,18444,https://image.tmdb.org/t/p/w300/3ZItm1RcdwNuPnCaaqEFGrbVlcO.jpg
1018,20723,https://image.tmdb.org/t/p/w300/by92HEWg2d4WrkgbUIPEA0ufsHI.jpg
1019,173,https://image.tmdb.org/t/p/w300/heAEH85fdxEgV98LizHbQCL95iZ.jpg
1020,864,https://image.tmdb.org/t/p/w300/6fXuGEb7EqGmAeUodxm7l5ELPZ.jpg
1021,24795,https://image.tmdb.org/t/p/w300/7WRt6l7tiXVPG9zLco1rwy5Ffw9.jpg
1022,11224,https://image.tmdb.org/t/p/w300/ug3ndicuPM1V07vhVFGLMsd4AZl.jpg
1023,81310,https://image.tmdb.org/t/p/w300/5kNFx8GW0zgtLDkhfNBOMMVmJTX.jpg
1024,15947,https://image.tmdb.org/t/p/w300/nMfScRxw9wVLoO7LiEjziFAKLSK.jpg
1025,9078,https://image.tmdb.org/t/p/w300/7lyeeuhGAJSNXYEW34S8mJ1bwI8.jpg
1027,8367,https://image.tmdb.org/t/p/w300/hbRnWUNJkKKVN5mkcuC5ooqjE4e.jpg
1028,433,https://image.tmdb.org/t/p/w300/o4Wsby4ydIXhWmtmfvb451D5Np1.jpg
1029,11360,https://image.tmdb.org/t/p/w300/4x9FmvdJ464Fg7A9XcbYSmxfVw3.jpg
1030,11114,https://image.tmdb.org/t/p/w300/noShGNQKAgMqNanJL5EiZlf6LCp.jpg
1031,12335,https://image.tmdb.org/t/p/w300/1BBzsThIZ06UmjZ3rChYGZhJtFQ.jpg
1032,12092,https://image.tmdb.org/t/p/w300/20cvfwfaFqNbe9Fc3VEHJuPRxmn.jpg
1033,10948,https://image.tmdb.org/t/p/w300/aC3k6XBaYnulGSkK8263ABjU3Md.jpg
1034,11229,https://image.tmdb.org/t/p/w300/m0pAARUq3foDWFsrUmlYDHtNPE9.jpg
1035,15121,https://image.tmdb.org/t/p/w300/c6CrUZypAsBCaRWX0M3RVRDbhNS.jpg
1036,562,https://image.tmdb.org/t/p/w300/7Bjd8kfmDSOzpmhySpEhkUyK2oH.jpg
1037,10163,https://image.tmdb.org/t/p/w300/1VLqWcel87oYVmN383FgSH0mCTY.jpg
1040,47199,https://image.tmdb.org/t/p/w300/tPHoV5WGQROGQmbSw4h8NGWB22c.jpg
1041,11159,https://image.tmdb.org/t/p/w300/zQBuRQ3hrLhkEsXcxteUxuxLrvs.jpg
1042,9591,https://image.tmdb.org/t/p/w300/9RmZu33qHdyZFGLfhEOmkTjdNEu.jpg
1043,30500,https://image.tmdb.org/t/p/w300/7HGWS6WlsPzBsB7NG5JM4P8NrIv.jpg
1046,10938,https://image.tmdb.org/t/p/w300/34fPI0phWQ189lc5O7aNf12jWPm.jpg
1047,11412,https://image.tmdb.org/t/p/w300/yREdXX5lMFUKhTvb0ofI7mzUHlR.jpg
1049,10586,https://image.tmdb.org/t/p/w300/3KEPs6RKlin9pT9fqjtW7MSLC8H.jpg
1050,42314,https://image.tmdb.org/t/p/w300/2iEgEoMP1S2YWKkYkwm8cgg2bBN.jpg
1051,27845,https://image.tmdb.org/t/p/w300/2DtoVhI9RkArGbzkvctGxY578QN.jpg
1053,23223,https://image.tmdb.org/t/p/w300/keQ3yXWkPN1tmKt45bFBtGVokSG.jpg
1054,49471,https://image.tmdb.org/t/p/w300/7p8FvHMSr11LQw9Xv6dPJdrBeU2.jpg
1055,38153,https://image.tmdb.org/t/p/w300/m8dgxxCrpLhKjkjH2DPxkz0inoJ.jpg
1056,25147,https://image.tmdb.org/t/p/w300/pK7hcjrvgRisQC7i1XwiA1B97sJ.jpg
1057,9716,https://image.tmdb.org/t/p/w300/cFOZ4bNbWtnIIboc43M86yhwPBX.jpg
1059,454,https://image.tmdb.org/t/p/w300/eLf4jclPijOqfEp6bDAmezRFxk5.jpg
1060,10218,https://image.tmdb.org/t/p/w300/rRjWk68kU3a2so4lgr3TKB7Y5vA.jpg
1061,819,https://image.tmdb.org/t/p/w300/yUpiEk2EojS9ZEXb3nIQonQCYYF.jpg
1064,11238,https://image.tmdb.org/t/p/w300/kTH7qEyvdDYMoQraQZm3LFKCge3.jpg
1066,31530,https://image.tmdb.org/t/p/w300/6anwn2NxTw7NwVEEU4qhVwN3Exi.jpg
1068,28120,https://image.tmdb.org/t/p/w300/s3EFBiCsc4Ckc1tntoHAEnhZtSO.jpg
1073,252,https://image.tmdb.org/t/p/w300/vmpsZkrs4Uvkp9r1atL8B3frA63.jpg
1076,16372,https://image.tmdb.org/t/p/w300/idqvLBmlEHUITMnQ0EJ6Yb5TpVw.jpg
1077,11561,https://image.tmdb.org/t/p/w300/YTYSziZZP5aXt5CDvdEMwKDzme.jpg
1078,11302,https://image.tmdb.org/t/p/w300/gK11RUXspxqty0Wq6KoV8J0crKO.jpg
1079,623,https://image.tmdb.org/t/p/w300/hkSGFNVfEEUXFCxRZDITFHVhUlu.jpg
1080,583,https://image.tmdb.org/t/p/w300/lSSA64WF0M0BXnjwr2quMh6shCl.jpg
1081,12614,https://image.tmdb.org/t/p/w300/mCjXcPRM3Rc7gOCGeVrBdPvF2bk.jpg
1082,21711,https://image.tmdb.org/t/p/w300/6zcDSOe1akUXsc2Q1APfchKcVaI.jpg
1083,11575,https://image.tmdb.org/t/p/w300/9rL8GWuFdO3fLXcNV9rZRHskoOn.jpg
1084,475,https://image.tmdb.org/t/p/w300/sCSQFK9kMsprT4jgWqgw82dT6WI.jpg
1085,11331,https://image.tmdb.org/t/p/w300/6Q34dJL6m1vdzAr0jDDKDmNL52e.jpg
1086,521,https://image.tmdb.org/t/p/w300/2gDCAgl2iBQNuJuk6p2xtuS1ewg.jpg
1088,88,https://image.tmdb.org/t/p/w300/9Jw6jys7q9gjzVX5zm1z0gC8gY9.jpg
1089,500,https://image.tmdb.org/t/p/w300/xi8Iu6qyTfyZVDVy60raIOYJJmk.jpg
1090,792,https://image.tmdb.org/t/p/w300/m3mmFkPQKvPZq5exmh0bDuXlD9T.jpg
1091,8491,https://image.tmdb.org/t/p/w300/4RtjBkBSqHG46uieHgTtM7oKlpo.jpg
1092,402,https://image.tmdb.org/t/p/w300/76Ts0yoHk8kVQj9MMnoMixhRWoh.jpg
1093,10537,https://image.tmdb.org/t/p/w300/x1LM3dzGuG6xOz0aT2e71o11vhu.jpg
1094,11386,https://image.tmdb.org/t/p/w300/9BXGoat9TYgdDqGk2WJmaX9dVoe.jpg
1095,9504,https://image.tmdb.org/t/p/w300/zcaEDx8KlVfh4vKfMNLhiSi5Oz4.jpg
1096,15764,https://image.tmdb.org/t/p/w300/rZDPbPTFwuKgr5b9jixGFNYkGYt.jpg
1097,601,https://image.tmdb.org/t/p/w300/an0nD6uq6byfxXCfk6lQBzdL2J1.jpg
1099,25842,https://image.tmdb.org/t/p/w300/cvr7x3CjBMsHv2GptR0tcFddMSa.jpg
1100,2119,https://image.tmdb.org/t/p/w300/8UvcoeMJag8UWGF8sg7eYspzq0Q.jpg
1101,744,https://image.tmdb.org/t/p/w300/xUuHj3CgmZQ9P2cMaqQs4J0d4Zc.jpg
1103,221,https://image.tmdb.org/t/p/w300/yHStsC8rRRfIjqRN38BQsLh6S7k.jpg
1104,702,https://image.tmdb.org/t/p/w300/aicdlO5vt7z2ARm279eGzJeYCLQ.jpg
1105,25750,https://image.tmdb.org/t/p/w300/tRjeV9AZgCXGTqyvlp7Ui55Yb3l.jpg
1111,9305,https://image.tmdb.org/t/p/w300/OPoiGrzNr5FWoczXH5Gs1cReec.jpg
1112,37616,https://image.tmdb.org/t/p/w300/vmlO5CbUKmqvn5BVtEprxAmNOkp.jpg
1114,21612,https://image.tmdb.org/t/p/w300/sHbJbr6BvVwRJhliiX1PKPERejO.jpg
1116,102461,https://image.tmdb.org/t/p/w300/8dFs6OW8T8Y1R56U2YdlDDBkUPj.jpg
1117,36998,https://image.tmdb.org/t/p/w300/cgpJTvFcd0NJyJRTKYaBoLMuqdW.jpg
1119,116844,https://image.tmdb.org/t/p/w300/lY5E0rjsgzlxUyMtUZRlzwHqLTA.jpg
1120,1630,https://image.tmdb.org/t/p/w300/sAgHn7ys6TiVXBDTZ0UBEjinIUk.jpg
1121,26626,https://image.tmdb.org/t/p/w300/mosH3RnC5wjcThd0DZq4ZqWkTPQ.jpg
1123,124837,https://image.tmdb.org/t/p/w300/91XMadgfU6scOPYsDW8v4VJuJF3.jpg
1124,11816,https://image.tmdb.org/t/p/w300/ic4f03J6pnf9cpQmVDABFhUpbCU.jpg
1125,11843,https://image.tmdb.org/t/p/w300/vMyjHGfCT89RpwLeN7ofmfgDru7.jpg
1126,10379,https://image.tmdb.org/t/p/w300/v2kadCRcRdq8a0aRbQg4yVk3Xmd.jpg
1127,2756,https://image.tmdb.org/t/p/w300/2dCit3XAtv9KWCJvRKdPkJ0FAkH.jpg
1128,790,https://image.tmdb.org/t/p/w300/12EeSboRofP3CI4SPmMFNNXCbtY.jpg
1129,1103,https://image.tmdb.org/t/p/w300/vH9llaphjAssRGi0k7e75tD40Ce.jpg
1130,11298,https://image.tmdb.org/t/p/w300/nRTonikdpMUYr3y3RXESLBhRUov.jpg
1131,4480,https://image.tmdb.org/t/p/w300/atjyDRdOnOi2S28X3mNtJ7CQmFj.jpg
1132,4481,https://image.tmdb.org/t/p/w300/1qpu6Zc1PSDL3UbDNIZJ6YuhJDW.jpg
1135,10765,https://image.tmdb.org/t/p/w300/maIiPNXddZXKHQCi0HyULd5kces.jpg
1136,762,https://image.tmdb.org/t/p/w300/h3rksLHevpCbHfSoaUXm85nt2CH.jpg
1137,44497,https://image.tmdb.org/t/p/w300/1LI4muqdd7iWS6I63CDB0A9y1RV.jpg
1140,99479,https://image.tmdb.org/t/p/w300/jYDSEJYcvSI0LzwIEP1JWMMAbWh.jpg
1144,124829,https://image.tmdb.org/t/p/w300/msLmn8QJLKpG8GHwbSbvX6iYmoB.jpg
1147,10548,https://image.tmdb.org/t/p/w300/yBkZK1JZOOJ3q5Jj1H9UP9T8YuV.jpg
1148,531,https://image.tmdb.org/t/p/w300/mV8SDTjkxrDxu0a0egvFz1lRPU7.jpg
1150,4483,https://image.tmdb.org/t/p/w300/wNMjsqJYUt79YYwdO43OF7mpAKV.jpg
1151,18919,https://image.tmdb.org/t/p/w300/pyCHHLEdRJPx0BD22n9Cs7B78Wp.jpg
1156,61461,https://image.tmdb.org/t/p/w300/vEkp2FoxUFpCGeioWdUS4wb7ezh.jpg
1161,659,https://image.tmdb.org/t/p/w300/z4QsBWJbbBxct2zU7LnYSOw8UFz.jpg
1162,30892,https://image.tmdb.org/t/p/w300/29EZjwr3jDFWtdj9Lpq2BtCvKga.jpg
1163,86369,https://image.tmdb.org/t/p/w300/hx9ocZaXDjXyo5VkPaSvtiTmIlL.jpg
1167,38554,https://image.tmdb.org/t/p/w300/mHc6hY6Rv7S7kS50vW2vVdHWG79.jpg
1170,36555,https://image.tmdb.org/t/p/w300/kUZ2Hbj2Gjpou5uQVzgqh2ELZiK.jpg
1171,10608,https://image.tmdb.org/t/p/w300/j4PokuSIrmbN5oCR54D8kiI0U6a.jpg
1172,11216,https://image.tmdb.org/t/p/w300/gCI2AeMV4IHSewhJkzsur5MEp6R.jpg
1173,7452,https://image.tmdb.org/t/p/w300/fNkl7o1VQQqy1nEX9x56CDHULmr.jpg
1175,892,https://image.tmdb.org/t/p/w300/gNtOgQHxE5B8e08zuNRAdDpmK5Z.jpg
1176,1600,https://image.tmdb.org/t/p/w300/oqRyO9xrNBRaxqF9pCHHgLuaATx.jpg
1177,26561,https://image.tmdb.org/t/p/w300/b4Jrg23Q3y7p8GS7aMnPdFiEcnP.jpg
1178,975,https://image.tmdb.org/t/p/w300/p7OHwomA8UOhe3EhckF2IetBTh9.jpg
1179,18129,https://image.tmdb.org/t/p/w300/zMpGfkiDIdg5bB7WGcAT3Fdrfpt.jpg
1180,54405,https://image.tmdb.org/t/p/w300/xD8hh10Atodan4tzYg3K2QFCrJ1.jpg
1183,409,https://image.tmdb.org/t/p/w300/8eHHqMg8qEYtVw8LQLygsHXSR2q.jpg
1184,38251,https://image.tmdb.org/t/p/w300/omFU47TZSR7xAAZcDHKM48SmVwe.jpg
1185,10161,https://image.tmdb.org/t/p/w300/GRAAl0bMQFoFIjV3aunc5jsM5u.jpg
1186,1412,https://image.tmdb.org/t/p/w300/pj1uKm07svgXZDHbYE8AzRfNHcu.jpg
1187,41768,https://image.tmdb.org/t/p/w300/g60GELLr2oGnlJX5Yidkl9ufFYv.jpg
1188,10409,https://image.tmdb.org/t/p/w300/f6vs4DQGuNpLuA5Z7k69uuKpbVG.jpg
1189,14285,https://image.tmdb.org/t/p/w300/4w4BJk3l8y9gYwPPLRs6uPHOmGL.jpg
1190,2469,https://image.tmdb.org/t/p/w300/4eNyqA543ixNCME8pcADgP9wb1i.jpg
1191,10174,https://image.tmdb.org/t/p/w300/kJHCqwDgS9MEhdChIkGn7QAUoyL.jpg
1192,31225,https://image.tmdb.org/t/p/w300/90rCWH41mj9hjHUEy2SOHfuAOl3.jpg
1193,510,https://image.tmdb.org/t/p/w300/kjWsMh72V6d8KRLV4EOoSJLT1H7.jpg
1194,11455,https://image.tmdb.org/t/p/w300/lKXINU3ApbhFPQJ3pqgMzGPCYnH.jpg
1196,1891,https://image.tmdb.org/t/p/w300/nNAeTmF4CtdSgMDplXTDPOpYzsX.jpg
1197,2493,https://image.tmdb.org/t/p/w300/2FC9L9MrjBoGHYjYZjdWQdopVYb.jpg
1198,85,https://image.tmdb.org/t/p/w300/ceG9VzoRAVGwivFU403Wc3AHRys.jpg
1199,68,https://image.tmdb.org/t/p/w300/aewan59WcFThBimkTVVoNf2o5Vb.jpg
1200,679,https://image.tmdb.org/t/p/w300/r1x5JGpyqZU8PYhbs4UcrO1Xb6x.jpg
1201,429,https://image.tmdb.org/t/p/w300/bX2xnavhMYjWDoZp1VM6VnU1xwe.jpg
1202,13446,https://image.tmdb.org/t/p/w300/i18cIp8A10A2JgByrfA9oIC9299.jpg
1203,389,https://image.tmdb.org/t/p/w300/zhG3vKWyDRaZYoaww1UVAi29T9h.jpg
1204,947,https://image.tmdb.org/t/p/w300/AiAm0EtDvyGqNpVoieRw4u65vD1.jpg
1206,185,https://image.tmdb.org/t/p/w300/4sHeTAp65WrSSuc05nRBKddhBxO.jpg
1207,595,https://image.tmdb.org/t/p/w300/gZycFUMLx2110dzK3nBNai7gfpM.jpg
1208,28,https://image.tmdb.org/t/p/w300/gQB8Y5RCMkv2zwzFHbUJX3kAhvA.jpg
1209,335,https://image.tmdb.org/t/p/w300/qbYgqOczabWNn2XKwgMtVrntD6P.jpg
1210,1892,https://image.tmdb.org/t/p/w300/jQYlydvHm3kUix1f8prMucrplhm.jpg
1211,144,https://image.tmdb.org/t/p/w300/iZQs2vUeCzvS1KfZJ6uYNCGJBBV.jpg
1212,1092,https://image.tmdb.org/t/p/w300/rO2Fq0AZZx9obs52KJdx4mRE8p5.jpg
1213,769,https://image.tmdb.org/t/p/w300/9OkCLM73MIU2CrKZbqiT8Ln1wY2.jpg
1214,348,https://image.tmdb.org/t/p/w300/vfrQk5IPloGg1v9Rzbh2Eg3VGyM.jpg
1215,766,https://image.tmdb.org/t/p/w300/xsgTuAtR2zSH8Umg3jWZcZjlDpe.jpg
1216,175,https://image.tmdb.org/t/p/w300/3t5t7yaFiTJQlqxiTkXJMFZdkh3.jpg
1217,11645,https://image.tmdb.org/t/p/w300/dGgiXMWDcS5aJTBEFu7bmaQPNox.jpg
1218,10835,https://image.tmdb.org/t/p/w300/8hTxlSqMAHBXAh1eB69ir0BXhzE.jpg
1219,539,https://image.tmdb.org/t/p/w300/yz4QVqPx3h1hD1DfqqQkCq3rmxW.jpg
1220,525,https://image.tmdb.org/t/p/w300/rhYJKOt6UrQq7JQgLyQcSWW5R86.jpg
1221,240,https://image.tmdb.org/t/p/w300/hek3koDUyRQk7FIhPXsa6mT2Zc3.jpg
1222,600,https://image.tmdb.org/t/p/w300/kMKyx1k8hWWscYFnPbnxxN4Eqo4.jpg
1223,530,https://image.tmdb.org/t/p/w300/h5e3r12VwfUotN36fBr1DNeCD4n.jpg
1224,10705,https://image.tmdb.org/t/p/w300/w9R2HsYNnfF3m9uEo2UAmPNJr8a.jpg
1225,279,https://image.tmdb.org/t/p/w300/gQRfiyfGvr1az0quaYyMram3Aqt.jpg
1226,3109,https://image.tmdb.org/t/p/w300/u3B1hVKHE56yBRoxF3Nk9uxHdYN.jpg
1227,311,https://image.tmdb.org/t/p/w300/i0enkzsL5dPeneWnjl1fCWm6L7k.jpg
1228,1578,https://image.tmdb.org/t/p/w300/1WV7WlTS8LI1L5NkCgjWT9GSW3O.jpg
1230,703,https://image.tmdb.org/t/p/w300/dEtjPywhDbAXYjoFfhBC4U9unU7.jpg
1231,9549,https://image.tmdb.org/t/p/w300/btqTjNRxecYgQ1FGfVlLqSSNjz.jpg
1232,1398,https://image.tmdb.org/t/p/w300/1qhOyf5C4s9ZdvY8d5JDx9DFMeT.jpg
1233,387,https://image.tmdb.org/t/p/w300/u8FhQPncOAkwcei2OI9orPWhV6K.jpg
1234,9277,https://image.tmdb.org/t/p/w300/ckmYng37zey8INYf6d10cVgIG93.jpg
1235,343,https://image.tmdb.org/t/p/w300/t7qEuGwDjcYu8ajaKZ68DeDnOxw.jpg
1236,37291,https://image.tmdb.org/t/p/w300/9wE7LuIkvuPfr4Ye6fMqPXHqaiE.jpg
1237,490,https://image.tmdb.org/t/p/w300/wcZ21zrOsy0b52AfAF50XpTiv75.jpg
1238,11235,https://image.tmdb.org/t/p/w300/jqxD0H9a1rg5bXftsm6gsNOjt4n.jpg
1240,218,https://image.tmdb.org/t/p/w300/qvktm0BHcnmDpul4Hz01GIazWPr.jpg
1241,763,https://image.tmdb.org/t/p/w300/pa39D8TQs6aNw3hiUs4jLjHVUB0.jpg
1242,9665,https://image.tmdb.org/t/p/w300/pGDzBjZvzmSCIEduQBfESLMiwtp.jpg
1243,18971,https://image.tmdb.org/t/p/w300/6RI9sYpRxIdqlmsF6kBOiF7Bxug.jpg
1244,696,https://image.tmdb.org/t/p/w300/k4eT3EvfxW1L9Wmt04UqJqCvCR6.jpg
1245,379,https://image.tmdb.org/t/p/w300/i83gYdglRCjCRLSsmCk5nRWRmDM.jpg
1246,207,https://image.tmdb.org/t/p/w300/erzbMlcNHOdx24AXOcn2ZKA7R1q.jpg
1247,37247,https://image.tmdb.org/t/p/w300/8XaDpF0COV1MLsDirJMnxmYc1Wp.jpg
1248,1480,https://image.tmdb.org/t/p/w300/1pvRgmfBaoMczIJBOi9gCOZ4FMC.jpg
1249,9322,https://image.tmdb.org/t/p/w300/1ulQDewUG4KKHOhpXdGKm3GdLFq.jpg
1250,826,https://image.tmdb.org/t/p/w300/7paXMt2e3Tr5dLmEZOGgFEn2Vo7.jpg
1251,422,https://image.tmdb.org/t/p/w300/23VIf7zNxAgaXwIlvzd3IvOd9sY.jpg
1252,829,https://image.tmdb.org/t/p/w300/kZRSP3FmOcq0xnBulqpUQngJUXY.jpg
1253,828,https://image.tmdb.org/t/p/w300/eslDNzf0LF1m9GsgUXlmyfTcC6Y.jpg
1254,3090,https://image.tmdb.org/t/p/w300/pWcst7zVbi8Z8W6GFrdNE7HHRxL.jpg
1255,9964,https://image.tmdb.org/t/p/w300/msttMX3undIiaeJLZbMRq94v1bw.jpg
1256,3063,https://image.tmdb.org/t/p/w300/31t63plEGKHhYuuCpC9bFWO9SBS.jpg
1257,13667,https://image.tmdb.org/t/p/w300/pHmbSkpxdB7jXozrovEfacArtW0.jpg
1258,694,https://image.tmdb.org/t/p/w300/uAR0AWqhQL1hQa69UDEbb2rE5Wx.jpg
1259,235,https://image.tmdb.org/t/p/w300/vz0w9BSehcqjDcJOjRaCk7fgJe7.jpg
1260,832,https://image.tmdb.org/t/p/w300/bTdZk3q2DWpBRnLiaaItKFWOVhI.jpg
1261,765,https://image.tmdb.org/t/p/w300/4zqCKJVHUolGs6C5AZwAZqLWixW.jpg
1262,5925,https://image.tmdb.org/t/p/w300/gBH4H8UMFxl139HaLz6lRuvsel8.jpg
1263,11778,https://image.tmdb.org/t/p/w300/bbGtogDZOg09bm42KIpCXUXICkh.jpg
1264,4485,https://image.tmdb.org/t/p/w300/x5fOCdfv0lRdeI71qLFdNEKWDsc.jpg
1265,137,https://image.tmdb.org/t/p/w300/gCgt1WARPZaXnq523ySQEUKinCs.jpg
1266,33,https://image.tmdb.org/t/p/w300/54roTwbX9fltg85zjsmrooXAs12.jpg
1267,982,https://image.tmdb.org/t/p/w300/2xQ856kd9hw6bB3OnusGyTvvkwB.jpg
1268,8428,https://image.tmdb.org/t/p/w300/s1SyKrARJG2R7FyS4zkNdaekLAW.jpg
1269,212,https://image.tmdb.org/t/p/w300/xG1GEEQGgExKl0WT5sRo1Arst5D.jpg
1270,105,https://image.tmdb.org/t/p/w300/vN5B5WgYscRGcQpVhHl6p9DDTP0.jpg
1271,1633,https://image.tmdb.org/t/p/w300/g71l1vbJwyAAYk8zKCkIQQ58qcb.jpg
1272,11202,https://image.tmdb.org/t/p/w300/rLM7jIEPTjj4CF7F1IrzzNjLUCu.jpg
1273,1554,https://image.tmdb.org/t/p/w300/4IyxoUQ7BB5kcSd7gASe2dTyWu7.jpg
1274,149,https://image.tmdb.org/t/p/w300/neZ0ykEsPqxamsX6o5QNUFILQrz.jpg
1275,8009,https://image.tmdb.org/t/p/w300/8Z8dptJEypuLoOQro1WugD855YE.jpg
1276,903,https://image.tmdb.org/t/p/w300/4ykzTiHKLamh3eZJ8orVICtU2Jp.jpg
1277,11673,https://image.tmdb.org/t/p/w300/80XJ5UkGuYTKDuALeG03BLk1OT1.jpg
1278,3034,https://image.tmdb.org/t/p/w300/3BvvVKPg9yucChlSvQtJxAbLmj9.jpg
1279,339,https://image.tmdb.org/t/p/w300/ktejUHCo6c8DekpOtR3uSb6oDXr.jpg
1280,10404,https://image.tmdb.org/t/p/w300/j6MGZpg55cTqlHHwahBtzI2qQg1.jpg
1281,914,https://image.tmdb.org/t/p/w300/nhMXB8GTdswYMCL9nepDZymJCOr.jpg
1282,756,https://image.tmdb.org/t/p/w300/5m9njnidjR0syG2gpVPVgcEMB2X.jpg
1283,288,https://image.tmdb.org/t/p/w300/qETSMQ4IXBSAS409Z9OL0ppXWTW.jpg
1284,910,https://image.tmdb.org/t/p/w300/lraHo9D8c0YWfxsKqT5P5sVqMKN.jpg
1285,2640,https://image.tmdb.org/t/p/w300/dGbVfM4WlM7uvIbyRehfPZUIgp2.jpg
1286,16633,https://image.tmdb.org/t/p/w300/hmdegiSwVYUNvEfihaE3HRM3Sos.jpg
1287,665,https://image.tmdb.org/t/p/w300/m4WQ1dBIrEIHZNCoAjdpxwSKWyH.jpg
1288,11031,https://image.tmdb.org/t/p/w300/b3lllDltoBws5uKZzBYVSjpjjJx.jpg
1289,11314,https://image.tmdb.org/t/p/w300/6zCNciRcob8lwuydVXgq0esla8L.jpg
1290,15143,https://image.tmdb.org/t/p/w300/6z6ZUrwbAJl9Nq43OY77O7iY80x.jpg
1291,89,https://image.tmdb.org/t/p/w300/sizg1AU8f8JDZX4QIgE4pjUMBvx.jpg
1292,10322,https://image.tmdb.org/t/p/w300/3RO3jbCKEey2T9bYFkYt9xpwen9.jpg
1293,783,https://image.tmdb.org/t/p/w300/rOXftt7SluxskrFrvU7qFJa5zeN.jpg
1295,10644,https://image.tmdb.org/t/p/w300/g1kPEwATsCI8DnGx6ViAhUVKQSI.jpg
1296,11257,https://image.tmdb.org/t/p/w300/5xRAqywVo6tNUNQbAESGVP930la.jpg
1297,14370,https://image.tmdb.org/t/p/w300/8az0Tr8hEGDmrUH9WlFz1QIKsMy.jpg
1298,12104,https://image.tmdb.org/t/p/w300/aElHyIdF5jmctFGhlhhaPFsbBJC.jpg
1299,625,https://image.tmdb.org/t/p/w300/cX6Bv7natnZwQjsV9bLL8mmWjkS.jpg
1300,8816,https://image.tmdb.org/t/p/w300/eVg9IsX2HtR1BNYH0UAhF4JPHi7.jpg
1301,830,https://image.tmdb.org/t/p/w300/aq0OQfRS7hDDI8vyD0ICbH9eguC.jpg
1302,2323,https://image.tmdb.org/t/p/w300/oeM7nAw6FVFICwUaXKCRkDsKjqO.jpg
1303,983,https://image.tmdb.org/t/p/w300/xnEhm0CtgJoM9Z1dGGSQAwxU7oJ.jpg
1304,642,https://image.tmdb.org/t/p/w300/gFmmykF1Ym3OGzENo50nZQaD1dx.jpg
1305,655,https://image.tmdb.org/t/p/w300/sP27Qm4THyRZyHjHYMfIDtJP6YE.jpg
1306,10341,https://image.tmdb.org/t/p/w300/sDpYWgYkBlrVnpySXQNsxVvDAAG.jpg
1307,639,https://image.tmdb.org/t/p/w300/rFOiFUhTMtDetqCGClC9PIgnC1P.jpg
1310,30180,https://image.tmdb.org/t/p/w300/vfR9veCwZMZXfpCF5QlnaLFoSr1.jpg
1312,41801,https://image.tmdb.org/t/p/w300/5vqRaOZBqBL1YXukRv6zI6Y4pxC.jpg
1318,18762,https://image.tmdb.org/t/p/w300/9cGEpHyiPk1qRuY1Kv57RGkyesr.jpg
1320,8077,https://image.tmdb.org/t/p/w300/xh5wI0UoW7DfS1IyLy3d2CgrCEP.jpg
1321,814,https://image.tmdb.org/t/p/w300/hVEqUASJmCQaolkKFEySCHZ8uKG.jpg
1322,41671,https://image.tmdb.org/t/p/w300/rpNTpxVQu6YnLm8GvpvGyAGMg5g.jpg
1323,27214,https://image.tmdb.org/t/p/w300/gYvFL6REedBvjTSzVAhyk5imJgq.jpg
1324,52263,https://image.tmdb.org/t/p/w300/c6DVwjJ71jzk3DXqrkuvuM6BxW1.jpg
1325,33519,https://image.tmdb.org/t/p/w300/jjWkIHRRj2kOgVMXpK8im4KOcTu.jpg
1326,16235,https://image.tmdb.org/t/p/w300/xx9K2m2Arr5EZUQtmggKtEK1f2a.jpg
1327,11449,https://image.tmdb.org/t/p/w300/7VMscq0659xKmcXzd86de1DGV4W.jpg
1328,41848,https://image.tmdb.org/t/p/w300/bGTF4uusklWxN0kBBe3msPKPCrb.jpg
1329,25944,https://image.tmdb.org/t/p/w300/cLyCHzPT5kLBEPn4DMcqgNbjwke.jpg
1330,24913,https://image.tmdb.org/t/p/w300/zNx2tNRzRyPsBSHX1VF2c7U0UyW.jpg
1331,49126,https://image.tmdb.org/t/p/w300/omtHuaCwKRX20x5R8xnqxWYq8Xp.jpg
1332,32076,https://image.tmdb.org/t/p/w300/wMDOgjHoDdKKj3UNZzjP8AW0wxR.jpg
1333,571,https://image.tmdb.org/t/p/w300/eClg8QPg8mwB6INIC4pyR5pAbDr.jpg
1334,8851,https://image.tmdb.org/t/p/w300/ctOwn1Ibg3SjDG4WulvFvSH0PRT.jpg
1335,37843,https://image.tmdb.org/t/p/w300/3BfSQmwTm8LGv2KZKcDJnFuBbIC.jpg
1336,32146,https://image.tmdb.org/t/p/w300/8hFSFiLMy0wnyVaaJ4EHFlPD1yf.jpg
1337,30346,https://image.tmdb.org/t/p/w300/1dOCP2ahMVlA95SivxhEdVvcXZE.jpg
1339,6114,https://image.tmdb.org/t/p/w300/4ZbUxjY5DZ7RCxGwvzSEr4rThd1.jpg
1340,229,https://image.tmdb.org/t/p/w300/5241zUwe7rC17MNc2QpCBKKdp1N.jpg
1341,13549,https://image.tmdb.org/t/p/w300/2ipG69lXOjGMX7F7qxJQzUoiUsd.jpg
1342,9529,https://image.tmdb.org/t/p/w300/jQtgkgDZE7egMq532sOt83DnT83.jpg
1343,1598,https://image.tmdb.org/t/p/w300/meJZAAuVcjic2ipvbOPz5UlE4P9.jpg
1344,11349,https://image.tmdb.org/t/p/w300/xDqaHjMbnebtB05QWgAR8wW86sb.jpg
1345,7340,https://image.tmdb.org/t/p/w300/8tT1rqlsTguyfUBMrbHR9cv1rxM.jpg
1346,6217,https://image.tmdb.org/t/p/w300/nYcQnkbTD4LDmp11HCReQuUoMKD.jpg
1347,377,https://image.tmdb.org/t/p/w300/wGTpGGRMZmyFCcrY2YoxVTIBlli.jpg
1348,653,https://image.tmdb.org/t/p/w300/zv7J85D8CC9qYagAEhPM63CIG6j.jpg
1349,28198,https://image.tmdb.org/t/p/w300/9WoZrEl55sPbyd1OKieidPa1CRR.jpg
1350,794,https://image.tmdb.org/t/p/w300/mDcjjEu1fMNmsXi4l4D8IftlTix.jpg
1351,31640,https://image.tmdb.org/t/p/w300/diFSUAvHZE6rkKqfP3J3qf19Z2X.jpg
1352,8744,https://image.tmdb.org/t/p/w300/jOyV5Rb1MaMUl6XrWWossVTm7BA.jpg
1353,25189,https://image.tmdb.org/t/p/w300/ekk8MKMp3tlJjcMuhOgKsMCRrvR.jpg
1354,145,https://image.tmdb.org/t/p/w300/dQWMcdHXUOSHtr7ypOCa5T79JMS.jpg
1355,2212,https://image.tmdb.org/t/p/w300/va6AEeuzB98q9jmzoOpEcBPAYq0.jpg
1356,199,https://image.tmdb.org/t/p/w300/iqhHe893Vcf07jNkNQ31tu85dKG.jpg
1357,7863,https://image.tmdb.org/t/p/w300/cbmThowj2XAW7lKlMAXmnhZvjGI.jpg
1358,12498,https://image.tmdb.org/t/p/w300/ivBIBd1LNaozcmytZUyE1yIXZms.jpg
1359,9279,https://image.tmdb.org/t/p/w300/lHLOUt0ZIQLC5asHdIQBoTUvaEp.jpg
1361,17204,https://image.tmdb.org/t/p/w300/h65fwEQTv9zRNyEuExE1wAk5CQ2.jpg
1363,21539,https://image.tmdb.org/t/p/w300/z1mU4g9poAgoDQRNLcfNdj3iiMs.jpg
1365,12709,https://image.tmdb.org/t/p/w300/j78rRskAapKtILalcxAmdskGtzb.jpg
1366,20539,https://image.tmdb.org/t/p/w300/zv69Rev43me5gQ68x7fk1mQzhHn.jpg
1367,11674,https://image.tmdb.org/t/p/w300/8o2ADoAyG796UwTjwBFjPyBz0yG.jpg
1370,1573,https://image.tmdb.org/t/p/w300/ybki0UWO3OPhaM6MSniuKC7sy1R.jpg
1371,152,https://image.tmdb.org/t/p/w300/wfiAfNwH6CMKxz4vRaW8CPTabtk.jpg
1372,174,https://image.tmdb.org/t/p/w300/tvTOJD7Gz668GLy2nNdLRQvpPsv.jpg
1373,172,https://image.tmdb.org/t/p/w300/uiXr41VLYsuug3CZbFrKLSNahuZ.jpg
1374,154,https://image.tmdb.org/t/p/w300/uPyLsKl8Z0LOoxeaFXsY5MxhR5s.jpg
1375,157,https://image.tmdb.org/t/p/w300/yqEj0oPfKBMCz7YcCARHDgH7VFm.jpg
1376,168,https://image.tmdb.org/t/p/w300/xY5TzGXJOB3L9rhZ1MbbPyVlW5J.jpg
1377,364,https://image.tmdb.org/t/p/w300/jKBjeXM7iBBV9UkUcOXx3m7FSHY.jpg
1378,11967,https://image.tmdb.org/t/p/w300/3AgCq7xY1rHRAAn0iVcnNr2OWL.jpg
1379,9086,https://image.tmdb.org/t/p/w300/7kMjla98srGHlFzAEmoGRcr6GN1.jpg
1380,621,https://image.tmdb.org/t/p/w300/2rM7fQKpb7cs1Iq7IBqub9LFDzJ.jpg
1381,9037,https://image.tmdb.org/t/p/w300/ufWc8AR5D66lwB2UZvZ9xvGcDSD.jpg
1382,10173,https://image.tmdb.org/t/p/w300/xYaetJsSm5FC1zxhdW8UR1NVXzc.jpg
1385,8845,https://image.tmdb.org/t/p/w300/myHxm9p8fhEsXyaLO6DawYJKolg.jpg
1387,578,https://image.tmdb.org/t/p/w300/lxM6kqilAdpdhqUl2biYp5frUxE.jpg
1388,579,https://image.tmdb.org/t/p/w300/cN3ijEwsn4kBaRuHfcJpAQJbeWe.jpg
1389,17692,https://image.tmdb.org/t/p/w300/kqDXj53F9paqVGJLGfHtz7giJ3s.jpg
1390,17795,https://image.tmdb.org/t/p/w300/AkZUWdXXuOSat3J9HaHXm7HPtqA.jpg
1391,75,https://image.tmdb.org/t/p/w300/hll4O5vSAfnZDb6JbnP06GPtz7b.jpg
1392,13891,https://image.tmdb.org/t/p/w300/hMGWyETjqWpfud4Cmeva6qfVogZ.jpg
1393,9390,https://image.tmdb.org/t/p/w300/lABvGN7fDk5ifnwZoxij6G96t2w.jpg
1394,378,https://image.tmdb.org/t/p/w300/niKyjOqiB4XVl0BqgKTHIlHOCeF.jpg
1395,10896,https://image.tmdb.org/t/p/w300/5rWE9ft0Uc2kuDWlkg5vQth58XZ.jpg
1396,2322,https://image.tmdb.org/t/p/w300/l2pIGwCvpZEpBuMb55YBl6A04Jv.jpg
1397,41240,https://image.tmdb.org/t/p/w300/jYFwFOkHwWxaStR21UIgdb96Gzh.jpg
1398,26949,https://image.tmdb.org/t/p/w300/rjRu7HOjXNVflUrR40eMKhvmQps.jpg
1399,9819,https://image.tmdb.org/t/p/w300/lTHq1K5Y6EDRjxTBvReXHY6AKQ3.jpg
1401,31908,https://image.tmdb.org/t/p/w300/gu81MbuLTPbw95xWuDuM7ddcCir.jpg
1405,3179,https://image.tmdb.org/t/p/w300/vqdgQiRCSzgpFXLlbxbybfkleBM.jpg
1406,1802,https://image.tmdb.org/t/p/w300/vq2x8JfEoVrdQZqo0fppjw7ZI3d.jpg
1407,4232,https://image.tmdb.org/t/p/w300/lr9ZIrmuwVmZhpZuTCW8D9g0ZJe.jpg
1408,9361,https://image.tmdb.org/t/p/w300/qzJMPWRtZveBkxXOv3ucWhoJuyj.jpg
1409,2928,https://image.tmdb.org/t/p/w300/3XdsHncNxOSMOITeQBC8ML9ADky.jpg
1411,10549,https://image.tmdb.org/t/p/w300/ilurgUOp6SCl4cuhfjctj1qxlfZ.jpg
1412,58102,https://image.tmdb.org/t/p/w300/ngy7zafrXEDCUOPfolcbFofMDmI.jpg
1413,18451,https://image.tmdb.org/t/p/w300/ajMk4ueXcOCbxwJjJecltiGhYrn.jpg
1414,27265,https://image.tmdb.org/t/p/w300/mxJJ0IEOOdvMo5yO7rcJBqyZ11n.jpg
1415,49935,https://image.tmdb.org/t/p/w300/meeBmnlkMP8UhrPvZKv83jjhd2E.jpg
1416,8818,https://image.tmdb.org/t/p/w300/mVdQatilUGMtB6sV4FXA7O473UD.jpg
1417,36758,https://image.tmdb.org/t/p/w300/yoUuMtWTQXzfARYE0nF7Nn7gRuS.jpg
1419,36040,https://image.tmdb.org/t/p/w300/24vooYt5StgtgcQObVr1GHuM5gy.jpg
1422,9415,https://image.tmdb.org/t/p/w300/4WPR0m8zuzFAcRJAHcGs1AxkkpB.jpg
1423,55146,https://image.tmdb.org/t/p/w300/74CK1qibFcIR45SAwLZ32cQjAZ6.jpg
1425,12145,https://image.tmdb.org/t/p/w300/1Wl0zSEngmsTXjQMVE0GD5s85cM.jpg
1426,42424,https://image.tmdb.org/t/p/w300/igyTJ9cFwjcuzMM5oa0lknRyvYv.jpg
1427,34314,https://image.tmdb.org/t/p/w300/gnsxWkxWHPXMOAzXvS7aKMSKP0N.jpg
1428,2892,https://image.tmdb.org/t/p/w300/uiZJfBKWav33Kp1NTyrU3NjvOJf.jpg
1429,9404,https://image.tmdb.org/t/p/w300/dOZJQTn8Ys57pH5trpG5y9DaUBq.jpg
1430,85242,https://image.tmdb.org/t/p/w300/3kPjFZaGrxalI21CeFUNpNqjXpH.jpg
1431,9622,https://image.tmdb.org/t/p/w300/kAUtHecWe0KS54jNggapnbHBGTI.jpg
1432,8860,https://image.tmdb.org/t/p/w300/nvfyHYv1EDpYai5pCGqBeRf3tax.jpg
1437,14832,https://image.tmdb.org/t/p/w300/dnEoE3tHBStCXZx2i9qsUYkwucu.jpg
1438,9619,https://image.tmdb.org/t/p/w300/8PRVIfZzDgw8EV3sDWJ6NA1ZMAn.jpg
1439,40506,https://image.tmdb.org/t/p/w300/mD30gucf7NkKNFyqEMEag7l63VO.jpg
1440,31000,https://image.tmdb.org/t/p/w300/zD2fem9pVsODpUQUgWgoEfdNZyD.jpg
1441,4104,https://image.tmdb.org/t/p/w300/7g7qYdUN9wDXJGIOj6U67RPIBHO.jpg
1442,26306,https://image.tmdb.org/t/p/w300/3jtG9mgfiZRTRQf19BiUAY6QPN3.jpg
1445,14908,https://image.tmdb.org/t/p/w300/tg9qzqF349j526pNZnjPB4p2UED.jpg
1446,784,https://image.tmdb.org/t/p/w300/fB0cGiEOngfsfyDHXIpFOmEwFgi.jpg
1447,12489,https://image.tmdb.org/t/p/w300/jlOL8fLsG0tGBtkj9qzHgqcHPVV.jpg
1449,16448,https://image.tmdb.org/t/p/w300/zuArI6EBpV6mExrvfnyidoOtzdf.jpg
1453,17894,https://image.tmdb.org/t/p/w300/s2RaTrqoPvD4eYEaZCyF0zFbbpV.jpg
1454,28059,https://image.tmdb.org/t/p/w300/7PdRbG09K9JHYyOwwCSn3OdJb0N.jpg
1456,17949,https://image.tmdb.org/t/p/w300/rmxgXwRgWJ3Ds9VQX7SDRIGJYvk.jpg
1457,1968,https://image.tmdb.org/t/p/w300/tcRaMjWoF8K7h1LqOH7FOOLRQ3e.jpg
1458,61563,https://image.tmdb.org/t/p/w300/4KEkCiId2lhKgSM6sAGSuG9BjdH.jpg
1459,66,https://image.tmdb.org/t/p/w300/izvyt3cxlilhbYwybTOteDWqf99.jpg
1460,20735,https://image.tmdb.org/t/p/w300/bH2EWFR9FOKp9fAjNgYf9eanivk.jpg
1461,11419,https://image.tmdb.org/t/p/w300/jUOreo2AWDnPuRJsUp6T1i66tUe.jpg
1464,638,https://image.tmdb.org/t/p/w300/fdTtij6H0sX9AzIjUeynh5zbfm7.jpg
1465,25624,https://image.tmdb.org/t/p/w300/5EeTYDXdrpD9mZSSwsrFbqgok9U.jpg
1466,9366,https://image.tmdb.org/t/p/w300/xtKLvpOfARi1XVm8u2FTdhY5Piq.jpg
1468,21915,https://image.tmdb.org/t/p/w300/1pQpHVm3AXIwbBUnwGEQ0q95E0L.jpg
1473,19952,https://image.tmdb.org/t/p/w300/dDutboDhQeIGZ0VOMI8RkM7MWm3.jpg
1474,9446,https://image.tmdb.org/t/p/w300/xRKfvheWRfkirm0kzdBAydUjiK5.jpg
1475,28005,https://image.tmdb.org/t/p/w300/kUaWgLrI7HqpPqPxgR54wSGokCV.jpg
1476,9403,https://image.tmdb.org/t/p/w300/8nCc9fhXCVvetlqpxkrCTc9NwOz.jpg
1477,27322,https://image.tmdb.org/t/p/w300/iuwimPkDm7kfptKm5zlK0pIzqXM.jpg
1479,10003,https://image.tmdb.org/t/p/w300/k43wPAVeepqzGwP52dKcknQjquj.jpg
1480,9311,https://image.tmdb.org/t/p/w300/2BwL0fKCaNRXfqMsu2uvFFS7dZX.jpg
1483,884,https://image.tmdb.org/t/p/w300/gpai5oUFyFGLHOCsYTvVMqlbY7A.jpg
1484,49806,https://image.tmdb.org/t/p/w300/bDmconT9Fj0dnXdV5LaGAxXrVFN.jpg
1485,1624,https://image.tmdb.org/t/p/w300/p1habYSdC7oD3WygQ5lynU5G5rV.jpg
1487,16052,https://image.tmdb.org/t/p/w300/j8xX3yBAFOayfSaImgLZPnAcdWz.jpg
1488,4477,https://image.tmdb.org/t/p/w300/3KIPu7H3tST0j4tpqdKpQZUBCQz.jpg
1489,24662,https://image.tmdb.org/t/p/w300/6CrgfB0dNUsanaMWHTv0Y6AFeNd.jpg
1490,18423,https://image.tmdb.org/t/p/w300/yi40NrDfdv8vX0aoWvis3CnCVWj.jpg
1493,76996,https://image.tmdb.org/t/p/w300/sO91zO8XY5o10R48RKAE6UDvJd7.jpg
1495,6499,https://image.tmdb.org/t/p/w300/4mau5EXQoKUTiS5wx3Wocwrh5hG.jpg
1496,50512,https://image.tmdb.org/t/p/w300/6YWh035E2jhiWs57A2LMg1c9mv4.jpg
1497,9405,https://image.tmdb.org/t/p/w300/tUzF2S15iX4Hn6ikbFX1YP3SDEQ.jpg
1498,12723,https://image.tmdb.org/t/p/w300/ysfD96fF56BEzpktyDWChC8Epgs.jpg
1499,9360,https://image.tmdb.org/t/p/w300/33NysOnLpLZY0ewHTcfpalzAsRG.jpg
1500,9434,https://image.tmdb.org/t/p/w300/7lQ0MSNQqBTYpXTTZL82u1n95Z3.jpg
1502,21626,https://image.tmdb.org/t/p/w300/sLHamI4Qrtg1YyUVsMbh1diCAyg.jpg
1503,13982,https://image.tmdb.org/t/p/w300/dbjS5UH7JvsQwSLMYMY5GQOSwv1.jpg
1507,77223,https://image.tmdb.org/t/p/w300/mEA7Iv1e6HqpSGMfVUdUfYOusNU.jpg
1513,9611,https://image.tmdb.org/t/p/w300/yLxgglhaP2QfWVZTdrv7mZgvuHL.jpg
1514,47694,https://image.tmdb.org/t/p/w300/qpuVUxfLKlzQDqzMY4oTR1RCQNA.jpg
1515,10357,https://image.tmdb.org/t/p/w300/5xIjktjXuro7anZ6AR58t5ZYWjQ.jpg
1516,9977,https://image.tmdb.org/t/p/w300/jfL0X3Ym9R9QDkUQZufwzVq12F0.jpg
1517,816,https://image.tmdb.org/t/p/w300/5uD4dxNX8JKFjWKYMHyOsqhi5pN.jpg
1518,2163,https://image.tmdb.org/t/p/w300/m3VB59ppr1RlpxNUYRUfZTgjgU.jpg
1519,124680,https://image.tmdb.org/t/p/w300/137yYXxYLGvm6UrkQfkpdWCV83k.jpg
1526,12499,https://image.tmdb.org/t/p/w300/834wRxQRbbctFupf8AES7CCeTSM.jpg
1527,18,https://image.tmdb.org/t/p/w300/fPtlCO1yQtnoLHOwKtWz7db6RGU.jpg
1529,1811,https://image.tmdb.org/t/p/w300/c1TZKfzvATep5x5DthqWjjWtU2l.jpg
1533,105045,https://image.tmdb.org/t/p/w300/pa0g9SFf6LglgrIJ2niDL9v7r6O.jpg
1537,11239,https://image.tmdb.org/t/p/w300/v9sHUTn1v1O6imErEwSJRwozXEv.jpg
1541,2058,https://image.tmdb.org/t/p/w300/sRfuSc6E9GvVaOHdPv4vG3ywfMw.jpg
1542,9450,https://image.tmdb.org/t/p/w300/qS2cZYWn2jlQs4Ej5O42LVIANQB.jpg
1544,330,https://image.tmdb.org/t/p/w300/6fSkhv35nPSw9hwPVCMINQFG1WD.jpg
1545,38523,https://image.tmdb.org/t/p/w300/p6ZlnYATJvYZtcQr6RDmzplq3hX.jpg
1546,16375,https://image.tmdb.org/t/p/w300/9ASmg9EvWkt90dwW9YKO3NXQk8d.jpg
1547,33660,https://image.tmdb.org/t/p/w300/wRB0cTPBIWHEq4FmWuX6voagePf.jpg
1549,45671,https://image.tmdb.org/t/p/w300/1ihrS8fbHnIvkcruSWBJSGiayh7.jpg
1550,17770,https://image.tmdb.org/t/p/w300/menUTMx04eYe8EYKhJnGYA4gK6Q.jpg
1551,15170,https://image.tmdb.org/t/p/w300/88l3mMtQcHE5JW8gJmQJm9fmpAH.jpg
1552,1701,https://image.tmdb.org/t/p/w300/kOKjgrEzGOP92rVQ6srA9jtp60l.jpg
1554,26422,https://image.tmdb.org/t/p/w300/haJOy4dOmy0nih5RH25FBuwVNH4.jpg
1556,1639,https://image.tmdb.org/t/p/w300/gnK1ocpwUTj24zAktzomOJsD2bu.jpg
1562,415,https://image.tmdb.org/t/p/w300/i7hEUpDuMN2LOrCEifFyGSHZQSY.jpg
1564,65889,https://image.tmdb.org/t/p/w300/6xIGYIjTUt9Ew2sBJS57W1NKSP2.jpg
1565,11103,https://image.tmdb.org/t/p/w300/snbpUmX63bbjko0j0NyugJPHd9b.jpg
1566,11970,https://image.tmdb.org/t/p/w300/dK9rNoC97tgX3xXg5zdxFisdfcp.jpg
1569,8874,https://image.tmdb.org/t/p/w300/b5g4bp8gS5ovMyR5439AII6zQ3n.jpg
1571,11956,https://image.tmdb.org/t/p/w300/vZjHfDpE74EmbknicrTg4n5YOLr.jpg
1572,266,https://image.tmdb.org/t/p/w300/kNElbRcp4Qz6wmJ9kH5vdY004Hq.jpg
1573,754,https://image.tmdb.org/t/p/w300/69Xzn8UdPbVnmqSChKz2RTpoNfB.jpg
1574,37567,https://image.tmdb.org/t/p/w300/4nRzyiVckWoqE9Vpm35yZTrfkJM.jpg
1580,607,https://image.tmdb.org/t/p/w300/uLOmOF5IzWoyrgIF5MfUnh5pa1X.jpg
1581,18080,https://image.tmdb.org/t/p/w300/de3GHQy3TJAVhgF6ys1aWpe5jWK.jpg
1582,38225,https://image.tmdb.org/t/p/w300/m9VIy9qtq49EDwgYFg07ganUYg.jpg
1583,17834,https://image.tmdb.org/t/p/w300/cfyJ7yIvNTlz2ooH8iU6r0pxAMj.jpg
1584,686,https://image.tmdb.org/t/p/w300/bCpMIywuNZeWt3i5UMLEIc0VSwM.jpg
1585,65046,https://image.tmdb.org/t/p/w300/fXBWYmK9MybKhqvmyj57KyFEcq3.jpg
1586,4421,https://image.tmdb.org/t/p/w300/6yBgZJYqaR4XkxwjsB9tS4GK1ZN.jpg
1587,9387,https://image.tmdb.org/t/p/w300/qw2A587Ee61IwcSOLNFRhuOACZZ.jpg
1588,10603,https://image.tmdb.org/t/p/w300/lWp8hUqE4oLPxsYgilXoYoVThfU.jpg
1589,2142,https://image.tmdb.org/t/p/w300/dyOqXyPCQh8VF0KA5aelBCCQond.jpg
1590,8413,https://image.tmdb.org/t/p/w300/qfluaDXv0cIdLwgQWzNB2piHL2q.jpg
1591,10336,https://image.tmdb.org/t/p/w300/3svvunKXkhRvEKByGDua1Qu0otq.jpg
1592,20737,https://image.tmdb.org/t/p/w300/kDfzh6QdX2tseTwwyB7lp2RP7iE.jpg
1593,9413,https://image.tmdb.org/t/p/w300/xYnvr4o7GEaA2uyt4Q1ASUI5Obv.jpg
1594,14585,https://image.tmdb.org/t/p/w300/1gPJ4H4TbGAiuEA6pFalFtqA0eL.jpg
1596,49462,https://image.tmdb.org/t/p/w300/bV6ezK5Qcqv9ul9B6yGiKcfA0pG.jpg
1597,8834,https://image.tmdb.org/t/p/w300/sTyTKZVikQU6g50HE8HR1tBSRxj.jpg
1598,9458,https://image.tmdb.org/t/p/w300/74ibzyjLp2dizmiua5nHn4llG0l.jpg
1599,8854,https://image.tmdb.org/t/p/w300/ufA7d5LT2rGj58KaZErPhcMkJ4U.jpg
1600,38295,https://image.tmdb.org/t/p/w300/oZISQ7Cnmezs5NgBaL6uHUkDMFZ.jpg
1601,22073,https://image.tmdb.org/t/p/w300/hZrwqVXLyxxsNJHVc6bJKSUDkXA.jpg
1602,37244,https://image.tmdb.org/t/p/w300/zBe7rCrImp9XxSGWTWAmYlPEXeN.jpg
1603,4961,https://image.tmdb.org/t/p/w300/ieRRo78f8JzEKxfiCKqJyFg6l8o.jpg
1604,9416,https://image.tmdb.org/t/p/w300/bN57Rl003E9pYred5kw9Rp8h9Np.jpg
1605,26180,https://image.tmdb.org/t/p/w300/dfKaCA32iSkEQiu37drvIAZWZFz.jpg
1606,17832,https://image.tmdb.org/t/p/w300/cgKK2eCdb5LLaQBDQZbmR312q1O.jpg
1608,9772,https://image.tmdb.org/t/p/w300/evO1iENjLpUnbwjnt5XK85jRYob.jpg
1609,6072,https://image.tmdb.org/t/p/w300/rPmmyspi1MZBItSvfx40qwep8ow.jpg
1610,1669,https://image.tmdb.org/t/p/w300/yVl7zidse4KiWtGMqHFtZCx4X3N.jpg
1611,468,https://image.tmdb.org/t/p/w300/p9TF90Pb5yg2MNb2UztzyXktMm4.jpg
1612,32519,https://image.tmdb.org/t/p/w300/3aFhsB4ez8ViUofXMaSI9k7bT1m.jpg
1613,108401,https://image.tmdb.org/t/p/w300/jXt9Ww1pMKcS1n1uGg7QuGFVaCT.jpg
1614,10806,https://image.tmdb.org/t/p/w300/jUTQp6cPgfOX4St2WfaeUvxZCts.jpg
1615,9433,https://image.tmdb.org/t/p/w300/zplJqfuUyqzW0D4jX3W1afl0d7b.jpg
1616,6623,https://image.tmdb.org/t/p/w300/hc3p6pvIrfO4AmrVLb6qTviOwW2.jpg
1617,2118,https://image.tmdb.org/t/p/w300/lWCgf5sD5FpMljjpkRhcC8pXcch.jpg
1619,978,https://image.tmdb.org/t/p/w300/qm87HHUew8ICtUCM4asO3gFYvby.jpg
1620,9437,https://image.tmdb.org/t/p/w300/25h5I3E3ydhazsPDnscWHivq5pn.jpg
1621,29461,https://image.tmdb.org/t/p/w300/97t6YjxjTpwQ439MJcPiPDrMAg0.jpg
1623,10351,https://image.tmdb.org/t/p/w300/t7rep7SCqiy4COUsq2cOcdQwzU0.jpg
1624,66588,https://image.tmdb.org/t/p/w300/p7tsW4oUi7hHbpNtFZdMQEBj42g.jpg
1625,2649,https://image.tmdb.org/t/p/w300/4UOa079915QjiTA2u5hT2yKVgUu.jpg
1626,14289,https://image.tmdb.org/t/p/w300/nflONy2WMEui7uCGCAtkD1r9vnl.jpg
1627,10155,https://image.tmdb.org/t/p/w300/nBPTj1ApIDWo04M14rXFwLPdtr2.jpg
1629,20457,https://image.tmdb.org/t/p/w300/3TlW75w0Lo4uT6l8WRf3pdxbHHs.jpg
1631,18355,https://image.tmdb.org/t/p/w300/lhuV5cvxFhUrB6F4smVZGmdSwbT.jpg
1633,55306,https://image.tmdb.org/t/p/w300/wMpZ7U7A0QHJptR9L573V3Y7SI0.jpg
1635,68924,https://image.tmdb.org/t/p/w300/3a6uLta7K8Dzojps4RoJAPHD0km.jpg
1639,2255,https://image.tmdb.org/t/p/w300/tqydORBcNlQxy3ijgSpPurgDHM2.jpg
1641,9427,https://image.tmdb.org/t/p/w300/xkMiZv2FPrhIAtxvEcN1jAbkHRY.jpg
1642,172545,https://image.tmdb.org/t/p/w300/uCWcDTik7uyrDwaIIwFGvkHBrrn.jpg
1643,17589,https://image.tmdb.org/t/p/w300/swVtcQj7AW2SaIcgThgw2i4fXN9.jpg
1644,3597,https://image.tmdb.org/t/p/w300/dQyaJx0SptDqvQcAewAr8FAtLB2.jpg
1645,1813,https://image.tmdb.org/t/p/w300/5ZzBGpxy55OQzHxKVY11IpY6a0o.jpg
1646,36797,https://image.tmdb.org/t/p/w300/6ejazTl7f8lWY3quZhenIOyOfED.jpg
1647,12628,https://image.tmdb.org/t/p/w300/faYRZjtBMNygM7spt72yrs72hC8.jpg
1648,33344,https://image.tmdb.org/t/p/w300/42mp1sJw6E7BDNMrF65IOZ4j4zq.jpg
1649,25099,https://image.tmdb.org/t/p/w300/8uXV6w3ZQUtefqjCgxXswCwPSjk.jpg
1650,45019,https://image.tmdb.org/t/p/w300/3LIn7bskDwsmyxMWTNWRIPSCm2X.jpg
1652,62422,https://image.tmdb.org/t/p/w300/kLO7UAx8OalCeW2JqTAispzNBJr.jpg
1653,782,https://image.tmdb.org/t/p/w300/eSKr5Fl1MEC7zpAXaLWBWSBjgJq.jpg
1654,29911,https://image.tmdb.org/t/p/w300/5H86i0qE8zCAbg0vTBKG7S7I2Vi.jpg
1655,9827,https://image.tmdb.org/t/p/w300/FM8MOTW8BbyoTLa2V8PnI6UPib.jpg
1656,1959,https://image.tmdb.org/t/p/w300/w5Or62J6mF099MQcn0Cq8ycIfqB.jpg
1658,8067,https://image.tmdb.org/t/p/w300/tk7WNEwLZepFU2yPIIkRuQOO0Q9.jpg
1659,125052,https://image.tmdb.org/t/p/w300/kI8WAtPfjiPygfdKcwYJUkMZyh4.jpg
1660,45153,https://image.tmdb.org/t/p/w300/33yTPcGSv7eo3FVlb7XKACHl1M8.jpg
1661,10871,https://image.tmdb.org/t/p/w300/3v4nX475G97Vd8XCapTKQ7NTqMs.jpg
1662,14398,https://image.tmdb.org/t/p/w300/zvl4RYK5OHo2d9V1aUkHkxhh9Zv.jpg
1663,10890,https://image.tmdb.org/t/p/w300/vP8tPOgmJSNOh4bpOv1bFjid3rZ.jpg
1665,1281,https://image.tmdb.org/t/p/w300/IwrDPrB4d2DMcpnGkvan46yINL.jpg
1667,9770,https://image.tmdb.org/t/p/w300/wXb9KGqxyrAHNygRRI1HW1BhcU.jpg
1670,14905,https://image.tmdb.org/t/p/w300/bGdDqsFCF0v9M5mB77fAF8vJMsy.jpg
1671,14583,https://image.tmdb.org/t/p/w300/1bxBZV0KsUolu7MddTXZ0Prac3Q.jpg
1672,11975,https://image.tmdb.org/t/p/w300/twLGHXPjQtS8UyVGp5GXmhJiTM7.jpg
1673,4995,https://image.tmdb.org/t/p/w300/wnE24UPCPQsQnbBOu4zVE2qaDNm.jpg
1674,9281,https://image.tmdb.org/t/p/w300/kOymD1rChAMykmDVEzJpIh4OYS7.jpg
1675,45928,https://image.tmdb.org/t/p/w300/45idl65SLCipP1G1RMRVfkF4ldw.jpg
1676,563,https://image.tmdb.org/t/p/w300/cxCmv23O7p3hyHwqoktHYkZcGsY.jpg
1677,61337,https://image.tmdb.org/t/p/w300/p4UPT3vvdKHsv6PbhvvtFm8w5Zx.jpg
1678,19931,https://image.tmdb.org/t/p/w300/s1Sk0hhVARNs7i9wqRHqbCriu8n.jpg
1679,31535,https://image.tmdb.org/t/p/w300/1eGB1EjaUjGbiuPBAqndlO3khyn.jpg
1680,10215,https://image.tmdb.org/t/p/w300/s8VOVTywXZIIHqdEjkCZziH0ebq.jpg
1681,9823,https://image.tmdb.org/t/p/w300/ttryglcY2osWZE3sRYBf3ewTZsW.jpg
1682,37165,https://image.tmdb.org/t/p/w300/vuza0WqY239yBXOadKlGwJsZJFE.jpg
1683,45609,https://image.tmdb.org/t/p/w300/eb1ZnIEC8LMmMgwD2fIAmQOkcd.jpg
1684,38904,https://image.tmdb.org/t/p/w300/kJURxFCyfqjTss7vTVMuUobHcye.jpg
1685,45565,https://image.tmdb.org/t/p/w300/aesZ94JtQFiVdvNFNbO5CSeWms2.jpg
1686,9407,https://image.tmdb.org/t/p/w300/xsIbKOO1CacqTagyJmEGGf4kOnn.jpg
1687,4824,https://image.tmdb.org/t/p/w300/oXF26QmDEaRaH9Fbhs3NXtcnryx.jpg
1688,9444,https://image.tmdb.org/t/p/w300/bppGWGA8zq1sRvTdDJnUzVW9GcH.jpg
1689,9414,https://image.tmdb.org/t/p/w300/yVlIZa0u6CTN5LudxGX77Fk46iz.jpg
1690,8078,https://image.tmdb.org/t/p/w300/9aRDMlU5Zwpysilm0WCWzU2PCFv.jpg
1693,11831,https://image.tmdb.org/t/p/w300/6QqNyIHKow0jngiQgTNBOBrLILM.jpg
1694,2895,https://image.tmdb.org/t/p/w300/9KqCzLhWbFMBPjqRpZ69izRiYgG.jpg
1695,39177,https://image.tmdb.org/t/p/w300/5mMzt0Cw99wNk0xTT7YOdRxaqZp.jpg
1696,19601,https://image.tmdb.org/t/p/w300/mTRIVPmRK01rgLlE6XJPGbbRdXb.jpg
1699,22797,https://image.tmdb.org/t/p/w300/9KrClE5Ax6wzCAwgaGRhQI2Eolk.jpg
1701,2639,https://image.tmdb.org/t/p/w300/i7Z5DdznqANJUjqWISEFu9bw6J7.jpg
1702,9574,https://image.tmdb.org/t/p/w300/bnKvk04icAyCO1KjqhsaEXBO9aJ.jpg
1703,10371,https://image.tmdb.org/t/p/w300/tPjqY9Qp5WOIBFKnyEpMBVwGr01.jpg
1704,489,https://image.tmdb.org/t/p/w300/z2FnLKpFi1HPO7BEJxdkv6hpJSU.jpg
1707,9714,https://image.tmdb.org/t/p/w300/6uOadrCfle0n2LOOxHbgWEdnrm2.jpg
1711,8197,https://image.tmdb.org/t/p/w300/cXS5o6RIp8m1epBm5I7cX49bfFd.jpg
1713,6283,https://image.tmdb.org/t/p/w300/aqBPrWOzXEO3rWEk3DYTHBjXNZb.jpg
1717,4233,https://image.tmdb.org/t/p/w300/dORlVasiaDkJXTqt9bdH7nFNs6C.jpg
1718,191874,https://image.tmdb.org/t/p/w300/iWD7fxQZpBw1AVfk0AOyqou1x26.jpg
1719,10217,https://image.tmdb.org/t/p/w300/gJy7LMq4b5qO5fsSUSoBgm24BHf.jpg
1721,597,https://image.tmdb.org/t/p/w300/9xjZS2rlVxm8SFx8kPC3aIGCOYQ.jpg
1722,714,https://image.tmdb.org/t/p/w300/gZm002w7q9yLOkltxT76TWGfdZX.jpg
1726,9922,https://image.tmdb.org/t/p/w300/piVzOuKFLHNGLxnjwNtibC26lTy.jpg
1727,547,https://image.tmdb.org/t/p/w300/ptkDeHY2mRJVyNRyxb9TgyAjTYs.jpg
1729,184,https://image.tmdb.org/t/p/w300/rOUx7qg4KmEh1juEDwqzbDSL1Nr.jpg
1730,9746,https://image.tmdb.org/t/p/w300/yvdFRDoQIQ5PBk4u8x8gJT8NJAw.jpg
1731,9438,https://image.tmdb.org/t/p/w300/po5CfSBmmATuCNIt7M1G7xOPuUK.jpg
1732,115,https://image.tmdb.org/t/p/w300/3bv6WAp6BSxxYvB5ozKFUYuRA8C.jpg
1733,26941,https://image.tmdb.org/t/p/w300/c13Luo9O09ah6nMPrsr3zqlLyF9.jpg
1734,27103,https://image.tmdb.org/t/p/w300/4SwZaSDy1DR80QXKdvp6iSTawK2.jpg
1735,9410,https://image.tmdb.org/t/p/w300/djLsfl3lm7BZKWsKfVZ2wM1ZMrP.jpg
1739,32302,https://image.tmdb.org/t/p/w300/7jKefCfhcXLd1qVnmc1zBhSgPjh.jpg
1746,12538,https://image.tmdb.org/t/p/w300/rqy7OFHWy1NMjmgjyI8XYcl0VU5.jpg
1747,586,https://image.tmdb.org/t/p/w300/wyQDucg22FivG3Rz7CpaOY64eMr.jpg
1748,2666,https://image.tmdb.org/t/p/w300/tNPEGju4DpTdbhBphNmZoEi9Bd3.jpg
1752,11258,https://image.tmdb.org/t/p/w300/ggMcOVSax4lBXjYqqQUJLCtrar3.jpg
1753,9490,https://image.tmdb.org/t/p/w300/14TmEac4bquNaEld9t0uIliYoKE.jpg
1754,9411,https://image.tmdb.org/t/p/w300/qo8jWar5zEyAmu59Bd8PlbS2t4R.jpg
1755,25719,https://image.tmdb.org/t/p/w300/sBA1vTqjhKmtogB6PKQ3tOn2HNX.jpg
1757,11220,https://image.tmdb.org/t/p/w300/yyM9BPdwttK5LKZSLvHae7QPKo1.jpg
1759,21253,https://image.tmdb.org/t/p/w300/zkA5riIdjtanpSoTNh3icKNjACZ.jpg
1760,6116,https://image.tmdb.org/t/p/w300/vKiAnV1QAGIJP38vatwCZp4dCrH.jpg
1762,9457,https://image.tmdb.org/t/p/w300/A1nOnrAlG3EbOvzgZt2ya11OmjQ.jpg
1767,39424,https://image.tmdb.org/t/p/w300/zamhRB4bKVeRUW568lVSFeEbqVg.jpg
1769,11702,https://image.tmdb.org/t/p/w300/6q96xjyGTQllKAKgmwyBsk5JSe5.jpg
1770,2923,https://image.tmdb.org/t/p/w300/80bQjfpH14P5p2TDnfWUukEkM55.jpg
1771,12238,https://image.tmdb.org/t/p/w300/3bMb6CzdKfpw0pZWVW2RbQRneIC.jpg
1772,11568,https://image.tmdb.org/t/p/w300/nCoY8UK2x4DWpICipL40Hg4cDmO.jpg
1777,11003,https://image.tmdb.org/t/p/w300/zVvyTrcZQb7kC2DPDzyo25WcxXp.jpg
1779,10153,https://image.tmdb.org/t/p/w300/reR7C7EYe3DiHm5OYpA0ACUMDld.jpg
1783,30949,https://image.tmdb.org/t/p/w300/3R8At5ll1ZyCJT7FWbLmCjVqFlp.jpg
1784,2898,https://image.tmdb.org/t/p/w300/xXxuJPNUDZ0vjsAXca0O5p3leVB.jpg
1785,9558,https://image.tmdb.org/t/p/w300/1MyH4MJAJZJbb6wDVeOc2bTECtK.jpg
1791,26269,https://image.tmdb.org/t/p/w300/jepRBZNXgsINrbtSiSEdtCYbRMM.jpg
1792,11808,https://image.tmdb.org/t/p/w300/5ST0BydDSXtW5AtfDDhTVS13pTt.jpg
1793,6970,https://image.tmdb.org/t/p/w300/2ek9pyqNFQbtwtXptRZxsIGkOuN.jpg
1794,47452,https://image.tmdb.org/t/p/w300/2jCmP9j43QXy48oQFpzM4oaYRc7.jpg
1797,21736,https://image.tmdb.org/t/p/w300/a104Pkm7cHsztZK2wGiZFJmMqDs.jpg
1798,17941,https://image.tmdb.org/t/p/w300/muUx7SqlYE9kb1W4xzK7AaJueeN.jpg
1799,10668,https://image.tmdb.org/t/p/w300/rQ2Sidqubi7XiHDScFe1faIz3Uv.jpg
1801,9313,https://image.tmdb.org/t/p/w300/zHE9yRURvA7DyhYtQxkGTfE1Ywi.jpg
1804,42807,https://image.tmdb.org/t/p/w300/v3VuDClmFZNjfI6YLTkeinae9HK.jpg
1805,617,https://image.tmdb.org/t/p/w300/wrcTDD9T7Ga5c9MW7kaOo2qwIvW.jpg
1806,36568,https://image.tmdb.org/t/p/w300/aiW8TWjIuFveTcA5BCU7KMjPaaW.jpg
1807,37272,https://image.tmdb.org/t/p/w300/c1pyoTbc3xkLTIhPnj153CVUsRn.jpg
1809,5910,https://image.tmdb.org/t/p/w300/bWIo1nDJnSyGJvVt8bRw8PHBqo4.jpg
1810,9440,https://image.tmdb.org/t/p/w300/RXEgVSEBkMnV8LkEGkBpuz3mkD.jpg
1812,32911,https://image.tmdb.org/t/p/w300/xnqLUL2l71KVSaqiz9fbFpXtEFe.jpg
1816,32456,https://image.tmdb.org/t/p/w300/9Hj90OgXLBReJCAGqOOzzxjZfCh.jpg
1821,17127,https://image.tmdb.org/t/p/w300/2mA6QEdzhsftNIFV11SGsQLJvJR.jpg
1824,17133,https://image.tmdb.org/t/p/w300/feQeYHriKLCjzkUEjg4D81ggyYs.jpg
1825,19848,https://image.tmdb.org/t/p/w300/zq6D4HBRK6GMaJj4w5n5QsKXkLF.jpg
1826,17644,https://image.tmdb.org/t/p/w300/tSadXiI88soRyS4mcSr7PsKWaqN.jpg
1827,1774,https://image.tmdb.org/t/p/w300/jodI8ifzMO2IvuE0oBnqLZ2LCgF.jpg
1829,30265,https://image.tmdb.org/t/p/w300/e7qXWE5Qbhr55BrjOBi7JG5rI4B.jpg
1831,2157,https://image.tmdb.org/t/p/w300/fCocPDUFuKswY2GxDdfYsT9BXMd.jpg
1833,8838,https://image.tmdb.org/t/p/w300/60AAso6I2TzQCy2SjqtzPni8csA.jpg
1834,29193,https://image.tmdb.org/t/p/w300/cwkWlWfFrvH6WW6ovX5gfGHo7ks.jpg
1835,795,https://image.tmdb.org/t/p/w300/iuzxpUjHsbQJXV3kB9ZAdCimM60.jpg
1836,16980,https://image.tmdb.org/t/p/w300/lReaAZCsA0GXvJrxzSMsFxwgh6F.jpg
1837,27472,https://image.tmdb.org/t/p/w300/aTajf9LOrL1pok7KnzoHKFJJyWD.jpg
1839,47881,https://image.tmdb.org/t/p/w300/mUkKKzQTPB7lnvoy9RFEXngdhgj.jpg
1840,9469,https://image.tmdb.org/t/p/w300/kd8hRaysUQOz7AvSorZDJHuihcJ.jpg
1841,12488,https://image.tmdb.org/t/p/w300/1bfWAXuFjsZAslkA2HqFU30OZ2b.jpg
1844,267,https://image.tmdb.org/t/p/w300/7YPGYeamF6AuyxhKqbd5oNKKCCy.jpg
1845,16148,https://image.tmdb.org/t/p/w300/yFALvZFwqnh5ESarNoVd5KtizCo.jpg
1848,9449,https://image.tmdb.org/t/p/w300/kgaocWyuxihDe5aNqok6fORIHnY.jpg
1855,31220,https://image.tmdb.org/t/p/w300/5mmGI4O1gWYrwpPQ22hgHu9PkIv.jpg
1856,13907,https://image.tmdb.org/t/p/w300/m60KpD60vXOXjJXRjb4veX88Y8q.jpg
1857,29825,https://image.tmdb.org/t/p/w300/kJucBNGwwTT4n4pSHU1b44nyju4.jpg
1858,10622,https://image.tmdb.org/t/p/w300/wAAt2gvbkbeefzjd06GPfkdfUho.jpg
1859,30020,https://image.tmdb.org/t/p/w300/vgPwjgbSdbYWrS1ty8TIZtmi6Tn.jpg
1860,17139,https://image.tmdb.org/t/p/w300/v7TWGTZ6fNkY72IyoiVIcnlwniU.jpg
1862,10216,https://image.tmdb.org/t/p/w300/8LSBi0bHACZtIiVErUBQ2UXNYLA.jpg
1863,9771,https://image.tmdb.org/t/p/w300/bxaSidfXSEVw5zM5378m6tm7H51.jpg
1866,9448,https://image.tmdb.org/t/p/w300/7b1JP2WE0UrVAy34U7X4UngWtBi.jpg
1867,38618,https://image.tmdb.org/t/p/w300/kp4gfmC7O10lAuBCDn1cbnPdudU.jpg
1870,78373,https://image.tmdb.org/t/p/w300/khV9zPcvgOjrqwlk3dI1lGojZib.jpg
1873,4415,https://image.tmdb.org/t/p/w300/3TOgmlIY8X3WjIjvU7Z0jqeNkyU.jpg
1875,55561,https://image.tmdb.org/t/p/w300/buStvFH9j4n0McRewpbKBZsrKQc.jpg
1876,8656,https://image.tmdb.org/t/p/w300/a3vQS7JKqlOb3MdVJHuTCP9s7Mg.jpg
1881,18937,https://image.tmdb.org/t/p/w300/pLfFEQ9HTw0HRvBkW3nI9RUze03.jpg
1882,929,https://image.tmdb.org/t/p/w300/xJVl1I95StraYAwaNbBkVoWE2qA.jpg
1883,9452,https://image.tmdb.org/t/p/w300/gR9jZ7W2d28aSa2Yimz797VNXRh.jpg
1884,1878,https://image.tmdb.org/t/p/w300/tisNLcMkxryU2zxhi0PiyDFqhm0.jpg
1885,9844,https://image.tmdb.org/t/p/w300/e0rNtvIlcd8c0WChSsVC0W8Bvlf.jpg
1887,14342,https://image.tmdb.org/t/p/w300/kwZoIxl1RlsM0utYGt04CM20Kk9.jpg
1888,9715,https://image.tmdb.org/t/p/w300/6PRFM09xjGSWpXObW87CT5JELGJ.jpg
1889,26610,https://image.tmdb.org/t/p/w300/k0inzQmt7kATmAGns0wdfjiFxSu.jpg
1891,40961,https://image.tmdb.org/t/p/w300/vtwQ8oICMxscIpoL3bKcoKklcV2.jpg
1892,1965,https://image.tmdb.org/t/p/w300/wC0ax12N9GQ8vMXPEs4nES5AAiB.jpg
1893,312,https://image.tmdb.org/t/p/w300/bfNOcXDcwzKOlJoTtQM4lsEVxS1.jpg
1894,6068,https://image.tmdb.org/t/p/w300/fzWrrCzRa16v51TXAUuT6Wendw7.jpg
1895,15037,https://image.tmdb.org/t/p/w300/r3a5gGWfS0SDS9nriNrJzSSrErf.jpg
1897,37636,https://image.tmdb.org/t/p/w300/lMXSGQIKTaM4bDkshmEHXHtfa7l.jpg
1900,21334,https://image.tmdb.org/t/p/w300/jWqh1CJWAEcxckMRrf6ARhIEh0R.jpg
1902,32284,https://image.tmdb.org/t/p/w300/1hGRcEPnpmgAmfLObym3olCk6tM.jpg
1904,37410,https://image.tmdb.org/t/p/w300/1Uun13GJi5U0gs303e7BnER6SpG.jpg
1906,53765,https://image.tmdb.org/t/p/w300/eHKAQTwZOIzUvqz4pZ3Tj6JX3K1.jpg
1907,10674,https://image.tmdb.org/t/p/w300/jAbexAtB0aSfP5Ay4TpWHARyVnG.jpg
1909,846,https://image.tmdb.org/t/p/w300/yLIw6shz2WC3W3iI0jROsF4B2ha.jpg
1910,12655,https://image.tmdb.org/t/p/w300/2rApWxlYkiwNZBSC3KJ7WFWWq1T.jpg
1911,3050,https://image.tmdb.org/t/p/w300/tLrchGMIkdo1KamQJA6fwvDQEy0.jpg
1912,1389,https://image.tmdb.org/t/p/w300/v49q7AMR3pB4M762woWB1NYMCLF.jpg
1913,11020,https://image.tmdb.org/t/p/w300/7BAXwmFN4pZDNb9N6kzmAAwdssi.jpg
1914,20862,https://image.tmdb.org/t/p/w300/dZ6smtO2cEm3nxVhWscYfKS0mYX.jpg
1916,9464,https://image.tmdb.org/t/p/w300/fxzXFzbSGNA52NHQCMqQiwzMIQw.jpg
1917,95,https://image.tmdb.org/t/p/w300/eTM3qtGhDU8cvjpoa6KEt5E2auU.jpg
1918,944,https://image.tmdb.org/t/p/w300/1EYNRhKXcMPF2zOPS1nWXoC844w.jpg
1919,35680,https://image.tmdb.org/t/p/w300/nAGRLwJC0jv7QlfJR6y32xRZqcF.jpg
1920,11551,https://image.tmdb.org/t/p/w300/2nuUjSzHsoYlRvTPmLo7m7gCQry.jpg
1921,473,https://image.tmdb.org/t/p/w300/fJA22FjlAW8rzrOw9Mwanl6oTc9.jpg
1922,102304,https://image.tmdb.org/t/p/w300/50LDvIjveOcNeDDybh3HXUpNb9t.jpg
1923,544,https://image.tmdb.org/t/p/w300/slJD1Dvnsf15LoeqhERsyzisAdn.jpg
1924,10513,https://image.tmdb.org/t/p/w300/bmicZi7PvlnZ9rZqp6QXN2Db0pT.jpg
1926,65203,https://image.tmdb.org/t/p/w300/giq8GJs8YGMzHxeKxNSuwzAdd1c.jpg
1927,143,https://image.tmdb.org/t/p/w300/1wZUB08igw8iLUgF1r4T6aJD65b.jpg
1928,42861,https://image.tmdb.org/t/p/w300/cqvfhi9s1VsTgXcV1B7vX0Cb1qA.jpg
1929,33680,https://image.tmdb.org/t/p/w300/g8xrpXJWzz91R4jL8ybMKMValB2.jpg
1931,12311,https://image.tmdb.org/t/p/w300/GD98ozz6F6tSu8BWGulpseEKhv.jpg
1932,43277,https://image.tmdb.org/t/p/w300/rhF6vYFVCaPCs7CgDqg3n4mNod3.jpg
1933,43278,https://image.tmdb.org/t/p/w300/gsEa6ZU1zHhjTYneNNBQApzl8Vu.jpg
1934,34106,https://image.tmdb.org/t/p/w300/9JltqbDyWstYW6gnvqDO6L5bOrx.jpg
1936,27367,https://image.tmdb.org/t/p/w300/fjPjx6FTaoTussbqoLj6OYTtUyi.jpg
1937,17661,https://image.tmdb.org/t/p/w300/838yNJnOk6iZj5YK1MoKiN2n1hw.jpg
1938,28580,https://image.tmdb.org/t/p/w300/yL6EJxPeYIcB9TChm56lHqXKzHC.jpg
1939,887,https://image.tmdb.org/t/p/w300/gd5EoAU4MM57sW3vlWxJ0NMM8cV.jpg
1940,33667,https://image.tmdb.org/t/p/w300/aCCRbcmigPk00f34hpJuWZuvABo.jpg
1941,23383,https://image.tmdb.org/t/p/w300/woO9SgU2vTRMZeG0YqOLeoIqlzC.jpg
1942,25430,https://image.tmdb.org/t/p/w300/7o8nnvFnkekDAlIYznNUWzxQFM6.jpg
1944,11426,https://image.tmdb.org/t/p/w300/xO1LHnh9aQlQFFq1DxyQrOTia1S.jpg
1945,654,https://image.tmdb.org/t/p/w300/v1RtJ1qR4v9nrnfoBVBl6hjTW9.jpg
1946,15919,https://image.tmdb.org/t/p/w300/8tnGO5VoAQII4DbE3hozWKhV4BY.jpg
1947,1725,https://image.tmdb.org/t/p/w300/nzCMu6D5q60i2bVrIQ0DxlRSgCZ.jpg
1948,5769,https://image.tmdb.org/t/p/w300/yKuZKLMhe74PJzaxYLh2s8h4P2P.jpg
1949,874,https://image.tmdb.org/t/p/w300/1AhIatyuSxymFNHhNTzDiUrE6kn.jpg
1950,10633,https://image.tmdb.org/t/p/w300/qFpfALhprXmOAbA5upTNupZw8rq.jpg
1951,17917,https://image.tmdb.org/t/p/w300/1XJgoaOWKrqxkKeBKWLKSigqG8c.jpg
1952,3116,https://image.tmdb.org/t/p/w300/ckklq45UxUkwgHve9xItXqXr06r.jpg
1953,1051,https://image.tmdb.org/t/p/w300/pH4saPwMjhnVGwmSH6RkMaHrt3s.jpg
1954,1366,https://image.tmdb.org/t/p/w300/aYtBYWqCdUqcnoodWJdcTG3pFev.jpg
1955,12102,https://image.tmdb.org/t/p/w300/3CUP5V5SWfHSK4qvkZF7lMNyugY.jpg
1956,16619,https://image.tmdb.org/t/p/w300/tJVETEDAKgD3fEh88SHOvMvOQue.jpg
1957,9443,https://image.tmdb.org/t/p/w300/qnRaum8k0HqGRml2i7OawFqUtEb.jpg
1958,11050,https://image.tmdb.org/t/p/w300/l77DRjJuykqKMtD9GTK4YT7qKHW.jpg
1959,606,https://image.tmdb.org/t/p/w300/6oMKqh08TfxmvnoFR4mm1wZB67P.jpg
1960,746,https://image.tmdb.org/t/p/w300/7TILJhdeJAaEyDiwvJZMo9SQBoe.jpg
1961,380,https://image.tmdb.org/t/p/w300/iTNHwO896WKkaoPtpMMS74d8VNi.jpg
1962,403,https://image.tmdb.org/t/p/w300/iaCzvcY42HihFxQBTZCTKMpsI0P.jpg
1963,11485,https://image.tmdb.org/t/p/w300/dT7cKFxsuHzSnDBxKeP5acoIpWZ.jpg
1964,466,https://image.tmdb.org/t/p/w300/tVyINAsNGSgD1OIstqwCcs7wyGH.jpg
1965,13820,https://image.tmdb.org/t/p/w300/bjuu5UceuVUNUjnOC2fBzL3hZKC.jpg
1966,15389,https://image.tmdb.org/t/p/w300/852ZwTRj9tRxkGOT0Pu0Ep8yimk.jpg
1967,13597,https://image.tmdb.org/t/p/w300/hbSdA1DmNA9IlfVoqJkIWYF2oYm.jpg
1968,2108,https://image.tmdb.org/t/p/w300/gp4zlj7wgbiofLMNsTPndMuO3PN.jpg
1969,10014,https://image.tmdb.org/t/p/w300/53kxYw0G3o55yJ23K7s7KMaOyAM.jpg
1970,10072,https://image.tmdb.org/t/p/w300/qbtZewU6EGvxi8yFVzwZ31NijLX.jpg
1971,10131,https://image.tmdb.org/t/p/w300/boStYG7jKdoIZTduiOOsUVknD13.jpg
1972,10160,https://image.tmdb.org/t/p/w300/kizvpgXQfrAgN8FhOd87LbKk6kO.jpg
1973,11284,https://image.tmdb.org/t/p/w300/e4qh58n2WaG4Gyh9VhjOUeN9Mhv.jpg
1974,4488,https://image.tmdb.org/t/p/w300/uGGpnWHOmWTARVN9wbC1nPxNgps.jpg
1975,9725,https://image.tmdb.org/t/p/w300/92rGctBMTv4uaSlIBVnhz01kRWL.jpg
1976,9728,https://image.tmdb.org/t/p/w300/9kukTSlgFgXnQGdpcHvHcpTDiUc.jpg
1977,9730,https://image.tmdb.org/t/p/w300/1J7zudfR3VLPwAf9lK5YPfSu0n6.jpg
1978,9731,https://image.tmdb.org/t/p/w300/ewnIs4aCuWnKQ13Eaj8f3ybrQc8.jpg
1979,10225,https://image.tmdb.org/t/p/w300/6vdUpHvkspQonXBdWcLWW5ciEPJ.jpg
1980,10281,https://image.tmdb.org/t/p/w300/rUzk9Qnyz2FZGxHMBrq6DYIQZkO.jpg
1981,10283,https://image.tmdb.org/t/p/w300/6ezOsZ9UzqGnbDokaatxdOWP6e9.jpg
1982,948,https://image.tmdb.org/t/p/w300/wijlZ3HaYMvlDTPqJoTCWKFkCPU.jpg
1983,11281,https://image.tmdb.org/t/p/w300/3nX5HHGgOKaVMxXwMLT9DHO1Ne6.jpg
1984,10676,https://image.tmdb.org/t/p/w300/WABfdeaThFYXCySGIOvRNv2sSW.jpg
1985,11357,https://image.tmdb.org/t/p/w300/eFSOkXF9n9hsfGv45MDsPixiOyx.jpg
1986,11361,https://image.tmdb.org/t/p/w300/rYvP6yMXCIVHnkVtwGaAXFmpzkB.jpg
1987,36599,https://image.tmdb.org/t/p/w300/r2Ew7wUP96PsePEZseK6JqcPWY9.jpg
1990,41769,https://image.tmdb.org/t/p/w300/tjq1iWClSBCfi3SjpVJblOU6q4F.jpg
1991,10585,https://image.tmdb.org/t/p/w300/wvpgvcWNkF2HLuTEMIM7K83MvZ.jpg
1992,11186,https://image.tmdb.org/t/p/w300/2tPQbPQeHEYAGoXFSW61IWNmoce.jpg
1993,11187,https://image.tmdb.org/t/p/w300/6toMk9OCuDYEEf733Bzlq3yiw3z.jpg
1994,609,https://image.tmdb.org/t/p/w300/m5AKo8iZAYulI87Uzxkn87vRY07.jpg
1995,11133,https://image.tmdb.org/t/p/w300/tVQPv69XWIgzF5n1MRrTuhPyNr5.jpg
1996,10306,https://image.tmdb.org/t/p/w300/pLewUibOJLGISvMqB94mAMdjz2q.jpg
1997,9552,https://image.tmdb.org/t/p/w300/5x0CeVHJI8tcDx8tUUwYHQSNILq.jpg
1998,11586,https://image.tmdb.org/t/p/w300/g9i3LTMYLRHvCYSKimZEfd1Vqy7.jpg
1999,11587,https://image.tmdb.org/t/p/w300/rhSftgj3vwpIDSP8v67N8KEubmz.jpg
2000,941,https://image.tmdb.org/t/p/w300/fTq4ThIP3pQTYR9eDepsbDHqdcs.jpg
2001,942,https://image.tmdb.org/t/p/w300/v04YGBUiGMoqxWqjPJrQUfRImFp.jpg
2002,943,https://image.tmdb.org/t/p/w300/efOCSdTquRGQFTpTsLYApfBWmJK.jpg
2003,927,https://image.tmdb.org/t/p/w300/6m0F7fsXjQvUbCZrPWcJNrjvIui.jpg
2004,928,https://image.tmdb.org/t/p/w300/35F5yD7MljvBE2AC0NHAVCoPGEi.jpg
2005,9340,https://image.tmdb.org/t/p/w300/eBU7gCjTCj9n2LTxvCSIXXOvHkD.jpg
2006,9342,https://image.tmdb.org/t/p/w300/bdMufwGDDzqu4kTSQwrKc5WR4bu.jpg
2007,38509,https://image.tmdb.org/t/p/w300/36De1BxBBzXyJ1eYVQlIoTUIwQm.jpg
2008,60033,https://image.tmdb.org/t/p/w300/vXO9T4rbJFVRF6BbABHe7VKJdj9.jpg
2009,12101,https://image.tmdb.org/t/p/w300/5nbkShkOEXUoKVhaX0XG41wyBkq.jpg
2010,19,https://image.tmdb.org/t/p/w300/kr9wXRN23zLuWJIelahas1mtnYj.jpg
2011,165,https://image.tmdb.org/t/p/w300/hQq8xZe5uLjFzSBt4LanNP7SQjl.jpg
2012,196,https://image.tmdb.org/t/p/w300/crzoVQnMzIrRfHtQw0tLBirNfVg.jpg
2013,551,https://image.tmdb.org/t/p/w300/6RGiA5BfhelU9zoD0b1GAG4GWWf.jpg
2014,16084,https://image.tmdb.org/t/p/w300/8kHZmN4Ao70LTgaiUti23Zl7fFq.jpg
2015,17984,https://image.tmdb.org/t/p/w300/gCnuDDqoyaBdeeItQ4BjKtYpzF6.jpg
2016,22328,https://image.tmdb.org/t/p/w300/oPGACB1ZfPM9bKlQva2TFpCkWSD.jpg
2017,32611,https://image.tmdb.org/t/p/w300/pPNVXVQTCgdUiIiyxxYlTTqkgiZ.jpg
2018,3170,https://image.tmdb.org/t/p/w300/wV9e2y4myJ4KMFsyFfWYcUOawyK.jpg
2019,346,https://image.tmdb.org/t/p/w300/lOMGc8bnSwQhS4XyE1S99uH8NXf.jpg
2020,859,https://image.tmdb.org/t/p/w300/hFem30C3uJUd9smNy7rFLGVhKys.jpg
2021,841,https://image.tmdb.org/t/p/w300/ngUaHgSZGkKy1Izwjk7qwZLOC5A.jpg
2022,11051,https://image.tmdb.org/t/p/w300/7L4qwrC1mipZXJfU5oRgQWChLv1.jpg
2023,242,https://image.tmdb.org/t/p/w300/lm3pQ2QoQ16pextRsmnUbG2onES.jpg
2024,1411,https://image.tmdb.org/t/p/w300/4EkFm13ecqO0eszr7OKT8vf1YjJ.jpg
2025,9769,https://image.tmdb.org/t/p/w300/9INcC14WZjCMKGE360VXmklCLdZ.jpg
2026,9424,https://image.tmdb.org/t/p/w300/uAhvaueOUUQ6ORCRdsJr1WXz1w0.jpg
2027,9835,https://image.tmdb.org/t/p/w300/gGgirOcInrfjWgemKMjvZc3fGtU.jpg
2028,857,https://image.tmdb.org/t/p/w300/uqx37cS8cpHg8U35f9U5IBlrCV3.jpg
2032,20173,https://image.tmdb.org/t/p/w300/l80GlJCOFM6rE2uwiW0EMD6jAPd.jpg
2033,10957,https://image.tmdb.org/t/p/w300/h64i9e6oJs2jrDZ4QzspXMqZhPF.jpg
2034,9570,https://image.tmdb.org/t/p/w300/gCqOJWvOK5UPospyrLANKfwRBlG.jpg
2035,16249,https://image.tmdb.org/t/p/w300/bEMEjagTsdkUi7Jzxe0lQsquD7J.jpg
2036,13962,https://image.tmdb.org/t/p/w300/qhsH1BGqeCDHoogt5ebxOgERJGb.jpg
2037,14612,https://image.tmdb.org/t/p/w300/6Rq9u5fnS6PzWz9dgPQmBhgDvRJ.jpg
2038,19378,https://image.tmdb.org/t/p/w300/jspJBPlYGuMlwLbSSo0hdgfbnY0.jpg
2040,29228,https://image.tmdb.org/t/p/w300/vXfUKvAHTIifAU7IP17kl1ZBGh6.jpg
2041,19379,https://image.tmdb.org/t/p/w300/wRe9kAvjN5IGAjPd0oCKhjyQDt0.jpg
2042,11164,https://image.tmdb.org/t/p/w300/veGW1N6QUglP4osDdOUI6CZCcBI.jpg
2043,18887,https://image.tmdb.org/t/p/w300/fvdCK9sIgbKHQJjpjhtF9Ev8ysj.jpg
2044,40866,https://image.tmdb.org/t/p/w300/b5XOONi82ThL4r5K20BKsWIhmi6.jpg
2046,10122,https://image.tmdb.org/t/p/w300/tdRgQWMximj0tL6OWu9kRTtePmI.jpg
2048,9994,https://image.tmdb.org/t/p/w300/9uDr7vfjCFr39KGCcqrk44Cg7fQ.jpg
2050,12129,https://image.tmdb.org/t/p/w300/7cBOYLDhHMA351ndLthSxBCwO5N.jpg
2051,14140,https://image.tmdb.org/t/p/w300/4gMplOTJWAj1oNrv0QJG6SGhBNQ.jpg
2052,10439,https://image.tmdb.org/t/p/w300/by4D4Q9NlUjFSEUA1yrxq6ksXmk.jpg
2053,11158,https://image.tmdb.org/t/p/w300/4EGqDo2pP2ZL0TCcYDGnwsU8liQ.jpg
2054,9354,https://image.tmdb.org/t/p/w300/omQOzahi2NIeiYznNxHFDvNbvo6.jpg
2055,28736,https://image.tmdb.org/t/p/w300/zr6pX2rUfaub8QcGaIjYInuJBqQ.jpg
2056,34774,https://image.tmdb.org/t/p/w300/27hbGwIAmvcB9X9FdXSwvU05frt.jpg
2057,37969,https://image.tmdb.org/t/p/w300/vOnusK40twHThlxz6sGXVyakATx.jpg
2058,9631,https://image.tmdb.org/t/p/w300/dUMHEymATOGbs2K3E4dmNSVBgFQ.jpg
2059,9820,https://image.tmdb.org/t/p/w300/p4dGmi8u9W0HHyVXcgWPoiFfKTF.jpg
2060,14013,https://image.tmdb.org/t/p/w300/oKZdAUV9XSLp091f0GmtQEu0UZy.jpg
2064,1779,https://image.tmdb.org/t/p/w300/ePVEnKOMtrIfHZ6wQBfWihTvwqD.jpg
2065,10849,https://image.tmdb.org/t/p/w300/ccsint43E44B7NGceEhVimD93Yt.jpg
2066,678,https://image.tmdb.org/t/p/w300/lnUK6Cg5ARM0qaq0B5SG20VAM0h.jpg
2067,907,https://image.tmdb.org/t/p/w300/r0Iv2BiCFYDnzc6uU1q3AJ56igT.jpg
2068,5961,https://image.tmdb.org/t/p/w300/q8jlA3Wc1Z987hNKRFA44g5OugC.jpg
2069,47908,https://image.tmdb.org/t/p/w300/qJ6A6fvp8PLFxxLVPLveFUmTOCG.jpg
2070,42121,https://image.tmdb.org/t/p/w300/fBP6uK0K4EnV8dtt4SJQrMdX0wb.jpg
2071,2887,https://image.tmdb.org/t/p/w300/4fyZ6SZaZuerfZWaIp0niFW7Yar.jpg
2072,11974,https://image.tmdb.org/t/p/w300/jwYKzJS0C3A711hmg1G4ptI0InF.jpg
2073,20348,https://image.tmdb.org/t/p/w300/7hdQUp17uXp8tZJWB8eWh25DWbc.jpg
2074,26648,https://image.tmdb.org/t/p/w300/zTUYhMdh2Jwk5s9jbrU4mCH3CY4.jpg
2075,11911,https://image.tmdb.org/t/p/w300/SNJoUTU8PSxQlj3RkrwYGOQPyj.jpg
2076,793,https://image.tmdb.org/t/p/w300/6v1zYh2FKOYVddY5pCQhd4PO9uX.jpg
2077,35144,https://image.tmdb.org/t/p/w300/z2eHb3ih4k9zannMKn3wmVvYAis.jpg
2078,9325,https://image.tmdb.org/t/p/w300/yN1kuupnPTLUprgfvC5WapgrxG4.jpg
2080,10340,https://image.tmdb.org/t/p/w300/340NcWz9SQXWQyf4oicMxjbrLOb.jpg
2081,10144,https://image.tmdb.org/t/p/w300/plcZXvI310FkbwIptvd6rqk63LP.jpg
2082,10414,https://image.tmdb.org/t/p/w300/zxaCHxKDFNi6frh1Q0dj19L216o.jpg
2083,10437,https://image.tmdb.org/t/p/w300/ssrV29QSVVJuemBHho0Qx7pFYak.jpg
2084,15300,https://image.tmdb.org/t/p/w300/8ykmCMHzkRSuJucPYeqGA2ampbp.jpg
2085,12230,https://image.tmdb.org/t/p/w300/v62BSVTUmFoVLW3v0ffXo7kzhL9.jpg
2087,10693,https://image.tmdb.org/t/p/w300/fJJOs1iyrhKfZceANxoPxPwNGF1.jpg
2088,11335,https://image.tmdb.org/t/p/w300/hCCp4pESgYY6uTFARYf4UYV1BdU.jpg
2089,11135,https://image.tmdb.org/t/p/w300/5koTDBmMAkJOgAe4PL4163UKjvG.jpg
2090,11319,https://image.tmdb.org/t/p/w300/9jpDjrRyvv9Nw0piXOpHHQTfxw9.jpg
2091,14822,https://image.tmdb.org/t/p/w300/2bnmbL5YkqfR3OkQRzgoCf3vs4V.jpg
2092,15969,https://image.tmdb.org/t/p/w300/7SC793qtORB6YL4mu0F5o3hfjDQ.jpg
2093,13155,https://image.tmdb.org/t/p/w300/dyMwaXA9nVhPiA5wYHsvfUAnbaB.jpg
2094,10249,https://image.tmdb.org/t/p/w300/2tDFRESFwKww1LHRE8W1Exj9edH.jpg
2095,15943,https://image.tmdb.org/t/p/w300/4RdTXlf06wFCQ0gAkeOljtw1dFY.jpg
2096,10882,https://image.tmdb.org/t/p/w300/n3pxoMDDxp10c1smgbDzW4bwlzq.jpg
2097,24808,https://image.tmdb.org/t/p/w300/94dMO6kAawyFUk0sCDGIjAnchED.jpg
2098,19762,https://image.tmdb.org/t/p/w300/nP2V3il0SCAwu12SypdcTQggUBA.jpg
2099,13850,https://image.tmdb.org/t/p/w300/lFlWpfcw8TCmZ88jw6e943vEbtu.jpg
2100,2619,https://image.tmdb.org/t/p/w300/7FutTsMWBwVhjk1Ujf1wtndUVZh.jpg
2102,53565,https://image.tmdb.org/t/p/w300/ybR0RzVkF9OLEsQHfYMDVgjrmH8.jpg
2103,41841,https://image.tmdb.org/t/p/w300/di43EvahPBbdTgZrBxx8yZjvFu8.jpg
2104,27332,https://image.tmdb.org/t/p/w300/j9p9IHzjRNoswTPqWpUiOisHuEs.jpg
2105,97,https://image.tmdb.org/t/p/w300/jigY9B6TKz4qlfikZcd18qtzTK4.jpg
2106,10419,https://image.tmdb.org/t/p/w300/o85xTgX5ByDewuYo5yOLIsP02CX.jpg
2107,11675,https://image.tmdb.org/t/p/w300/lqLXUm3oK59sGJKRH2Zjj2m3iMg.jpg
2108,2107,https://image.tmdb.org/t/p/w300/At97val6UZyQoQtmH1b2Pe7bWqG.jpg
2109,6471,https://image.tmdb.org/t/p/w300/mIjOWtUofyt9Jawge7FbvITjU3D.jpg
2110,9442,https://image.tmdb.org/t/p/w300/cwYwZBEE73PakUWzbICzxYKlXAz.jpg
2111,11591,https://image.tmdb.org/t/p/w300/jSnGiPE17sgicRyTPrE6UB0pnEU.jpg
2112,13697,https://image.tmdb.org/t/p/w300/gpqLukoUXAXkyMZ0jPSuAbWf5Nx.jpg
2114,227,https://image.tmdb.org/t/p/w300/l9os0HcXY8BOkvUWAx4rvby3j6L.jpg
2115,87,https://image.tmdb.org/t/p/w300/gpdVNUaa4LhRMLfJOPj1AZdhAZ3.jpg
2116,123,https://image.tmdb.org/t/p/w300/liW0mjvTyLs7UCumaHhx3PpU4VT.jpg
2117,9314,https://image.tmdb.org/t/p/w300/hrdQlicxuyTg3zyVqq78EsA4Z6J.jpg
2118,11336,https://image.tmdb.org/t/p/w300/9yTVaeS8eIkOpbwIycVFm7EQrgF.jpg
2119,9980,https://image.tmdb.org/t/p/w300/8pGYesuatPnMS8lhS4NvwiDjKbG.jpg
2120,10657,https://image.tmdb.org/t/p/w300/9RxE6kd1ky4689WxqX6CHEpIWya.jpg
2121,10489,https://image.tmdb.org/t/p/w300/uNBt2YxrQdyOjnm2rDQ5QiCmQ0K.jpg
2122,10823,https://image.tmdb.org/t/p/w300/jJTrFHu3rjAgP1lryKGEsC9hqyM.jpg
2123,11497,https://image.tmdb.org/t/p/w300/nmWh1NglDinfkHD9zCNqGWyhl7Q.jpg
2124,2907,https://image.tmdb.org/t/p/w300/qFf8anju5f2epI0my8RdwwIXFIP.jpg
2125,9454,https://image.tmdb.org/t/p/w300/9TspO5dThMBioF0DFrvy6YqrngH.jpg
2126,8688,https://image.tmdb.org/t/p/w300/gsh9mQKRrr4M90XC9Rr0wxefc9u.jpg
2130,23954,https://image.tmdb.org/t/p/w300/t7COhy9HkznR0gcdhTNwtHmBN31.jpg
2131,12761,https://image.tmdb.org/t/p/w300/6beNbtCXv3GkzHkxkGYf38ib7v8.jpg
2132,396,https://image.tmdb.org/t/p/w300/wF7ihB5V5gSm6zxjv3ZhHOpgREI.jpg
2133,14367,https://image.tmdb.org/t/p/w300/8QiAj0Xw2UMeZMIIfZKeNoIsszs.jpg
2134,11814,https://image.tmdb.org/t/p/w300/jaEauZd2joSAKn42D83gm3S0y3F.jpg
2135,16081,https://image.tmdb.org/t/p/w300/rViuZo27U8wcZHGuRliv9LfmhjV.jpg
2136,18331,https://image.tmdb.org/t/p/w300/a3lzU19j7WGfyXVDfPMdh8DAkru.jpg
2137,15171,https://image.tmdb.org/t/p/w300/eLq5bed09bkNVjUfknlbSil2cfR.jpg
2138,11837,https://image.tmdb.org/t/p/w300/q9ZcNxfquJbMTd6UfhAlJbmLBts.jpg
2139,11704,https://image.tmdb.org/t/p/w300/prNrnOKlkV9wl5Sl3zwHu1f3t2z.jpg
2140,11639,https://image.tmdb.org/t/p/w300/fZPxRaa6gvCyGCh9Xk5kyPqz7fp.jpg
2141,4978,https://image.tmdb.org/t/p/w300/51pLurrIQDhXZab4cv8lHP32UiR.jpg
2142,10380,https://image.tmdb.org/t/p/w300/k4aLupAkHWwHiEDwvqsZFAnUYF.jpg
2143,11976,https://image.tmdb.org/t/p/w300/6n3PQSYpZRK5YPk2w8JEwED7AZk.jpg
2144,15144,https://image.tmdb.org/t/p/w300/A3WGCAgJF33kZdlxUdyXHYdbYax.jpg
2145,11522,https://image.tmdb.org/t/p/w300/jeFJyzJBufJexpOuywuPp8q2tCJ.jpg
2146,11557,https://image.tmdb.org/t/p/w300/g2SL3XHJas7hebZ2hhTrYLpKToD.jpg
2147,13853,https://image.tmdb.org/t/p/w300/jbftdduVujKeoib5fwDBbEMamdj.jpg
2148,11415,https://image.tmdb.org/t/p/w300/jhfbMS620H29FK0miTk8TCgMK9w.jpg
2149,37530,https://image.tmdb.org/t/p/w300/o58So9NfjKPITUQhQdpCUdTi9Vn.jpg
2150,8393,https://image.tmdb.org/t/p/w300/wntGWN2mpeS3QaUm1PTKAcTM9K7.jpg
2151,11937,https://image.tmdb.org/t/p/w300/sxPpBTB2Rd5PHs97E2zn0t9GCSp.jpg
2152,21661,https://image.tmdb.org/t/p/w300/y3ohh9NyWx2oj2op1dfrkwJMeFE.jpg
2153,9320,https://image.tmdb.org/t/p/w300/1p5thyQ4pCy876HpdvFARqJ62N9.jpg
2154,33644,https://image.tmdb.org/t/p/w300/ygmuaJDLYxWJo8eNhq0A63hagrQ.jpg
2155,14662,https://image.tmdb.org/t/p/w300/bTY6I0Mju4vTRHGoTZrNtxtAlAO.jpg
2156,125124,https://image.tmdb.org/t/p/w300/it3TqsjG19roZJTM1zbogEj10Mg.jpg
2159,10692,https://image.tmdb.org/t/p/w300/diVMzTarVLgjc3jyODyhZMadfwD.jpg
2160,805,https://image.tmdb.org/t/p/w300/uYgvlHceRFjAFbsNeMInYcLZLUb.jpg
2161,34584,https://image.tmdb.org/t/p/w300/lWJC8om086h01f0CMGR9ombdpnI.jpg
2162,34636,https://image.tmdb.org/t/p/w300/bRSLCuO2B6owYBtUwGYGqWZCVo6.jpg
2163,2182,https://image.tmdb.org/t/p/w300/flCZ7TcuFsT8K5pz6vDZ0Gjk7Nu.jpg
2164,28070,https://image.tmdb.org/t/p/w300/gVECT5DHulQJyo9oqS1tdDSGowI.jpg
2165,77469,https://image.tmdb.org/t/p/w300/g8u6Hx7F7V2gFr5ddyLQPzQ8f3t.jpg
2166,10278,https://image.tmdb.org/t/p/w300/t4lmZtx1zLUijwO2oHHEbUQ7j41.jpg
2167,36647,https://image.tmdb.org/t/p/w300/oWT70TvbsmQaqyphCZpsnQR7R32.jpg
2169,14557,https://image.tmdb.org/t/p/w300/mTr7ARy7lj8ggvg6snLWDo3CnEu.jpg
2170,9417,https://image.tmdb.org/t/p/w300/6FG3aldS4eVD4baKwmAi9P8kdRS.jpg
2171,41469,https://image.tmdb.org/t/p/w300/cygwoUJ1LqXkYT451E7W3dHtfHZ.jpg
2172,19381,https://image.tmdb.org/t/p/w300/cCr8mLqIVkbjBNs1uaZPvkXYnWA.jpg
2174,4011,https://image.tmdb.org/t/p/w300/nnl6OWkyPpuMm595hmAxNW3rZFn.jpg
2175,161795,https://image.tmdb.org/t/p/w300/1fAIdDUVhQaqBr4lVPOeEiNPA3l.jpg
2176,1580,https://image.tmdb.org/t/p/w300/9ar6rxLDB8kagAnXZKn6h9smscr.jpg
2177,5854,https://image.tmdb.org/t/p/w300/oQ9QbyBuIM2uYaheSKjs2x1xIQV.jpg
2178,573,https://image.tmdb.org/t/p/w300/4SFvqrlSigAt9tnhXFSMyKeJWQk.jpg
2179,2370,https://image.tmdb.org/t/p/w300/8u7vxykCVZoaxNocLbpstv3IFNK.jpg
2180,5780,https://image.tmdb.org/t/p/w300/7XC1l9eP2TBYMEdA4KRUqKAFmbm.jpg
2181,506,https://image.tmdb.org/t/p/w300/nRRy4VO2A3Py7wiZBPz11PAlogp.jpg
2182,22527,https://image.tmdb.org/t/p/w300/pO5XR2R56RAbVjdks9gGGn0fbOa.jpg
2183,574,https://image.tmdb.org/t/p/w300/gy8YBRjCQRIT9x9G9F5fpnFD4xw.jpg
2184,11219,https://image.tmdb.org/t/p/w300/uUXLq7fEG3hI46ZFMZzgHj11S6S.jpg
2185,30159,https://image.tmdb.org/t/p/w300/5IYyJetEctAypFYIffqx55PXTPT.jpg
2186,845,https://image.tmdb.org/t/p/w300/ihC083U7ef56Ui4x0P0dobojrZ1.jpg
2187,1978,https://image.tmdb.org/t/p/w300/l43OTqhib8do1WwXig8JI8Y68Fd.jpg
2188,3682,https://image.tmdb.org/t/p/w300/gLjt54vow8CEOHdgRkQCyXwbq52.jpg
2190,46702,https://image.tmdb.org/t/p/w300/tSj2g6VdJ2UXeWk9wRa19SsxRFg.jpg
2193,847,https://image.tmdb.org/t/p/w300/pAIRGMIdN7ZdZhflazdV2ezuJ9f.jpg
2194,117,https://image.tmdb.org/t/p/w300/tPq0R4jTO4Ey8ZspFaWK9wGA4Ls.jpg
2195,14577,https://image.tmdb.org/t/p/w300/r6OcS6TQCHal2wHooJhHWSlFzfd.jpg
2196,37498,https://image.tmdb.org/t/p/w300/hK7hKDA51FCbtFCuXZNiQ6gPq3S.jpg
2201,31667,https://image.tmdb.org/t/p/w300/faUkygLOpVA8roEYNYyQTX3llnJ.jpg
2202,13321,https://image.tmdb.org/t/p/w300/2QXpzBMJJtmH7JvVf0ZzENvgc1o.jpg
2203,21734,https://image.tmdb.org/t/p/w300/ptyWagbWE8jSGyV2tGEzAdVbRCj.jpg
2204,31997,https://image.tmdb.org/t/p/w300/iDKOOTymUZg0WAWPcbdP6nPZEFF.jpg
2205,24197,https://image.tmdb.org/t/p/w300/lIFBvhh9EbQpwkYa135dQvMHXSj.jpg
2206,11462,https://image.tmdb.org/t/p/w300/clWNlzlbyaEoIK63lcFjqBmXoQz.jpg
2207,31995,https://image.tmdb.org/t/p/w300/qgeBF25h9MYoxJmKvlUj60IGDNz.jpg
2208,940,https://image.tmdb.org/t/p/w300/qyP7W58Z8BUwl2tL1UE1VVXEU0K.jpg
2210,12684,https://image.tmdb.org/t/p/w300/A6cyOt9mhmvWA2uHcVsGkcCaHCz.jpg
2211,2761,https://image.tmdb.org/t/p/w300/vHfEuqttHs2fXLGgkSxC5nh7AHz.jpg
2212,8208,https://image.tmdb.org/t/p/w300/qghwbSfQblFYRFq675uK5qDGr3w.jpg
2226,36056,https://image.tmdb.org/t/p/w300/VeNRpyspVlJzkrNAyszdGtmy9e.jpg
2227,2760,https://image.tmdb.org/t/p/w300/tD84zwFeFRf3zG98x558N3PBMV.jpg
2231,10220,https://image.tmdb.org/t/p/w300/mqbMwYGwIChnaCO55h7v8DG8Wwy.jpg
2232,431,https://image.tmdb.org/t/p/w300/x4BTjxdrOKC27FcSkBh8KPEgnum.jpg
2236,22796,https://image.tmdb.org/t/p/w300/vRJcV9l3tLFoUWZel9RikS3nfJ6.jpg
2239,37916,https://image.tmdb.org/t/p/w300/8bkEUeQWVFBk3HE4qhluDarTMDj.jpg
2240,21873,https://image.tmdb.org/t/p/w300/agk3tSS6OLiSdyrieDhPpuQ7CEZ.jpg
2241,21500,https://image.tmdb.org/t/p/w300/iDFeOVxNOSmAcsdmvtt4kZWB8GA.jpg
2243,12626,https://image.tmdb.org/t/p/w300/kQNR1Lc0qAF5xuBySpDn481KVjb.jpg
2244,37818,https://image.tmdb.org/t/p/w300/wyXiYgMpV7gHmsWuness6Q1dRUb.jpg
2245,3525,https://image.tmdb.org/t/p/w300/q2jfFzZvAzjTaArQR0tjilIZ5aJ.jpg
2247,2321,https://image.tmdb.org/t/p/w300/gkOsxv1RvV5smRnm6wrmn2wDXyZ.jpg
2248,2028,https://image.tmdb.org/t/p/w300/nkucKciFGSRalw6dJtsglWqOXMC.jpg
2249,16384,https://image.tmdb.org/t/p/w300/ggk34Nr1e8LOeAdVncuYz6pyYDe.jpg
2252,10699,https://image.tmdb.org/t/p/w300/wD7D0B9U9ooanxyhtgLKaqM7www.jpg
2253,11597,https://image.tmdb.org/t/p/w300/l0YBVvOvOxoOkggTZ70tNGvGQo4.jpg
2255,47947,https://image.tmdb.org/t/p/w300/9JTPSVDEFilY09hqtWPHrCDFneV.jpg
2256,48311,https://image.tmdb.org/t/p/w300/4DGPORlVIDIQvsuSDnM4uXKMjWS.jpg
2257,44772,https://image.tmdb.org/t/p/w300/vwtsHfe7zrkGFD10K7AkhEQk5cE.jpg
2259,14347,https://image.tmdb.org/t/p/w300/yzNtmqL6HUFC7FZl9DnGmhnCQUL.jpg
2260,41090,https://image.tmdb.org/t/p/w300/jJiKZG7vauFCeax5Aj5fahrcKUO.jpg
2261,18282,https://image.tmdb.org/t/p/w300/hwrMVPwGFB3fouqD5PhhmbafB7G.jpg
2262,18169,https://image.tmdb.org/t/p/w300/9KqG5OFi3NLJYBbsDSA8pZ3dln.jpg
2263,11082,https://image.tmdb.org/t/p/w300/vAgVzkPmfe2pcgzkpoz8cZ9i9wm.jpg
2264,5971,https://image.tmdb.org/t/p/w300/5XBVURkON7jyzxr0cONWeTbgAov.jpg
2265,11933,https://image.tmdb.org/t/p/w300/Apk5Hbby70diyeMHd2VhxUSHNW.jpg
2266,20096,https://image.tmdb.org/t/p/w300/oKwvnb2bypMyXD2UraWdXxUoqLY.jpg
2267,30815,https://image.tmdb.org/t/p/w300/3Py7bFBsRjMVdOI5IlNSz6aa385.jpg
2268,881,https://image.tmdb.org/t/p/w300/rLOk4z9zL1tTukIYV56P94aZXKk.jpg
2269,4478,https://image.tmdb.org/t/p/w300/a39WoiTJEG5kNLIrr3kOMwg3LFg.jpg
2271,22318,https://image.tmdb.org/t/p/w300/wkoy7DQ1viN0EOtzw6v8W9y6UAr.jpg
2272,53113,https://image.tmdb.org/t/p/w300/hOYQIMtrqVeHUBe999V1KIqO7Gf.jpg
2273,2109,https://image.tmdb.org/t/p/w300/we7wOLVFgxhzLzUt0qNe50xdIQZ.jpg
2275,24746,https://image.tmdb.org/t/p/w300/4Lo0pT1gnDAL4hTVMYLwpVWcqR1.jpg
2278,8195,https://image.tmdb.org/t/p/w300/AirrhRJjHwytOV0pdLu7YZ4DEyr.jpg
2279,9877,https://image.tmdb.org/t/p/w300/dUvZDNU9G0njhM628NA5phASntq.jpg
2280,26618,https://image.tmdb.org/t/p/w300/6cxoftMuiwcQ9xzXfvGWAQfWUmK.jpg
2281,21132,https://image.tmdb.org/t/p/w300/2IpSjfTzEWlHGTHAWNMToqznYn1.jpg
2282,11855,https://image.tmdb.org/t/p/w300/ox6Myr2r36zr7aqnisQGZp2EW33.jpg
2283,24016,https://image.tmdb.org/t/p/w300/mcaypmWykltQMLjjSuD2vxylZHV.jpg
2286,3486,https://image.tmdb.org/t/p/w300/2ftvbsm0xjQDOluJfgnNJ2G5B35.jpg
2287,11071,https://image.tmdb.org/t/p/w300/tP352STF6BvSROi8K3CMM799TVo.jpg
2288,1091,https://image.tmdb.org/t/p/w300/tzGY49kseSE9QAKk47uuDGwnSCu.jpg
2289,10403,https://image.tmdb.org/t/p/w300/tZ3kDut2dhFVGkWNEn9xoCHCNAx.jpg
2290,11337,https://image.tmdb.org/t/p/w300/y1EHgpL2hMVRcr6tIOy7VGLxaPs.jpg
2291,162,https://image.tmdb.org/t/p/w300/e0FqKFvGPdQNWG8tF9cZBtev9Em.jpg
2292,25723,https://image.tmdb.org/t/p/w300/2EuuBbK6HPbCZsrpsZAIMx2EVr.jpg
2294,8916,https://image.tmdb.org/t/p/w300/lWPjxbUMpAHFkJpZHHNWhQaRsax.jpg
2295,28134,https://image.tmdb.org/t/p/w300/pnL8MvYje9DOZTuTnF04k8RUkSL.jpg
2296,9429,https://image.tmdb.org/t/p/w300/7oZ5xE4AL4D5EbeQUaoRxahgzJX.jpg
2297,12159,https://image.tmdb.org/t/p/w300/78wCdphUzeb528wLZw2W0fn7yGB.jpg
2298,27791,https://image.tmdb.org/t/p/w300/AhQh5rtPymR1J8daZc0FNXiSkU.jpg
2300,30197,https://image.tmdb.org/t/p/w300/9qCIkNWGuRj5lMyeOXwJs8z9nRz.jpg
2301,10156,https://image.tmdb.org/t/p/w300/6iAl78qZHT65erPXr2YW6Y54wlY.jpg
2302,10377,https://image.tmdb.org/t/p/w300/iwSURa8nS2ujwrU3s1lfxxX7voH.jpg
2303,3121,https://image.tmdb.org/t/p/w300/twl4ovyjb8muFKvZmcCDzPR0hy1.jpg
2304,4975,https://image.tmdb.org/t/p/w300/5zPTMTbYPhXXzAo5UQkeSpcmSMl.jpg
2306,9713,https://image.tmdb.org/t/p/w300/sfJBsOdSbgLLarO6GIS0dWzFcCv.jpg
2307,134368,https://image.tmdb.org/t/p/w300/qXKVKFApORbPIOM9gyUEBpTRjmT.jpg
2310,9821,https://image.tmdb.org/t/p/w300/eHcuTZwmY4VAJm7kfbZn7qDAjYs.jpg
2311,4437,https://image.tmdb.org/t/p/w300/mEWKXuCMv7mFMxXVSTI3v8UOQuq.jpg
2312,1890,https://image.tmdb.org/t/p/w300/yAiJlASIXC306qpqe5NZX2GgVlQ.jpg
2313,1955,https://image.tmdb.org/t/p/w300/u0wpPYjuSt8DIe1Y3Vapnh8jcKE.jpg
2314,39437,https://image.tmdb.org/t/p/w300/jIoT0J2fNXXCYZst6OkKStQIPw9.jpg
2315,11932,https://image.tmdb.org/t/p/w300/yaIPNOcC7ZRuwH3maNwP9qzIo5G.jpg
2316,6435,https://image.tmdb.org/t/p/w300/AwmToSgf2IL3aHv0QRVsR5KvChv.jpg
2318,10683,https://image.tmdb.org/t/p/w300/rYfUcEV88Z3gENrfYTE6i8yBkDr.jpg
2320,9445,https://image.tmdb.org/t/p/w300/pU3fvfSvrs5pZFdODPCzoLk95Ws.jpg
2321,2657,https://image.tmdb.org/t/p/w300/m1hhYP6OScjKU5Z9iZaWirSn4I6.jpg
2322,9425,https://image.tmdb.org/t/p/w300/g62RTtfhgzJo1GV2jjwdzpNuiUB.jpg
2323,32326,https://image.tmdb.org/t/p/w300/aTPN6ttUQqkqV6ZT762Ihc8hwKi.jpg
2324,637,https://image.tmdb.org/t/p/w300/6tEJnof1DKWPnl5lzkjf0FVv7oB.jpg
2325,8675,https://image.tmdb.org/t/p/w300/irvFBOc33CHsioU6hqcu8ExymEa.jpg
2327,20701,https://image.tmdb.org/t/p/w300/5q8WK4gW45Knxhpb29IVOCbbfI7.jpg
2328,9945,https://image.tmdb.org/t/p/w300/4JhaFBPwyC5IM1rKaRR07Gzutse.jpg
2329,73,https://image.tmdb.org/t/p/w300/x2drgoXYZ8484lqyDj7L1CEVR4T.jpg
2330,18603,https://image.tmdb.org/t/p/w300/snyLQ21YGNWHNcDSNUIouzBFObh.jpg
2331,46889,https://image.tmdb.org/t/p/w300/uegG68vP7leUDQbG8fP4ihgTo0i.jpg
2332,12888,https://image.tmdb.org/t/p/w300/i4QhjdZXxdOpKOhc9kh4qqWjRWr.jpg
2333,3033,https://image.tmdb.org/t/p/w300/awvJH3NtXoStsjAtXKr99hfuVaG.jpg
2334,9882,https://image.tmdb.org/t/p/w300/gbeeWu8rYaIYMyq9ayN1AepjNxP.jpg
2335,10663,https://image.tmdb.org/t/p/w300/miT42qWYC4D0n2mXNzJ9VfhheWW.jpg
2336,4518,https://image.tmdb.org/t/p/w300/qEk48VLOdibXFVIEzE9ETZUBcCs.jpg
2337,1808,https://image.tmdb.org/t/p/w300/4EJkObEJFvXCuoVqOP7XBXGqdQ1.jpg
2338,3600,https://image.tmdb.org/t/p/w300/eg3d6hvTaOmW3lNErFfutBmWmAR.jpg
2339,17037,https://image.tmdb.org/t/p/w300/9hTYFvEDnajUIbpdfc3fO6bZq2Y.jpg
2340,297,https://image.tmdb.org/t/p/w300/fDPAjvfPMomkKF7cMRmL5Anak61.jpg
2342,21589,https://image.tmdb.org/t/p/w300/xE6BqwOxHjjFniKXsW1Zg4F04RC.jpg
2344,11893,https://image.tmdb.org/t/p/w300/yEvMuhIdwPhhEtikAihxUTM1u75.jpg
2346,12223,https://image.tmdb.org/t/p/w300/5z1ogJJmQkCoU62VJmut4nnc2qs.jpg
2347,32081,https://image.tmdb.org/t/p/w300/5U0HNeGoJVK3xic7hK9lz89Ki9i.jpg
2348,14924,https://image.tmdb.org/t/p/w300/wHzCbMCfipDJ38GW5IyBTWDflMz.jpg
2349,10002,https://image.tmdb.org/t/p/w300/geBGfbhkgKHld8rM9XuLfzPGZ6I.jpg
2350,41817,https://image.tmdb.org/t/p/w300/2ApuvU24UEBlWeBiQGRyyOYFeqe.jpg
2351,19426,https://image.tmdb.org/t/p/w300/xF4oCG3PLNbcrtPZbqB3BtkIbKg.jpg
2352,12560,https://image.tmdb.org/t/p/w300/rU8kjMEL5Mn0EWm3gOShPHBEZ4l.jpg
2353,9798,https://image.tmdb.org/t/p/w300/x9pXrMKLsBGGOFyyZ0Gwt9YpVub.jpg
2354,14444,https://image.tmdb.org/t/p/w300/uZejGKCSd6nwfMx8U0Td37U2fTc.jpg
2355,9487,https://image.tmdb.org/t/p/w300/Ah3J9OJVc2CNCuH2zMydXy9fmIC.jpg
2356,9466,https://image.tmdb.org/t/p/w300/q4UJHtH14nO8tbMfGtJ3Z3Tw5RW.jpg
2357,666,https://image.tmdb.org/t/p/w300/zJvp7XjQ2LhPbDVYhFXyucs40vR.jpg
2358,2042,https://image.tmdb.org/t/p/w300/7qMfDjUTEvLg5640CUAddk2BNpG.jpg
2359,10162,https://image.tmdb.org/t/p/w300/bsxiOOKC40HlhdIJYCUE2BkpJv0.jpg
2360,309,https://image.tmdb.org/t/p/w300/2LRzNq41yrY8EjCnD1S8sCCPvKk.jpg
2361,692,https://image.tmdb.org/t/p/w300/10N8SvTQwUqyWgocPam1P18Jgr.jpg
2362,24018,https://image.tmdb.org/t/p/w300/uZir2hA6VOmVNS6JdKb6RiYghTA.jpg
2363,1678,https://image.tmdb.org/t/p/w300/2W0Yw0qrgVMgdsSCZRKtfvaAh0i.jpg
2364,39256,https://image.tmdb.org/t/p/w300/blKtf1L6LA3mFW8aVJzxnaI8CLn.jpg
2365,1680,https://image.tmdb.org/t/p/w300/dmCfyzUl0Ylk8Rpi6dYyWuBrnNr.jpg
2366,244,https://image.tmdb.org/t/p/w300/lHlnxKL5GbgRibyRFI7n1Ey850i.jpg
2367,10730,https://image.tmdb.org/t/p/w300/paYKhEwUaxKA05vmOfU7FlleTln.jpg
2368,31947,https://image.tmdb.org/t/p/w300/gI37vg2otF348OHxsx97hWCVvNI.jpg
2369,8130,https://image.tmdb.org/t/p/w300/ighImRgzYzZ88skBHaT4B7ntJG8.jpg
2370,11532,https://image.tmdb.org/t/p/w300/fdRlqPnPFaPyQqS3KiBLJwWQPBe.jpg
2371,9749,https://image.tmdb.org/t/p/w300/nKDnMvVynvj7lwdv1iAZO1DzTYn.jpg
2372,14628,https://image.tmdb.org/t/p/w300/A30iCFQVKXvQzGHEE4hyVC0QtrD.jpg
2373,9626,https://image.tmdb.org/t/p/w300/83v0W5cCSFsWpI0cAj8DRlihySN.jpg
2374,13698,https://image.tmdb.org/t/p/w300/sxnlQEb8dugTFK2KyFrq3iv3bHn.jpg
2375,10466,https://image.tmdb.org/t/p/w300/bohhidIi1WWU5NNYF9l5wLQu3Ii.jpg
2376,707,https://image.tmdb.org/t/p/w300/arJF829RP9cYvh0NU70dC5TtXSa.jpg
2377,11954,https://image.tmdb.org/t/p/w300/AeLmyhJNQd2BMFGER36ctAeDhIp.jpg
2378,9336,https://image.tmdb.org/t/p/w300/qxUkWoFI7rF1KUgTgbE3UJEQuvG.jpg
2379,10157,https://image.tmdb.org/t/p/w300/cIyvBInW2aGms0zyV9Pgwp9UPJ4.jpg
2380,12118,https://image.tmdb.org/t/p/w300/pBxGgWSR0CMaCVMA2kQS5MWU1z3.jpg
2381,10587,https://image.tmdb.org/t/p/w300/vvk5aWBJE3EqDX2ln6M4J4UiUXr.jpg
2382,11825,https://image.tmdb.org/t/p/w300/4m1qfTiVxdEDv0fgUf0FI7CA9Fe.jpg
2383,11895,https://image.tmdb.org/t/p/w300/g8CRCKNAsvUoQWqcXmctuIt1Nsw.jpg
2384,9447,https://image.tmdb.org/t/p/w300/glO6LcTWUZcbxWT2SB4eRDnFSsP.jpg
2385,12257,https://image.tmdb.org/t/p/w300/rXEpaJIPlBqKq7QepB8uowmeAT2.jpg
2387,10029,https://image.tmdb.org/t/p/w300/rYmyRxF5e9fBdgcQScKu0CUtMy5.jpg
2388,27104,https://image.tmdb.org/t/p/w300/a1c3p8qvTXf3Eue9QNzq1kVG5MM.jpg
2389,11252,https://image.tmdb.org/t/p/w300/6pQpZu6JjPsbHzjhG545OsjU2TG.jpg
2390,8545,https://image.tmdb.org/t/p/w300/7VxdMxSa3BEAvGl5nLvsgpBwrZH.jpg
2391,10223,https://image.tmdb.org/t/p/w300/wO2gH7DMqpMeHlj5QmDhW4IkgAr.jpg
2392,9745,https://image.tmdb.org/t/p/w300/tdSyQJe7vEDcH9kEVqzVcr0O9lS.jpg
2393,200,https://image.tmdb.org/t/p/w300/xQCMAHeg5M9HpDIqanYbWdr4brB.jpg
2394,9837,https://image.tmdb.org/t/p/w300/2xUjYwL6Ol7TLJPPKs7sYW5PWLX.jpg
2395,11545,https://image.tmdb.org/t/p/w300/hSJ6swahAuZ8wM96lHDTwQPXUvZ.jpg
2396,1934,https://image.tmdb.org/t/p/w300/zdW7jdzPi4J9KZR3TyY2jn3Xh5e.jpg
2398,11881,https://image.tmdb.org/t/p/w300/vehuIm3y6BeMI7mYjxzaA1H8M0k.jpg
2399,13764,https://image.tmdb.org/t/p/w300/tZvGQF2623FD0MZgvOy18J5d7x5.jpg
2400,24951,https://image.tmdb.org/t/p/w300/g3JfCGX9fgHwmmKFhRzu7BYc29d.jpg
2401,8879,https://image.tmdb.org/t/p/w300/kpAN5WnDEVWYzMDPkXHTbrDQuak.jpg
2402,1369,https://image.tmdb.org/t/p/w300/fVwRtWqEPdsCH21BVDGqgkAQcff.jpg
2403,1368,https://image.tmdb.org/t/p/w300/a9sa6ERZCpplbPEO7OMWE763CLD.jpg
2404,1370,https://image.tmdb.org/t/p/w300/uycbt9iVlAnKkQIisqUWuO8hVcm.jpg
2405,10303,https://image.tmdb.org/t/p/w300/6VjsIhnIcrz2XdQVHdsMj5DdSa1.jpg
2406,9326,https://image.tmdb.org/t/p/w300/qfIlVOYZH5RiZ0ndFKUpr5Zn2Bx.jpg
2407,10328,https://image.tmdb.org/t/p/w300/wqNNm36j3nkucAucHEGAW5pNZcd.jpg
2408,11285,https://image.tmdb.org/t/p/w300/xBsXdBl8qCXoQsWX6vfsVjWOMGk.jpg
2409,1367,https://image.tmdb.org/t/p/w300/nMaiiu0CzT77U4JZkUYV7KqdAjK.jpg
2410,1371,https://image.tmdb.org/t/p/w300/uqw16i2kmwVqkJHzjzbDU4xZ0Pl.jpg
2411,1374,https://image.tmdb.org/t/p/w300/2MHUit4H6OK5adcOjnCN6suCKOl.jpg
2412,1375,https://image.tmdb.org/t/p/w300/qCARerjCFZOEeLiVdomhwRYlDSn.jpg
2413,15196,https://image.tmdb.org/t/p/w300/aRxbYOYHS8T73nzR8hsLousoplR.jpg
2414,11904,https://image.tmdb.org/t/p/w300/aOxVYvQoAfNSns4hW5Ah55GBzgq.jpg
2415,215875,https://image.tmdb.org/t/p/w300/lszTi2XNnUfXgVg96ILSGxJqfaJ.jpg
2416,15596,https://image.tmdb.org/t/p/w300/nspYnZ6QwqAQXaCLjbGKfEA83tf.jpg
2417,13818,https://image.tmdb.org/t/p/w300/pF1uPAi9TWRSRLf9SHfIDQle2NK.jpg
2418,29968,https://image.tmdb.org/t/p/w300/m2G6Idl1CKJwOt8aFsnJk08sfDP.jpg
2419,44326,https://image.tmdb.org/t/p/w300/AnzuqWIL840oE2vgtW81q1p1CAL.jpg
2420,1885,https://image.tmdb.org/t/p/w300/1mp4ViklKvA0WXXsNvNx0RBuiit.jpg
2421,8856,https://image.tmdb.org/t/p/w300/k0OwgRR6PNu7h3SiqpCbRdZWNaG.jpg
2422,10495,https://image.tmdb.org/t/p/w300/lVZ3r0iDwGejlCvFEvXGzhQB9ds.jpg
2423,5825,https://image.tmdb.org/t/p/w300/oat42hUw8XzKYUmfy0YLAxYd484.jpg
2424,9489,https://image.tmdb.org/t/p/w300/e2uVtH6TpMfUl7WeOM70ezkcjsU.jpg
2425,16885,https://image.tmdb.org/t/p/w300/3UUR2Evm2JtC2odd2UMYgs9Yi1x.jpg
2427,8741,https://image.tmdb.org/t/p/w300/seMydAaoxQP6F0xbE1jOcTmn5Jr.jpg
2428,9276,https://image.tmdb.org/t/p/w300/5XetJwmAiDC0EtH23NIXaqFn3Wl.jpg
2429,9822,https://image.tmdb.org/t/p/w300/jM39MOyLOxCD6Njz4vfQkGaKkY1.jpg
2430,39314,https://image.tmdb.org/t/p/w300/tTTS9Bi7JReyGpCKyDuyZNSLTT4.jpg
2431,10312,https://image.tmdb.org/t/p/w300/xN1aKur5ddWQSXTqvzDPJD2TCxe.jpg
2432,9441,https://image.tmdb.org/t/p/w300/wMPv2Yz6QDzv6YhSbaqM48Medl1.jpg
2433,9422,https://image.tmdb.org/t/p/w300/2AVF1cjRGOfaB4oteSzxvHiQ3hR.jpg
2435,24525,https://image.tmdb.org/t/p/w300/wg7GBXBALHQ0tjmyMiwu5gcDss9.jpg
2436,10368,https://image.tmdb.org/t/p/w300/i3rAPxhhDjqsL1rZJM57pyR7xFW.jpg
2439,31662,https://image.tmdb.org/t/p/w300/hNu8ePwoRyXDQxhLY4iurCVXAQs.jpg
2442,46992,https://image.tmdb.org/t/p/w300/aE2NJH2sllQTmbpN6laKuM7NXYy.jpg
2443,825,https://image.tmdb.org/t/p/w300/3neHR1oPnC0OpcYhLn0TEdSHoEp.jpg
2445,15556,https://image.tmdb.org/t/p/w300/9nylrKj8zWxTor9BCy3umv6WHZe.jpg
2446,28902,https://image.tmdb.org/t/p/w300/q3Q00fCgeZGjAYaiwbfTMuIrUb0.jpg
2447,14709,https://image.tmdb.org/t/p/w300/g2jX2Xmx7drbc6J9MLJEBghR7Mg.jpg
2448,9423,https://image.tmdb.org/t/p/w300/5Np88iigCfnXvMlMKmCcbPVIbYQ.jpg
2450,10658,https://image.tmdb.org/t/p/w300/eU0dWo8PJgsSAZFbcyHiUpuLSyW.jpg
2451,6917,https://image.tmdb.org/t/p/w300/ik7AfGWpwKnjaQeth3LZqrqzvfB.jpg
2453,24086,https://image.tmdb.org/t/p/w300/gPNKA4uL39DrzngMRMx3EULPmvq.jpg
2454,11815,https://image.tmdb.org/t/p/w300/e6LwGoLCLVPYljPgZRtsFYuEVe7.jpg
2455,9426,https://image.tmdb.org/t/p/w300/8gZWMhJHRvaXdXsNhERtqNHYpH3.jpg
2456,10344,https://image.tmdb.org/t/p/w300/gORksEPahEgO409HYJOZlNVyEpe.jpg
2457,15698,https://image.tmdb.org/t/p/w300/nSiRjhc7aTVPonXAhmTZAPqd2jT.jpg
2458,2620,https://image.tmdb.org/t/p/w300/wqDfHzqyuv7iRMMyFLvn5g7u30I.jpg
2459,30497,https://image.tmdb.org/t/p/w300/mpgkRPH1GNkMCgdPk2OMyHzAks7.jpg
2460,16337,https://image.tmdb.org/t/p/w300/cO1Dvg7k87lHSPOdumn3ddJEKdX.jpg
2462,16780,https://image.tmdb.org/t/p/w300/e1ikqofvLBddrZJ73IjmJWhUYus.jpg
2463,12151,https://image.tmdb.org/t/p/w300/fA3f8bsXoVbIALq4EdiAwptF1ws.jpg
2465,33278,https://image.tmdb.org/t/p/w300/24X1pdzeU9x2QCVDu957tpUA0kp.jpg
2467,192,https://image.tmdb.org/t/p/w300/d6dlbTBb3N7nXDz7tQslDJs2jgv.jpg
2468,10945,https://image.tmdb.org/t/p/w300/znVUM7RUBwQ16Q9lTmuMpaWJ7so.jpg
2469,10013,https://image.tmdb.org/t/p/w300/tfuQcvQmURiMqB2VPwytU3cPpEm.jpg
2470,9671,https://image.tmdb.org/t/p/w300/pduPduL1ub5kok3lPYT15ryC9L6.jpg
2471,9396,https://image.tmdb.org/t/p/w300/2Nf0xeDuToLHysdkWj3aT5r42rC.jpg
2472,11038,https://image.tmdb.org/t/p/w300/eDp0MPUSCeXrIziaZC65iUHISLs.jpg
2473,12278,https://image.tmdb.org/t/p/w300/d6jh6qiowC4QHePBgpy7Zrytbba.jpg
2474,11873,https://image.tmdb.org/t/p/w300/dVdnHmdQu3JtLAAksjTmTEF76gD.jpg
2475,18588,https://image.tmdb.org/t/p/w300/ru8dtoh6tNi7kKAbLgbaE9J5SGf.jpg
2476,10015,https://image.tmdb.org/t/p/w300/aMr99UigkMCTSPnLTpkzJeLmpyc.jpg
2477,12715,https://image.tmdb.org/t/p/w300/qFUBCOH0HxI9qRcjoG9xChfwEsk.jpg
2478,8388,https://image.tmdb.org/t/p/w300/dUNRnhl2cwjFJ6TOsaPJmZeMZ0S.jpg
2481,8129,https://image.tmdb.org/t/p/w300/e9awu6tsCyWPAUA2eEoelFSTbcb.jpg
2482,1618,https://image.tmdb.org/t/p/w300/o1k991eZm7iF8JUNiVdUZU44x5c.jpg
2483,10722,https://image.tmdb.org/t/p/w300/yEXhgACPIV4PmTgHT2HS3Ko2oS3.jpg
2485,10314,https://image.tmdb.org/t/p/w300/a0pepZNFCjggc7Na9gEwbTI1f46.jpg
2488,11167,https://image.tmdb.org/t/p/w300/u36rFrXW7XethWpiEWbRjzfgOc.jpg
2490,2112,https://image.tmdb.org/t/p/w300/8Bqlv2kbOyZFqfiPNgzdBscqYPn.jpg
2491,16172,https://image.tmdb.org/t/p/w300/zFsqqPQUz69wPaLBqQeiGbGiW7J.jpg
2492,111794,https://image.tmdb.org/t/p/w300/79TTGQZrOAzwuWxcOy8y6k6Ldm0.jpg
2493,9524,https://image.tmdb.org/t/p/w300/9jUWDGEOZ6MFy9gSfYZ69KLjPLY.jpg
2494,20595,https://image.tmdb.org/t/p/w300/kWr6QDDcO2HHKqvJvgsJ1hQz4Gs.jpg
2495,16306,https://image.tmdb.org/t/p/w300/prq0j1S0K07UjwLZLF6oMGflRUI.jpg
2496,11622,https://image.tmdb.org/t/p/w300/qVN4bbVX2tzaNbAdEJT5eOPq26c.jpg
2497,10207,https://image.tmdb.org/t/p/w300/ulUjszY6YJFsDUd0E3WolJg6sOp.jpg
2498,9849,https://image.tmdb.org/t/p/w300/pOp4xriDEFUy2uN0BfnHJcjzqWt.jpg
2500,18892,https://image.tmdb.org/t/p/w300/7YrxXoG25hVCK4nYDHQv9YIk3Ye.jpg
2501,13466,https://image.tmdb.org/t/p/w300/umWrXCIWdcYPf764ruvMRCpG3cA.jpg
2502,1542,https://image.tmdb.org/t/p/w300/iEmTwOkUaLziMQCUZii5wPQBIAO.jpg
2503,43978,https://image.tmdb.org/t/p/w300/5QC5xzyWIkGK2NcnpZUXThZYK66.jpg
2504,15256,https://image.tmdb.org/t/p/w300/ssbx2Mk5ZCJWpXALuP2AdG0GFIT.jpg
2505,8224,https://image.tmdb.org/t/p/w300/mhr9xRpjOBqlBjgDwtiOx6FsLvV.jpg
2506,18417,https://image.tmdb.org/t/p/w300/4rBrYRkB7btGex5Bs0yOpqBZgsR.jpg
2511,1847,https://image.tmdb.org/t/p/w300/16Gu0Vg7tBdoRxg1NJDwlTKx1hG.jpg
2512,42113,https://image.tmdb.org/t/p/w300/h3iNimtw6HsFTtAvEDF3XYZ4Y5T.jpg
2513,8913,https://image.tmdb.org/t/p/w300/a1gIACZb04bL8EvLqMpofW2Eqeo.jpg
2514,10906,https://image.tmdb.org/t/p/w300/9g6ngNlHOfMfQnaKkw9468p67d4.jpg
2515,25748,https://image.tmdb.org/t/p/w300/5UaH4zhfKT1taJGHUwPxm29ZENf.jpg
2516,25749,https://image.tmdb.org/t/p/w300/xTNGI3MGTlOTiYU9ucfWd79kV2k.jpg
2517,8769,https://image.tmdb.org/t/p/w300/mMtUJke2TtIoT6JB9hkvERmsSu8.jpg
2518,14742,https://image.tmdb.org/t/p/w300/iS78MFtMDwWDP748juZQBK57C9o.jpg
2520,10671,https://image.tmdb.org/t/p/w300/6iOKluJfyiU1SLZbGYrY7Z0i6k0.jpg
2521,27932,https://image.tmdb.org/t/p/w300/etfUuwVCvywq8mGspT94CBeLpSz.jpg
2522,7227,https://image.tmdb.org/t/p/w300/m9b3frZR0Wu8I3ayN3QPrxfZMvC.jpg
2523,10670,https://image.tmdb.org/t/p/w300/dy23SSGZDp3dftzhDvHXOEM6OaN.jpg
2524,5919,https://image.tmdb.org/t/p/w300/mFM1GbrRrT3DWUFFo8koSITFnYe.jpg
2525,33518,https://image.tmdb.org/t/p/w300/bWANAIIeNPzwEmrYUvZFECTbBX6.jpg
2526,40160,https://image.tmdb.org/t/p/w300/xMUuS1KFHRTFSf3PAY2tsbBdqkL.jpg
2527,2362,https://image.tmdb.org/t/p/w300/qNt29HzxwZ4jGTgSRxdA34ino9Q.jpg
2528,10803,https://image.tmdb.org/t/p/w300/v3ILN8ROPcrNRJ8S7GH24JyihH8.jpg
2529,871,https://image.tmdb.org/t/p/w300/2r9iKnlSYEk4daQadsXfcjHfIjQ.jpg
2530,1685,https://image.tmdb.org/t/p/w300/szHCeYwi4ubewuYnlnz0YGqWnQC.jpg
2531,1705,https://image.tmdb.org/t/p/w300/dP5dYjLp5p2CG103cJMio4Nj29d.jpg
2532,1688,https://image.tmdb.org/t/p/w300/lZ1pUxJCO14ObrhDuxTBuYm0tjN.jpg
2533,1687,https://image.tmdb.org/t/p/w300/AnbLVdUEroTfHTUVAJCxkL4R0IH.jpg
2534,166680,https://image.tmdb.org/t/p/w300/zMORD6VDGIWo5thfMuA4Edb1mbj.jpg
2535,11123,https://image.tmdb.org/t/p/w300/6hJorsInxNpj1dIekh6dK6Kh9S6.jpg
2537,31638,https://image.tmdb.org/t/p/w300/hTsUNXz38lIvDlJt7z8wzctuEFV.jpg
2538,113286,https://image.tmdb.org/t/p/w300/iR6z334jcMEv2hQoEu2xX0JzJMy.jpg
2539,9535,https://image.tmdb.org/t/p/w300/eqa4TEgkx63WRhqyD8eTwmL7bUi.jpg
2540,9455,https://image.tmdb.org/t/p/w300/1Eg34AuZG1jtAvdM8xGHW5jiwCF.jpg
2541,796,https://image.tmdb.org/t/p/w300/76cCsRtQ5MJBAqoigojXsLXLJwh.jpg
2542,100,https://image.tmdb.org/t/p/w300/6pJB2t3MbQUy9m5pFIBHXLqnqNd.jpg
2544,77936,https://image.tmdb.org/t/p/w300/esyIrOG6cjRYIAfjI3Sj9ijA8LQ.jpg
2546,30943,https://image.tmdb.org/t/p/w300/4Q8g9CfW7EiwxRCpLSDpOmcaEZb.jpg
2548,7341,https://image.tmdb.org/t/p/w300/jJmIf22gwwQPAFJfZ6Tr1MwSpRg.jpg
2549,10350,https://image.tmdb.org/t/p/w300/e3p2vkA4mnFaBlyAIntkZWkzOJW.jpg
2550,11772,https://image.tmdb.org/t/p/w300/fmpTnUKTcrpuxLSY23gQMUf9qu7.jpg
2551,9540,https://image.tmdb.org/t/p/w300/ofXwDfM8uYAaftD7cBPcIWdCpMn.jpg
2552,31503,https://image.tmdb.org/t/p/w300/euXyMbBT2QaxiYZf1jJrsa5yGon.jpg
2553,11773,https://image.tmdb.org/t/p/w300/qcpXud1UjQzlSe9A062w8Wqgira.jpg
2554,30202,https://image.tmdb.org/t/p/w300/l8zpr1tq03YPqdOz6aAmnSpD7o6.jpg
2555,22345,https://image.tmdb.org/t/p/w300/7zvPhjHkz5YEMUMPyvANCR96RJA.jpg
2557,1567,https://image.tmdb.org/t/p/w300/4kMB2AAcDQ5diRuh7NTxuS90bx7.jpg
2558,1641,https://image.tmdb.org/t/p/w300/etmjiee84g6G9WALmLkJ1DhenAu.jpg
2559,47288,https://image.tmdb.org/t/p/w300/kbEA2LEFh1MX9EraNQSiq9ajs24.jpg
2560,10212,https://image.tmdb.org/t/p/w300/6tJc9vIVYctNCajC1dU1oVcmIsD.jpg
2561,10354,https://image.tmdb.org/t/p/w300/ozrV1xtwU3Y5XOFuVn9T00ZYoiV.jpg
2563,8583,https://image.tmdb.org/t/p/w300/7uHX8qIr8VYPwdpVv4TCjXcVxDo.jpg
2565,16520,https://image.tmdb.org/t/p/w300/wUfaP0lLaMpZzp5CrHyII5Vd7cp.jpg
2566,16508,https://image.tmdb.org/t/p/w300/hZduJdSSWCkmvnBpNyRaIszubVm.jpg
2567,11374,https://image.tmdb.org/t/p/w300/xnnjoMONNamGU6ZX6acbcxyOKv1.jpg
2568,16379,https://image.tmdb.org/t/p/w300/7c20VEblNKkDiBuA6bE6kbeHqHa.jpg
2570,28029,https://image.tmdb.org/t/p/w300/6aNMyAP82sDoVFmopFzGDWeVVne.jpg
2571,603,https://image.tmdb.org/t/p/w300/dXNAPwY7VrqMAo51EKhhCJfaGb5.jpg
2572,4951,https://image.tmdb.org/t/p/w300/ujERk3aKABXU3NDXOAxEQYTHe9A.jpg
2573,65749,https://image.tmdb.org/t/p/w300/87Ze0JLbWYuYbWc1qf6aGxHipnI.jpg
2574,8970,https://image.tmdb.org/t/p/w300/wOmLJYh7oOfATE236XpoDfcXhOh.jpg
2575,9840,https://image.tmdb.org/t/p/w300/1yxr5KJHJk5aPCbapJaBS8Znx8V.jpg
2577,30950,https://image.tmdb.org/t/p/w300/qUFYBfOY3Ec2S6PR6apgFwfR6je.jpg
2579,11660,https://image.tmdb.org/t/p/w300/3bX6VVSMf0dvzk5pMT4ALG5A92d.jpg
2580,9430,https://image.tmdb.org/t/p/w300/7wMRDZTTziVBAvlLjeejIlxYjHx.jpg
2581,11355,https://image.tmdb.org/t/p/w300/6BngDhDNfbBjhVFWDT2yMve32vi.jpg
2582,18764,https://image.tmdb.org/t/p/w300/tm153lMrHy6HykEYwoP0EI3dQ8k.jpg
2583,9465,https://image.tmdb.org/t/p/w300/3ZCLVOfEyGowLWsgOF4vn6vjRsJ.jpg
2585,1414,https://image.tmdb.org/t/p/w300/1hUFwXtUIJQdayIkaTR835QyaKT.jpg
2586,49981,https://image.tmdb.org/t/p/w300/fE4wFIX2GUrhTkK0VuQ88Kd6ew6.jpg
2587,6522,https://image.tmdb.org/t/p/w300/saWYpX3ADdmdByQZVrSYUNbQ9GC.jpg
2589,114719,https://image.tmdb.org/t/p/w300/5zh1PQPN7dl8BX2zdaEYyiNRNXp.jpg
2590,10209,https://image.tmdb.org/t/p/w300/qupB9wwFZgjy7DHs9rvvloVZOUw.jpg
2593,22826,https://image.tmdb.org/t/p/w300/6h6ahipPd84QcyFbnsEikLt7w3Z.jpg
2594,1902,https://image.tmdb.org/t/p/w300/1NkQNM5bw3U7n3RCba8JKnb61Ds.jpg
2596,6396,https://image.tmdb.org/t/p/w300/7u3IZPuIOPjICi55K7cJgzV3e3B.jpg
2597,39964,https://image.tmdb.org/t/p/w300/jaylLo7TsJrJriNVGf72Asen1Fr.jpg
2598,12596,https://image.tmdb.org/t/p/w300/61FWajJNKeS27DO4KgvS5LUgcHh.jpg
2599,9451,https://image.tmdb.org/t/p/w300/fbo0IYzBc32dD5SjFzKIgfp4O4F.jpg
2600,1946,https://image.tmdb.org/t/p/w300/kETKF0JhdTPn1knci8CAdYL0d79.jpg
2605,1844,https://image.tmdb.org/t/p/w300/psrm7DToacaxQvgViBAcrYiLKzH.jpg
2606,6552,https://image.tmdb.org/t/p/w300/mCO4gU1lkViGXTkoRBEYrvjDIJu.jpg
2607,24584,https://image.tmdb.org/t/p/w300/k7KCBnt1VXFhPjoTSt4MePr1MpI.jpg
2609,25471,https://image.tmdb.org/t/p/w300/w3fOMjcR74WdZlYOyug6Q7H1XmU.jpg
2611,28519,https://image.tmdb.org/t/p/w300/qKUUT3QKsShXloZiF88IdT5g64N.jpg
2612,3309,https://image.tmdb.org/t/p/w300/3bqF5bJPjeITNeC8ydbUOQZfuqP.jpg
2613,18462,https://image.tmdb.org/t/p/w300/xNXnLXu73LotJ9APaJZZXflBelQ.jpg
2614,28941,https://image.tmdb.org/t/p/w300/ggHbJPYJsjiJnEwHi4xUyJxWpmS.jpg
2615,18252,https://image.tmdb.org/t/p/w300/1fbVPx5VVEsgJ7M9sTzvbDjhgks.jpg
2616,8592,https://image.tmdb.org/t/p/w300/sjeP4bpgsUvAGE8oFcICy2GaHxw.jpg
2617,564,https://image.tmdb.org/t/p/w300/yhIsVvcUm7QxzLfT6HW2wLf5ajY.jpg
2618,13852,https://image.tmdb.org/t/p/w300/3QKTPz9gpIIt9Po091LfG0CASfk.jpg
2620,25232,https://image.tmdb.org/t/p/w300/xKOdv0qSUFLcMpHftpk19M0G5DA.jpg
2622,10210,https://image.tmdb.org/t/p/w300/5KTYh2gXmsHUzsRsrstBGy0QfXf.jpg
2623,53862,https://image.tmdb.org/t/p/w300/gKdbdPg6Ye8TOpGGDFQ0NeVVSSI.jpg
2624,17962,https://image.tmdb.org/t/p/w300/bs2M1hqAQl5LeAOPPRV4drwouZS.jpg
2625,9460,https://image.tmdb.org/t/p/w300/eEmG43S9o5C6XeFschoFQU4Bcub.jpg
2628,1893,https://image.tmdb.org/t/p/w300/6wkfovpn7Eq8dYNKaG5PY3q2oq6.jpg
2629,31342,https://image.tmdb.org/t/p/w300/7w8QCvKDFn1cJ3sW3RGWcwlitgX.jpg
2630,44297,https://image.tmdb.org/t/p/w300/ZV18CMRVkUT119mmkGCz6mj6AD.jpg
2632,8785,https://image.tmdb.org/t/p/w300/aFqDycFgEt1ko80mcj3wFWGQS1O.jpg
2633,15849,https://image.tmdb.org/t/p/w300/vSKpbZVvzqQcw6htiyEinbCY9vq.jpg
2634,18990,https://image.tmdb.org/t/p/w300/w3XEtgi8W9tuPQnLVFCPVxtweyC.jpg
2639,15660,https://image.tmdb.org/t/p/w300/3Amv5uQfadEonn7SmYLfNnoeOSu.jpg
2640,1924,https://image.tmdb.org/t/p/w300/d7px1FQxW4tngdACVRsCSaZq0Xl.jpg
2641,8536,https://image.tmdb.org/t/p/w300/3xk5cno9BHcnwc97XO9k21aI1Zi.jpg
2642,9531,https://image.tmdb.org/t/p/w300/c4oR6qgZW2s5foGkQi2Dd86KuAS.jpg
2643,11411,https://image.tmdb.org/t/p/w300/nJFBeU1oKIaIoLVyQYUeB36DW55.jpg
2644,138,https://image.tmdb.org/t/p/w300/ueVSPt7vAba0XScHWTDWS5tNxYX.jpg
2648,3035,https://image.tmdb.org/t/p/w300/mu6wHwH0IwCCaEYtpqujuPJYat1.jpg
2651,3076,https://image.tmdb.org/t/p/w300/eitxewmvmZXY7qoKpiVhdaFmwMz.jpg
2652,3079,https://image.tmdb.org/t/p/w300/r9PDkqKhzdo54aqnOL88wUJY49B.jpg
2654,13666,https://image.tmdb.org/t/p/w300/vG8fu5syTtQLzK1hQXyi3ugOPNF.jpg
2655,29794,https://image.tmdb.org/t/p/w300/e72qjJ4Qf6zuQCqpwdjH5IZ5WH5.jpg
2656,9077,https://image.tmdb.org/t/p/w300/4mFsbUObsmbTe0rZCXBFPLfDbRt.jpg
2657,36685,https://image.tmdb.org/t/p/w300/3pyE6ZqDbuJi7zrNzzQzcKTWdmN.jpg
2659,30168,https://image.tmdb.org/t/p/w300/jf65NC2N5JsKj5h8iM8bXRnVdI5.jpg
2660,10785,https://image.tmdb.org/t/p/w300/rm2w8dEhOGDuckB6i0Spz9lTzpR.jpg
2661,19483,https://image.tmdb.org/t/p/w300/zPXff8iRma28YQFApfzuWadZXzP.jpg
2662,8974,https://image.tmdb.org/t/p/w300/gzc75Za4ArqfXIIr7STNnIE5rnA.jpg
2664,11549,https://image.tmdb.org/t/p/w300/8BrMQmgwGzIHSyBjCDOLOdi79fJ.jpg
2665,18158,https://image.tmdb.org/t/p/w300/qCOLglZvQgQAyWMCZodBo3wmgqp.jpg
2668,17918,https://image.tmdb.org/t/p/w300/7BGaE9A7UeyxH29aeFbQfzEmIi0.jpg
2669,37305,https://image.tmdb.org/t/p/w300/88LF3thfIx1BDqa5aErseoFXz58.jpg
2670,18784,https://image.tmdb.org/t/p/w300/xdRkSTYa1ayIIuYezazDwH0Axcf.jpg
2671,509,https://image.tmdb.org/t/p/w300/hHRIf2XHeQMbyRb3HUx19SF5Ujw.jpg
2672,1090,https://image.tmdb.org/t/p/w300/7oaie3ZBc9UuWZLF24crro1pone.jpg
2674,15059,https://image.tmdb.org/t/p/w300/eVg5oHFnzEE51cZ8Tq1qe8iWMZk.jpg
2676,12117,https://image.tmdb.org/t/p/w300/8EKmzia6awjsqFxgBk5a82aTmb6.jpg
2677,11779,https://image.tmdb.org/t/p/w300/b203Z3qwCRMLOY00XZh4qNQCwM4.jpg
2681,13533,https://image.tmdb.org/t/p/w300/tBkKj6pUgxIW8DvNJEjsbnWgifP.jpg
2682,62676,https://image.tmdb.org/t/p/w300/1ytI3G3dT6j888ySOwYhpJHz8ED.jpg
2683,817,https://image.tmdb.org/t/p/w300/jiF7UShERJFn5RtgfBK2lIJrOTc.jpg
2686,14283,https://image.tmdb.org/t/p/w300/uPjq8PaNDhFQTzOu4Ce91f6BFgZ.jpg
2687,37135,https://image.tmdb.org/t/p/w300/bTvHlcqiOjGa3lFtbrTLTM3zasY.jpg
2688,2275,https://image.tmdb.org/t/p/w300/w8CMN81n7SON7ALPMlxZtOzBZB.jpg
2690,24137,https://image.tmdb.org/t/p/w300/Aac3Kw7qAszSotkTNle4bvu3uuH.jpg
2691,10376,https://image.tmdb.org/t/p/w300/iOcbJ5pxokOPDRgieVDbsFMrCc6.jpg
2692,104,https://image.tmdb.org/t/p/w300/v0giIi4bTILVhNhJajet3WWY3FA.jpg
2693,15800,https://image.tmdb.org/t/p/w300/o6MYZAcI2A7VfJkcIvCDbFPISLP.jpg
2694,9032,https://image.tmdb.org/t/p/w300/cqFnFg6YS8urJT6YC95IDkn0VHz.jpg
2695,13821,https://image.tmdb.org/t/p/w300/jLyfVrwm5028RPhx5oXmJv01uSr.jpg
2696,9421,https://image.tmdb.org/t/p/w300/cv6neov6SMLjHytjiU0rgeugoPI.jpg
2697,55955,https://image.tmdb.org/t/p/w300/34rfjIEVqmzjN7HMZhrrPgPaHuE.jpg
2698,67067,https://image.tmdb.org/t/p/w300/3Hful9RfqJm4M4swEnAAW89iZKt.jpg
2699,6488,https://image.tmdb.org/t/p/w300/lHjpwv1Yv2RcGcTQb4Lc1cKw1y9.jpg
2700,9473,https://image.tmdb.org/t/p/w300/tS0PedvA2mFO9VCHYwQpaU1K36U.jpg
2701,8487,https://image.tmdb.org/t/p/w300/mCdo7nykEVCa25bjnkwgyX35fjm.jpg
2702,10279,https://image.tmdb.org/t/p/w300/yvGGA2CbT6xyFVTZUA9f2ok0q5V.jpg
2706,2105,https://image.tmdb.org/t/p/w300/5P68by2Thn8wHAziyWGEw2O7hco.jpg
2707,1073,https://image.tmdb.org/t/p/w300/4yYHyZuyTTQaEZuHKS7561jXjtR.jpg
2708,10239,https://image.tmdb.org/t/p/w300/1DQYFB5DENLWKUYdz5ttaVbDYnk.jpg
2709,10208,https://image.tmdb.org/t/p/w300/Aww9cF4uMsbald9ddhCYFoP4gBi.jpg
2710,2667,https://image.tmdb.org/t/p/w300/9050VGrYjYrEjpOvDZVAngLbg1f.jpg
2712,345,https://image.tmdb.org/t/p/w300/knEIz1eNGl5MQDbrEAVWA7iRqF9.jpg
2713,9825,https://image.tmdb.org/t/p/w300/pEszakCP8j9E9S0UPLfEa3Cad3O.jpg
2716,620,https://image.tmdb.org/t/p/w300/7E8nLijS9AwwUEPu2oFYOVKhdFA.jpg
2717,2978,https://image.tmdb.org/t/p/w300/u7UioNGwAeWfYPv5pSAZSM0ipSt.jpg
2718,10490,https://image.tmdb.org/t/p/w300/44eTdzCnb27urFheuhBdJxBhrwg.jpg
2719,11618,https://image.tmdb.org/t/p/w300/xwLldS5JnB4441iS50ha9ZrkaA8.jpg
2720,332,https://image.tmdb.org/t/p/w300/dDcsv1Lql5aM6H4JYfDHjBAXKgT.jpg
2722,8914,https://image.tmdb.org/t/p/w300/fyn0zyCI4kIlbDoHH0Hzv09hDC5.jpg
2723,9824,https://image.tmdb.org/t/p/w300/ciVSbFmDecOIwlxl9F6GhHVgCVJ.jpg
2724,4806,https://image.tmdb.org/t/p/w300/wzivR0yWJStVdhcl0A5rQvVdTQ7.jpg
2725,33430,https://image.tmdb.org/t/p/w300/boBbVY67YhGC4PWuqyQFysP3mN4.jpg
2726,247,https://image.tmdb.org/t/p/w300/A6VzUPcADZGYdGHlVdWvpMNDF5d.jpg
2727,10056,https://image.tmdb.org/t/p/w300/rLbad0lscycS4R3qTSrKguZ0Zz5.jpg
2728,967,https://image.tmdb.org/t/p/w300/r0Fgg1GyZgzokaiw2HFQv3oPaL2.jpg
2729,802,https://image.tmdb.org/t/p/w300/8Puqbeh0D95DpXFWep1rmH78btu.jpg
2730,3175,https://image.tmdb.org/t/p/w300/A0byHUHMwZ7dtBQtfZ44QIgDbjo.jpg
2731,147,https://image.tmdb.org/t/p/w300/12PuU23kkDLvTd0nb8hMlE3oShB.jpg
2732,1628,https://image.tmdb.org/t/p/w300/kuFjZlcZhQFDtIjuI3GQJjsQG03.jpg
2733,21185,https://image.tmdb.org/t/p/w300/yAT8QJquco2dGBEwqQJBLfP7wtM.jpg
2734,11120,https://image.tmdb.org/t/p/w300/8A1iDYSp8H5WORWZVCV3E3SpkGD.jpg
2735,10136,https://image.tmdb.org/t/p/w300/9gPphtcGmna90U9CEsWlUVaSkAw.jpg
2736,32060,https://image.tmdb.org/t/p/w300/gtaQOHgnGAOQdkLY57Mlu0ZdZA3.jpg
2737,48686,https://image.tmdb.org/t/p/w300/5wGAfVATbWAL6g91XMnMZeMKz5F.jpg
2738,48259,https://image.tmdb.org/t/p/w300/yet0Ww2A7f5qT7MisDuIBSXdV3r.jpg
2739,873,https://image.tmdb.org/t/p/w300/6bvxkcTAXyqxGRwo38mxw92D6Xr.jpg
2740,48660,https://image.tmdb.org/t/p/w300/bDMUr5IQWAwUpFZFFxltLuAIb7N.jpg
2741,26789,https://image.tmdb.org/t/p/w300/e3GLsfBLy7fdM3dJKAkzQlTIqII.jpg
2742,3934,https://image.tmdb.org/t/p/w300/3BYCKoekoV93YnkLB1of4D8gVTN.jpg
2743,108312,https://image.tmdb.org/t/p/w300/5HNYDlnI145RJWA5BWeomtVZ4JM.jpg
2744,198469,https://image.tmdb.org/t/p/w300/emPz3c9jQdH5oJbpSUN7zwXLkin.jpg
2745,11416,https://image.tmdb.org/t/p/w300/6K9cG6LOOtySZF4D4xBu1MApC1N.jpg
2746,10776,https://image.tmdb.org/t/p/w300/iKkbN17OmFosaW6asCNZTTsyvpu.jpg
2747,24452,https://image.tmdb.org/t/p/w300/s9MrumN9oCfv1rFoEvMLwucWD7V.jpg
2748,9710,https://image.tmdb.org/t/p/w300/fz9QrK7OF4EoQbdSO8KSPgJWiZB.jpg
2749,31924,https://image.tmdb.org/t/p/w300/kxuR1RpAUWRHKzCwbjg2bw6RTGI.jpg
2750,30890,https://image.tmdb.org/t/p/w300/ljZ3yyYznAiq1vF6nHITdJn6qXB.jpg
2751,24081,https://image.tmdb.org/t/p/w300/jkwzakMmaasylJc2Uj9LvL8bSOk.jpg
2752,20242,https://image.tmdb.org/t/p/w300/bZdQaa9HymxGfjBo3mFhhpWXVeG.jpg
2754,66194,https://image.tmdb.org/t/p/w300/5SZ3a2OCWd69m9bBe9FZd6HLCF7.jpg
2757,3526,https://image.tmdb.org/t/p/w300/eyUq8VBgoHncr0cXFTKgg3VPyfi.jpg
2759,16406,https://image.tmdb.org/t/p/w300/aBG4XoK5xkujl4crloPs6bStl4m.jpg
2761,10386,https://image.tmdb.org/t/p/w300/ct04FCFLPImNG5thcPLRnVsZlmS.jpg
2762,745,https://image.tmdb.org/t/p/w300/vOyfUXNFSnaTk7Vk5AjpsKTUWsu.jpg
2763,913,https://image.tmdb.org/t/p/w300/5yqs1MVlqdIg1DY5adC5jFx3d7j.jpg
2764,912,https://image.tmdb.org/t/p/w300/oODAwa2AK3fXvK93GCbq7dFLZPi.jpg
2765,12229,https://image.tmdb.org/t/p/w300/o0KvKCgxMFccx3SzDI3p2218921.jpg
2766,67323,https://image.tmdb.org/t/p/w300/isgUjJ9dlDyUJqEWtFrNeQe1wMg.jpg
2769,19457,https://image.tmdb.org/t/p/w300/AtwXtU8CDWvVADgOwRkOSRZFPWI.jpg
2770,11353,https://image.tmdb.org/t/p/w300/iGuiFYEYwFkaRPl3FgLJYEm6dWq.jpg
2771,17707,https://image.tmdb.org/t/p/w300/pWxoggA0KCS5oMPDOjIDYZYzryE.jpg
2772,9781,https://image.tmdb.org/t/p/w300/pu3i9y4kO78fRxHQzZGzkdBzFAI.jpg
2774,18212,https://image.tmdb.org/t/p/w300/7FC2UK7MyEwlmbJGCIIFg4U7VPU.jpg
2775,13817,https://image.tmdb.org/t/p/w300/7kOpfb9oCiDP7LUWbthZhzjnh1J.jpg
2779,12185,https://image.tmdb.org/t/p/w300/h1yOiO9cow6gwmGxSAWvPdY4lhJ.jpg
2782,28501,https://image.tmdb.org/t/p/w300/6hOTmFaePluI5eicY4XTv6hg0T0.jpg
2784,25319,https://image.tmdb.org/t/p/w300/sSYceyGZrWskWDsn3MHtipJ1wFM.jpg
2786,24103,https://image.tmdb.org/t/p/w300/jBCucUiw7Incipok1xvUa9AVhW.jpg
2787,10552,https://image.tmdb.org/t/p/w300/kKyq7izpMkmr8sT2nLic5qAuJPo.jpg
2788,9267,https://image.tmdb.org/t/p/w300/ajbdFQLvJTlNu4LnVWGnNMb4mZ8.jpg
2789,10766,https://image.tmdb.org/t/p/w300/nZBPvfAgy0GBTEw9YxAuWhoPj96.jpg
2790,10768,https://image.tmdb.org/t/p/w300/jDW2C77QNMQe6Lp2jeqAQXe2uaX.jpg
2791,813,https://image.tmdb.org/t/p/w300/7Q3efxd3AF1vQjlSxnlerSA7RzN.jpg
2792,2665,https://image.tmdb.org/t/p/w300/zs7Pjyabt0fwe2XqIx0gnF9Q4np.jpg
2793,9406,https://image.tmdb.org/t/p/w300/1NUOprbP7LLfKPArLJY7wziUiHT.jpg
2794,11418,https://image.tmdb.org/t/p/w300/hZL7g1oSDrA0Lx5wcHpEl99MYKi.jpg
2795,11153,https://image.tmdb.org/t/p/w300/q3DvoqY06yZnRp9faH6uge7n7VP.jpg
2796,14170,https://image.tmdb.org/t/p/w300/i4ExIbPuAe0rAjpYcteiFx4QEfY.jpg
2797,2280,https://image.tmdb.org/t/p/w300/eWhCDJiwxvx3YXkAFRiHjimnF0j.jpg
2798,11077,https://image.tmdb.org/t/p/w300/4cJK28DhybQGEldJJPtTdKlSbWB.jpg
2799,28597,https://image.tmdb.org/t/p/w300/dnmw3F3rdbxb08zSdfHHMwfXMLI.jpg
2800,22611,https://image.tmdb.org/t/p/w300/uVyqRtRaIGrHJvfxImrHHFaQNxM.jpg
2801,39780,https://image.tmdb.org/t/p/w300/9naDX3u4hsRM8jZ0Y7k5e2HAKmY.jpg
2802,10396,https://image.tmdb.org/t/p/w300/8LoG0GL5N5e7zvvXezwwGnUfRHL.jpg
2803,9944,https://image.tmdb.org/t/p/w300/7B1HS0SqfJR1jbeHS6V0ZWdzLXP.jpg
2804,850,https://image.tmdb.org/t/p/w300/34nSHYqmb7222tiqiuKqKJmZiQa.jpg
2805,10154,https://image.tmdb.org/t/p/w300/gEnKsStQ27P0KCCIGtkYwvFQ0RX.jpg
2806,10342,https://image.tmdb.org/t/p/w300/cGv0tkWZZSmoaPYiOsDcGmMhKq7.jpg
2807,10366,https://image.tmdb.org/t/p/w300/qlcPJK0Me8aUtDPwk3TqN2RdKH4.jpg
2808,9349,https://image.tmdb.org/t/p/w300/fp0mWrHl1SW9PhP8QcsgYPoVYFc.jpg
2810,10494,https://image.tmdb.org/t/p/w300/6WTiOCfDPP8XV4jqfloiVWf7KHq.jpg
2812,22314,https://image.tmdb.org/t/p/w300/mYteXffai9mmShyGCa4nPhfGCLQ.jpg
2813,51679,https://image.tmdb.org/t/p/w300/cVWKNCnosCBfEmSDVNoxtrI8px0.jpg
2815,11037,https://image.tmdb.org/t/p/w300/8NJrLRX1RdKUNU4mhRQ8nLr6bMX.jpg
2816,11955,https://image.tmdb.org/t/p/w300/iTC2oaTCCF6UmysKog9mGvWeUIY.jpg
2817,2038,https://image.tmdb.org/t/p/w300/ylvfsnacoqsTdZuLty2XVRolnNH.jpg
2818,28737,https://image.tmdb.org/t/p/w300/11a0w12nHY7rVjYSbnAeABOsKF.jpg
2819,11963,https://image.tmdb.org/t/p/w300/zinwtZqdb7gnc4zMu8dfkK1fMN3.jpg
2820,141489,https://image.tmdb.org/t/p/w300/bPH2UXKNwfr8lIjUDTMuaa0Dsjq.jpg
2822,9096,https://image.tmdb.org/t/p/w300/lkHqtViTG4Zzh7i9rrtHJGTnEUg.jpg
2824,113273,https://image.tmdb.org/t/p/w300/yy4fFWLigLn6MKCqFIFMCjQJ7Ab.jpg
2826,1911,https://image.tmdb.org/t/p/w300/pj1IQQ7ajwaOrjjTCxyM1L4mSnX.jpg
2827,2900,https://image.tmdb.org/t/p/w300/54RGJ6INW9ERG8IaalmMKbbDgwH.jpg
2828,17709,https://image.tmdb.org/t/p/w300/4LP5BieqdFNlCFjxsvaA3d6hGGd.jpg
2829,37718,https://image.tmdb.org/t/p/w300/hmtvDW52V3EuFmbhTOLjaGMYCDx.jpg
2835,2162,https://image.tmdb.org/t/p/w300/fgPC0xS3o6J5eWFwetssfSD2SEK.jpg
2836,14578,https://image.tmdb.org/t/p/w300/xSqewkFWR0zs7OkXLOd10VnxFPN.jpg
2837,40694,https://image.tmdb.org/t/p/w300/tH02iMSE2qSmkl6i0x4sbhfS58M.jpg
2839,49184,https://image.tmdb.org/t/p/w300/djx4ceoh6o5kdLKRuPsMULNWvDl.jpg
2840,10307,https://image.tmdb.org/t/p/w300/sKS1Vuqj7OQpOumfs6ArC0TICTN.jpg
2841,11601,https://image.tmdb.org/t/p/w300/9CyJ5aYF27cITX1WSUTENeP4wBE.jpg
2843,1075,https://image.tmdb.org/t/p/w300/xxQ9jgYf3xhbUTW98VtCjA1wMLv.jpg
2844,21719,https://image.tmdb.org/t/p/w300/xrui0mDUWY3poirLrjHtoOU1rGA.jpg
2846,47951,https://image.tmdb.org/t/p/w300/imHIqEfWRZuJ2vLow0UJ9aqjyEO.jpg
2847,43832,https://image.tmdb.org/t/p/w300/lqcwiWancAkjtAQPHr9V3SfJjBM.jpg
2848,47697,https://image.tmdb.org/t/p/w300/UBPF9ii1ema6XFmMiZcekNTDbM.jpg
2852,26522,https://image.tmdb.org/t/p/w300/vSLrddsvH8bJzryOS5BD9qtTtFa.jpg
2856,28295,https://image.tmdb.org/t/p/w300/mliHs2Ii393vF0A3i73F6jAysdh.jpg
2857,12105,https://image.tmdb.org/t/p/w300/1pmeLKaLFNggcsAk5FiouIvo3ST.jpg
2858,14,https://image.tmdb.org/t/p/w300/wby9315QzVKdW9BonAefg8jGTTb.jpg
2859,24128,https://image.tmdb.org/t/p/w300/utNpurUe1MMjEaHqvpkfxgfpSnV.jpg
2860,11001,https://image.tmdb.org/t/p/w300/iv4hjp3Srnrm50wpFEtTn0k63Cj.jpg
2861,10390,https://image.tmdb.org/t/p/w300/vkeKxoSXE1qMArcFNTNBBH8TjKZ.jpg
2862,9453,https://image.tmdb.org/t/p/w300/vNXAY6r9Pb6WkMCGmNeW2PlznLQ.jpg
2863,704,https://image.tmdb.org/t/p/w300/6Ulsccp2VkaVU5qbya3bxm9JG4x.jpg
2865,142132,https://image.tmdb.org/t/p/w300/9VpZ9apNn5uym9TYEtYEhMYOTEX.jpg
2866,24153,https://image.tmdb.org/t/p/w300/4Zu9YdN5O4jnXJmqBMHckkKpJ2S.jpg
2867,11797,https://image.tmdb.org/t/p/w300/euIh75MwNDrYkTEVSkw7VXWGXoE.jpg
2868,18086,https://image.tmdb.org/t/p/w300/pNJDLond2y2hQLBnEoczkdFrgZJ.jpg
2870,17887,https://image.tmdb.org/t/p/w300/qh64tAOmbQNoYMLTETkhmBQgSbu.jpg
2871,10669,https://image.tmdb.org/t/p/w300/2TrAzNJlHyNYYSkQf6asg3rs2Xr.jpg
2872,11527,https://image.tmdb.org/t/p/w300/cTWF6zkr5mUOnheowKODIijWYcN.jpg
2874,40867,https://image.tmdb.org/t/p/w300/71Q9f7byPqH8trF4BvZOlXnhO2D.jpg
2875,1049,https://image.tmdb.org/t/p/w300/tAgQKLv0GK97Tr0bvdI66oXlEVb.jpg
2876,28032,https://image.tmdb.org/t/p/w300/eBvSSfwAKgcjF4eyaeNSzTCpfaF.jpg
2877,11326,https://image.tmdb.org/t/p/w300/pAImVnqBJwoFAKrcpAe17JjLGUs.jpg
2878,28377,https://image.tmdb.org/t/p/w300/2IqqzSQmZFAon2C1lQZeZCUUx8K.jpg
2879,10975,https://image.tmdb.org/t/p/w300/25kyDgsGz1HzW4SqJTylhBaU5sW.jpg
2880,10974,https://image.tmdb.org/t/p/w300/phCpGqCSBWJqutKxj73COACrlPt.jpg
2881,10398,https://image.tmdb.org/t/p/w300/dPd9QvEeMQpgHO6iLB1LqALTZl.jpg
2882,2290,https://image.tmdb.org/t/p/w300/vvwsvPyQFuQbKKfzNgoRhAcL5ml.jpg
2883,24071,https://image.tmdb.org/t/p/w300/a2uqenG3BZICDrcrr49IZwoHA8Y.jpg
2884,62994,https://image.tmdb.org/t/p/w300/9B5ZKG8Ht1xacz61x3sRovY6glG.jpg
2885,60994,https://image.tmdb.org/t/p/w300/1isgjzl3mwVoxlRd7sqJ7COzwZw.jpg
2886,16112,https://image.tmdb.org/t/p/w300/u9i4frT1XPaTqJxRYLJ8j2r8LYO.jpg
2887,32305,https://image.tmdb.org/t/p/w300/uJG7oSRQxacXC2GvzPF2nDoWXIW.jpg
2888,14429,https://image.tmdb.org/t/p/w300/qq2jbAOw5yWTaSPJIRHxvTf0bND.jpg
2889,15198,https://image.tmdb.org/t/p/w300/bmg4sjOQswcrP5mPL9YzNom9cXx.jpg
2890,6415,https://image.tmdb.org/t/p/w300/fClJQW8xn8wHOFqoA4jUn0PZh1f.jpg
2891,24066,https://image.tmdb.org/t/p/w300/5bUoL781c0YdWmqtcNWjbPATyAb.jpg
2892,21430,https://image.tmdb.org/t/p/w300/pMk6iJSmbt5uovZ1LEhhBZdR5cz.jpg
2893,10381,https://image.tmdb.org/t/p/w300/9LASEwSyW2h7Zql0t1ksURC70MG.jpg
2894,171982,https://image.tmdb.org/t/p/w300/hrXTHdoXr4SiP9Dvx1muQ1YCdus.jpg
2896,60285,https://image.tmdb.org/t/p/w300/6kIcuVMyJJKmxy7bFbI9q1DWByR.jpg
2897,5622,https://image.tmdb.org/t/p/w300/kAJEaXgZ5sO0tBaB9By260JZUQg.jpg
2898,10349,https://image.tmdb.org/t/p/w300/uTzi0no438AjKELtJgTbipNxWGu.jpg
2899,42518,https://image.tmdb.org/t/p/w300/fiwAJIAnSqWbU3JphqN8Y80mFM6.jpg
2900,29787,https://image.tmdb.org/t/p/w300/zbxrAWN2Ss5RXK1uDvMW82xFh0n.jpg
2901,9638,https://image.tmdb.org/t/p/w300/eR0uJ0Wje1lYJ4aHEpkcjgIM8d7.jpg
2902,10576,https://image.tmdb.org/t/p/w300/sJAPRj3vHmjV4z97YK84iDovYlm.jpg
2903,12662,https://image.tmdb.org/t/p/w300/tgV4eeW0X7os7p3SYbNwDI0NYGa.jpg
2905,11712,https://image.tmdb.org/t/p/w300/zW47oIH3bc3ggmmmzTvKqM4Fqjk.jpg
2906,12618,https://image.tmdb.org/t/p/w300/k7LoKDWDesvYD7DXDh9Ewlxtcx8.jpg
2907,13824,https://image.tmdb.org/t/p/w300/vfBUCPe6wgt3SwNP7dKlqh8xeyO.jpg
2908,226,https://image.tmdb.org/t/p/w300/eB505ycEhFVfMwGglIzXNUyKAIs.jpg
2912,10388,https://image.tmdb.org/t/p/w300/efAnFInZYrenNvBlLIXN2oLYyNc.jpg
2915,9346,https://image.tmdb.org/t/p/w300/82KOHShH9raGhkcAN3TztVjqjj3.jpg
2916,861,https://image.tmdb.org/t/p/w300/wVbeL6fkbTKSmNfalj4VoAUUqJv.jpg
2917,14412,https://image.tmdb.org/t/p/w300/5LipPcaW1J9IjAP7TOTesw8OcMS.jpg
2918,9377,https://image.tmdb.org/t/p/w300/9LTQNCvoLsKXP0LtaKAaYVtRaQL.jpg
2919,11541,https://image.tmdb.org/t/p/w300/y9GIM95xWWU4urqqu0kziby0Ykg.jpg
2921,11901,https://image.tmdb.org/t/p/w300/AjkJCFkqanK1OZqiHxc6Kl2wPQO.jpg
2922,4929,https://image.tmdb.org/t/p/w300/gFvRKgCAa1MKlcAKZfoDNdR2dgy.jpg
2924,11230,https://image.tmdb.org/t/p/w300/cf43J2SH8tECZVl9N5n0Q6Ckche.jpg
2925,8416,https://image.tmdb.org/t/p/w300/nLJjFRqIJAK8qz0OKYnpKCblZNK.jpg
2926,11054,https://image.tmdb.org/t/p/w300/n78VVWG1jsEpMCtcye13wy1RiAx.jpg
2927,851,https://image.tmdb.org/t/p/w300/jC9EwLJcGhYMSQAHu2LxkKN5v7O.jpg
2928,24453,https://image.tmdb.org/t/p/w300/tBiw9KXH9agSgi4WhgVkFuEhYjO.jpg
2929,18254,https://image.tmdb.org/t/p/w300/AeiKdVVM93fwfQG1m3N0cgVZgHl.jpg
2930,56235,https://image.tmdb.org/t/p/w300/89289dPlOMOIWTZtIhy4qHhBQpb.jpg
2931,20123,https://image.tmdb.org/t/p/w300/fF9kWNMjiXC6f4YrdVFA0ScnWgQ.jpg
2932,16642,https://image.tmdb.org/t/p/w300/rwxTYjOZmX2rGhz7avLe1qsjNqe.jpg
2935,3086,https://image.tmdb.org/t/p/w300/lJYD3CMgKtv12hazSHc7xt3i2uq.jpg
2936,16305,https://image.tmdb.org/t/p/w300/z5cqIM0ysVjkCmaDfyTQnlozdIp.jpg
2937,32255,https://image.tmdb.org/t/p/w300/vl3MVnrUsCa0wRsFTVU0ohbtWy6.jpg
2939,19997,https://image.tmdb.org/t/p/w300/wb9OBAiO3aUpY4UBkE07KscXSkA.jpg
2940,3767,https://image.tmdb.org/t/p/w300/46eKPjoWEyNBAQKDoXEcDFBcaUw.jpg
2941,17352,https://image.tmdb.org/t/p/w300/nYNltu2clFoRQGBz9BtZUTcCbUm.jpg
2942,535,https://image.tmdb.org/t/p/w300/ziiy6ORt8BlxWFXskBChBMInvDA.jpg
2943,2731,https://image.tmdb.org/t/p/w300/sAemRfr6mOSwtQ76e4yUQVImo8B.jpg
2944,1654,https://image.tmdb.org/t/p/w300/tFWWsuhp22zJ6OG6QepJIiPUfeF.jpg
2946,14831,https://image.tmdb.org/t/p/w300/nLvgIB3bVb8jyhls5W6B74Xt4Ei.jpg
2947,658,https://image.tmdb.org/t/p/w300/aKNFzaqQgPzsGXnsMc4kJH5hFIV.jpg
2948,657,https://image.tmdb.org/t/p/w300/zx4V17FP8oclNvOpTgs2iCCtiYk.jpg
2949,646,https://image.tmdb.org/t/p/w300/f9HsemSsBEHN5eoMble1bj6fDxs.jpg
2950,5689,https://image.tmdb.org/t/p/w300/k6KsThCeoxxHDbVnlHLdTlf5wsy.jpg
2951,391,https://image.tmdb.org/t/p/w300/lBwOEpwVeUAmrmglcstnaGcJq3Y.jpg
2952,8052,https://image.tmdb.org/t/p/w300/1l5UaoP25Ak8PWCKIULQz70yF03.jpg
2953,772,https://image.tmdb.org/t/p/w300/uuitWHpJwxD1wruFl2nZHIb4UGN.jpg
2956,31650,https://image.tmdb.org/t/p/w300/7Vqw29y8pkoHaVtwkQcQhBK9oTY.jpg
2959,550,https://image.tmdb.org/t/p/w300/jSziioSwPVrOy9Yow3XhWIBDjq1.jpg
2961,12220,https://image.tmdb.org/t/p/w300/8rm0CZpHW1D7pIv8OguJNHF93LV.jpg
2962,1610,https://image.tmdb.org/t/p/w300/xTpZGWVo5DDk1oQUrUJcRjqGzGg.jpg
2964,42881,https://image.tmdb.org/t/p/w300/mK8pJA05Sdp3Hc4KWHMqhaMEbVW.jpg
2965,29064,https://image.tmdb.org/t/p/w300/vU73cxp7kxi5142nYZVzRibF5QP.jpg
2966,404,https://image.tmdb.org/t/p/w300/tT9cMiVDdtlcdZxOoFy3VRmEoKk.jpg
2967,42196,https://image.tmdb.org/t/p/w300/iAgSkpZslQ2s3onL9TaHbyWygtC.jpg
2968,36819,https://image.tmdb.org/t/p/w300/4VZtpwdhHQSa4LUkvujyGAHb1hG.jpg
2969,42726,https://image.tmdb.org/t/p/w300/boDZQiubhyhksN8fcgM4sXZ2btW.jpg
2970,9343,https://image.tmdb.org/t/p/w300/oBCnYEKcg1rMhr5JjDnrRpilvDd.jpg
2971,16858,https://image.tmdb.org/t/p/w300/culCEdj4srLljefgn4XKd6k3C5t.jpg
2972,42006,https://image.tmdb.org/t/p/w300/2CP2eazEBKJ3njm4HM63pMfs5tW.jpg
2973,11562,https://image.tmdb.org/t/p/w300/6vC6MLYUICH57MmEVi1UaNaj2Qs.jpg
2974,10496,https://image.tmdb.org/t/p/w300/pZRcf2BwcxWg594X6XT2jkR2qdb.jpg
2975,16162,https://image.tmdb.org/t/p/w300/ub2Njdn4kq49ndyg7QglnE8PUqT.jpg
2976,8649,https://image.tmdb.org/t/p/w300/gE2Q8mL0m0EA6HakRyc92uzSPJn.jpg
2977,31306,https://image.tmdb.org/t/p/w300/bAlevqRg9KG9y725tt4YkNajLrk.jpg
2978,10563,https://image.tmdb.org/t/p/w300/z2EhRgWvzNa2NgoX0uModV6mEb2.jpg
2979,14484,https://image.tmdb.org/t/p/w300/1YihuAszdbPMPxK7k46UYLdP1mz.jpg
2982,32043,https://image.tmdb.org/t/p/w300/yIVqiwhkWos3C9gt34ZeEQ0c3xm.jpg
2983,15247,https://image.tmdb.org/t/p/w300/iCNRK7NVhBvNpiyMRmCpTBFNoLO.jpg
2984,29251,https://image.tmdb.org/t/p/w300/e2If7QjOzX6qLhvklcoHwDmPlEZ.jpg
2985,5548,https://image.tmdb.org/t/p/w300/esmAU0fCO28FbS6bUBKLAzJrohZ.jpg
2986,5549,https://image.tmdb.org/t/p/w300/nhqBxhOJXUJeFsyLxTFkctH9H5F.jpg
2987,856,https://image.tmdb.org/t/p/w300/lYfRc57Kx9VgLZ48iulu0HKnM15.jpg
2988,38772,https://image.tmdb.org/t/p/w300/1oN3ZQPyJcSqoj0An39FSD8VFmC.jpg
2989,699,https://image.tmdb.org/t/p/w300/xV4Nnr6DjjERlqNikqDQX8LUgua.jpg
2990,709,https://image.tmdb.org/t/p/w300/8nzJve63EXA79HGAyidZwivZrQ2.jpg
2991,253,https://image.tmdb.org/t/p/w300/39qkrjqMZs6utwNmihVImC3ghas.jpg
2992,13511,https://image.tmdb.org/t/p/w300/vIEaIVlV5XRIUVoaptsymIexaL2.jpg
2993,660,https://image.tmdb.org/t/p/w300/wCc4qllaTDsQN8zgGkAgQrKO6N9.jpg
2995,11377,https://image.tmdb.org/t/p/w300/weiGTsZqBglKxkIn5xj1nEjxn81.jpg
2996,26149,https://image.tmdb.org/t/p/w300/yKbzT8q9b65hc1eIZxuRsLxopi7.jpg
2997,492,https://image.tmdb.org/t/p/w300/31FGQu3OnwdmS4COquENe0vMZc0.jpg
3000,128,https://image.tmdb.org/t/p/w300/cMYCDADoLKLbB83g4WnJegaZimC.jpg
3002,8672,https://image.tmdb.org/t/p/w300/osoW8CtE9zuCK7Bre0cnVsoXQjY.jpg
3003,8056,https://image.tmdb.org/t/p/w300/uFyKJfels7BJ31D4rGfAYowzdjd.jpg
3004,2020,https://image.tmdb.org/t/p/w300/zAF7cDx3SNqx6vjqgH2FLFM9pcm.jpg
3005,9481,https://image.tmdb.org/t/p/w300/7atMCqRaDpAOnGsteTRm17zmvN3.jpg
3006,9008,https://image.tmdb.org/t/p/w300/w695X0FvTlBCS7GSLHNILnrfqPm.jpg
3007,14242,https://image.tmdb.org/t/p/w300/y8dJgWr1HeW0RRxwANDWvgIXdsF.jpg
3008,16129,https://image.tmdb.org/t/p/w300/hlPBctls7n03GOj3qDjFWWzCiFt.jpg
3010,11489,https://image.tmdb.org/t/p/w300/buwLjQPPA9FaATvKzeAppLXiGMB.jpg
3011,28145,https://image.tmdb.org/t/p/w300/7wVLBgriOQpT5RrufAFCdCSUp7M.jpg
3013,18111,https://image.tmdb.org/t/p/w300/7t9PmI65umna8yq0BPU9YoKn62I.jpg
3014,31361,https://image.tmdb.org/t/p/w300/dOs3shYBvRjXG0XSdyKfh47iyYQ.jpg
3015,11223,https://image.tmdb.org/t/p/w300/kNMfXPm1f8OgVYFU4aEhmP9TJzO.jpg
3016,16281,https://image.tmdb.org/t/p/w300/4SoyTCEpsgLjX6yAyMsx3AsAyRQ.jpg
3017,16288,https://image.tmdb.org/t/p/w300/bbanIymLuTYmQGis9nlCkFlT1eg.jpg
3018,1694,https://image.tmdb.org/t/p/w300/7FYhY70LTumoFfQgTI8TK0UDdsF.jpg
3019,476,https://image.tmdb.org/t/p/w300/nxITSEh80jvMEGGsU8RgCzLL340.jpg
3020,37094,https://image.tmdb.org/t/p/w300/7ujqyF96Zg3rfrsh9M0cEF0Yzqj.jpg
3021,13555,https://image.tmdb.org/t/p/w300/9eFgNrkTbXk1TBPuzxdOEjutNoC.jpg
3022,961,https://image.tmdb.org/t/p/w300/nIp4gIXogCjfB1QABNsWwa9gSca.jpg
3024,24831,https://image.tmdb.org/t/p/w300/oaz0Le3fT3R8jzlkXkNV7JAsd7x.jpg
3028,25560,https://image.tmdb.org/t/p/w300/2LpU3kyg1PowiQoEHf7oUXOUmVa.jpg
3029,21610,https://image.tmdb.org/t/p/w300/2QgpCgOmlgvOPMMC0OrgCv5EKIf.jpg
3030,11878,https://image.tmdb.org/t/p/w300/tN7kYPjRhDolpui9sc9Eq9n5b2O.jpg
3031,11510,https://image.tmdb.org/t/p/w300/jDTP5KgWwvuKfOyJ2PJfTqVYnxJ.jpg
3032,11234,https://image.tmdb.org/t/p/w300/qlt65C43HeoDm5K5gYBtT20OeA1.jpg
3033,957,https://image.tmdb.org/t/p/w300/aHNeKtkNnyQcietzi2cgiYL8sC9.jpg
3034,11886,https://image.tmdb.org/t/p/w300/x9AvkYek0bGdxQSZ8W3lAjGrREm.jpg
3035,37853,https://image.tmdb.org/t/p/w300/5B8Gc1N2S3CDWHBzm0VxaMPTyzJ.jpg
3036,62204,https://image.tmdb.org/t/p/w300/tyzW1M00xfHKNtmTlT6wJ3F4pNr.jpg
3037,11040,https://image.tmdb.org/t/p/w300/pLvUVqadEI9cPrRlTru6ee71EWU.jpg
3038,21849,https://image.tmdb.org/t/p/w300/2dkl9CDynHbIHDkIiPzKPFqnwFy.jpg
3039,1621,https://image.tmdb.org/t/p/w300/8mBuLCOcpWnmYtZc4aqtvDXslv6.jpg
3040,14035,https://image.tmdb.org/t/p/w300/9YA2erSNcca9NWd0xePC9ArFWnx.jpg
3041,40771,https://image.tmdb.org/t/p/w300/uMhPQ6Nzt6TwqMvaBwRJz2b4t1a.jpg
3042,40772,https://image.tmdb.org/t/p/w300/2N9rjuNg5vgQhKGrQJQLEDX7s70.jpg
3043,40773,https://image.tmdb.org/t/p/w300/8dcYDKcf8PJLqjzKBEthrzFYk8s.jpg
3044,11498,https://image.tmdb.org/t/p/w300/irEnDVtxox6gnRJuwtEZuxvl2vZ.jpg
3045,11790,https://image.tmdb.org/t/p/w300/8ly4EB83JlOkjBD6wOTU0ReXMQN.jpg
3046,29371,https://image.tmdb.org/t/p/w300/dPbYJaH1j7sgj1NuA4VRyb7O4Mt.jpg
3048,47941,https://image.tmdb.org/t/p/w300/mCdXzpghn4tPz6hbQcvS2UwOh1C.jpg
3051,21349,https://image.tmdb.org/t/p/w300/2DNtxmXkotuaJexU57geTLIPnQf.jpg
3052,1832,https://image.tmdb.org/t/p/w300/oxhHl2YokTqcP44QK5tiTgjgLgk.jpg
3053,10047,https://image.tmdb.org/t/p/w300/lFzOGA2LPdOfQyhEiY74uDf2WKa.jpg
3054,10228,https://image.tmdb.org/t/p/w300/6YPzBcMH0aPNTvdXNCDLY0zdE1g.jpg
3055,47692,https://image.tmdb.org/t/p/w300/itqEwiINuYvaqvFKw5YWitnqAUc.jpg
3056,18561,https://image.tmdb.org/t/p/w300/9qejeCJ2lUevfwRdwdGADuoFX0X.jpg
3057,144953,https://image.tmdb.org/t/p/w300/lBYQEQidyOkL5VI59FRHVmoMC4z.jpg
3060,11663,https://image.tmdb.org/t/p/w300/iccBDq9aS1gwi6b8aJjBgPU4t2D.jpg
3061,13485,https://image.tmdb.org/t/p/w300/7eZzwqLM1w1Mljg60rzB1zr27lu.jpg
3062,9289,https://image.tmdb.org/t/p/w300/5zmvEofdIlgXrQl9A7e5IOzlnFU.jpg
3063,9264,https://image.tmdb.org/t/p/w300/aBreWBGcu4ejlDo2U7ZPqilRGoQ.jpg
3064,18222,https://image.tmdb.org/t/p/w300/l9Z43sz0qjTrmDjXRlChIVoH1JB.jpg
3066,11165,https://image.tmdb.org/t/p/w300/c311sN931DixuZRer0JGYCwpx9N.jpg
3067,4203,https://image.tmdb.org/t/p/w300/8C5FJlUo96pj1xAs2BKnB58PYzi.jpg
3068,24226,https://image.tmdb.org/t/p/w300/iYEuFP1bpj5yOenKliiRFcNO3VE.jpg
3070,11379,https://image.tmdb.org/t/p/w300/jWZh2ChereoxKgTl3AmSAKNpnmO.jpg
3071,29154,https://image.tmdb.org/t/p/w300/A9pfzwk02iNl6i9wyk8lNcBkvc.jpg
3072,2039,https://image.tmdb.org/t/p/w300/2mnVWpvsHEHHnfvLn1NXYVvBGl5.jpg
3073,77915,https://image.tmdb.org/t/p/w300/cOEIl9QjFe6Pt5W7hbkt2Hy7EfX.jpg
3074,11943,https://image.tmdb.org/t/p/w300/fANj1S3UmBB51wnKxYRKtw8LMBn.jpg
3075,11481,https://image.tmdb.org/t/p/w300/dtyCKEPLqv9wxyVazL4b843vtUb.jpg
3076,2690,https://image.tmdb.org/t/p/w300/5TgL8ql6WwXWmX4EvBL4geJ7gx5.jpg
3077,20565,https://image.tmdb.org/t/p/w300/hJAYtr8CvnYBBZJlpdYvUMRWNCl.jpg
3078,27141,https://image.tmdb.org/t/p/w300/pFcUURqmwvvyq0eFzvDun8daPMX.jpg
3079,10399,https://image.tmdb.org/t/p/w300/4l6KP9BSU1QgSgj9cjpeS3Bfhsr.jpg
3081,2668,https://image.tmdb.org/t/p/w300/1GuK965FLJxqUw9fd1pmvjbFAlv.jpg
3082,36643,https://image.tmdb.org/t/p/w300/wCb2msgoZPK01WIqry24M4xsM73.jpg
3083,99,https://image.tmdb.org/t/p/w300/hjQhzhkGYXPNM96k0mOgob6HMmn.jpg
3086,25898,https://image.tmdb.org/t/p/w300/iN8B54ymwiLJmnbz5iluqbsit1e.jpg
3087,9647,https://image.tmdb.org/t/p/w300/uO0znfB2ZzTXA1IS7jkrjNbpkYK.jpg
3088,11787,https://image.tmdb.org/t/p/w300/dgd82hYmpiXDM1G867HqNaWe8wj.jpg
3089,5156,https://image.tmdb.org/t/p/w300/iPdVqIpmR3bRvOQJPrn4pr2KR3q.jpg
3090,24276,https://image.tmdb.org/t/p/w300/jMYqoM60clzYIQriM1wYXXBjU3O.jpg
3091,11953,https://image.tmdb.org/t/p/w300/fJgqj9s8HNZz9zwX6femVJn8HEB.jpg
3093,29005,https://image.tmdb.org/t/p/w300/oR839yRsFAiQHwJ78hdKZYjEBg8.jpg
3094,26371,https://image.tmdb.org/t/p/w300/8HhCyxxzoUqEBmVGK25Jq69LhVo.jpg
3095,596,https://image.tmdb.org/t/p/w300/eUcxMVBIA0Jg8l1RGUqycrc3eIQ.jpg
3096,52470,https://image.tmdb.org/t/p/w300/9qXWyhDDoQH2WEc3KecjRmu6QC.jpg
3097,20334,https://image.tmdb.org/t/p/w300/dZ1aEzGYRiqJwPfjS6VL7wUkHmF.jpg
3098,11393,https://image.tmdb.org/t/p/w300/fwn1gYeOkS1XHKVFdNorKSIpix8.jpg
3099,31121,https://image.tmdb.org/t/p/w300/6jmFvXPV6OhtX3AkAVnH7rwdeUJ.jpg
3100,293,https://image.tmdb.org/t/p/w300/aVP45oS2cBL4WtZ1kB7r8uarruB.jpg
3101,10998,https://image.tmdb.org/t/p/w300/vjB9XwJKnYqFKKjhWcE6WpAf5Ki.jpg
3102,12235,https://image.tmdb.org/t/p/w300/wHYjo3NLc293ZEXVSGhRIUr3Iqi.jpg
3103,36094,https://image.tmdb.org/t/p/w300/ydDNS3aCnBWOT9jQiEVmN56rk2i.jpg
3104,9013,https://image.tmdb.org/t/p/w300/yx0touyDQ9enWDsFgS4MbBwCSNd.jpg
3105,11005,https://image.tmdb.org/t/p/w300/9gztZXuHLG6AJ0fgqGd7Q43cWRI.jpg
3106,59820,https://image.tmdb.org/t/p/w300/uBdJXVfcQkhKBg2SfydhoTqtcBr.jpg
3107,2924,https://image.tmdb.org/t/p/w300/bymJtYNIdiAiBR1LRetaJXbfryc.jpg
3108,177,https://image.tmdb.org/t/p/w300/hwIYw22HmAUMobV4zsX69MgfVUz.jpg
3109,38557,https://image.tmdb.org/t/p/w300/bXIlE2QVIarVug9wpyPIz2xiWxf.jpg
3111,13681,https://image.tmdb.org/t/p/w300/bmWg3uVn700inqOiadxeFTmiqmV.jpg
3112,34760,https://image.tmdb.org/t/p/w300/qMUD4HGqjH1I8LBZI9kcT6Dxmyh.jpg
3113,9946,https://image.tmdb.org/t/p/w300/pY8FbKKl3VD0jRI1iDFrwN6alLa.jpg
3114,863,https://image.tmdb.org/t/p/w300/4rbcp3ng8n1MKHjpeqW0L7Fnpzz.jpg
3115,31582,https://image.tmdb.org/t/p/w300/fkwkkUnaTmhaWt2OGBRepYr7yB5.jpg
3117,22267,https://image.tmdb.org/t/p/w300/pH3J5IUzho4ZVaRuTuErzqHHovb.jpg
3120,10411,https://image.tmdb.org/t/p/w300/ny722xPMhsY6JlRmQQjLZs7JP0S.jpg
3125,20024,https://image.tmdb.org/t/p/w300/xTp5cyp6qG0YTdI4AEz4ytjODOQ.jpg
3127,13787,https://image.tmdb.org/t/p/w300/xcovgjKOnNsJTz8uADbCVF98wS1.jpg
3129,9684,https://image.tmdb.org/t/p/w300/23S5qa8j3ajYnERcYCqMLfSeOvw.jpg
3130,9586,https://image.tmdb.org/t/p/w300/pdrPrygZ5dVKi8UxrUXMmq1k2iO.jpg
3132,70801,https://image.tmdb.org/t/p/w300/m3CF9lgC1mH1NWft43tgmyyOEdm.jpg
3134,777,https://image.tmdb.org/t/p/w300/lWg41zE0FVixkNsFgxnlRyvDYv9.jpg
3135,21887,https://image.tmdb.org/t/p/w300/xvoHFQlSAq0696rvONsEAWj1fcm.jpg
3138,32331,https://image.tmdb.org/t/p/w300/pwl2DNSO4nnOYUTMubBC2DpMpOQ.jpg
3141,32669,https://image.tmdb.org/t/p/w300/49DSKcjPUdLjzyMpf8OIKep0cLN.jpg
3142,18161,https://image.tmdb.org/t/p/w300/6wCNobX8pPdHF4zyzhuDKIem9Gx.jpg
3143,31681,https://image.tmdb.org/t/p/w300/kEiJRrDP6m0o96v7n2UMtad4sAF.jpg
3145,32274,https://image.tmdb.org/t/p/w300/d8LJWY8kaAIlfMiQLOGglL8VqVT.jpg
3146,10402,https://image.tmdb.org/t/p/w300/w0UKAcY4fAPuQW2GhAoIMwutIA5.jpg
3147,497,https://image.tmdb.org/t/p/w300/8VG8fDNiy50H4FedGwdSVUPoaJe.jpg
3148,1715,https://image.tmdb.org/t/p/w300/qAECAgqjSFRVZzEEGbFAZqZNiDh.jpg
3150,42739,https://image.tmdb.org/t/p/w300/k8ihC4NmbiIShEh2Q3ZUcHQeRQt.jpg
3152,25188,https://image.tmdb.org/t/p/w300/7NYePZc0lZrRomtmQsjOJMePTEb.jpg
3153,15515,https://image.tmdb.org/t/p/w300/wZKfMySjut6QxLNTyMkzrCBZyxP.jpg
3155,1439,https://image.tmdb.org/t/p/w300/PIlOkljucv7HnvATbn4JwrAvSn.jpg
3156,2277,https://image.tmdb.org/t/p/w300/wrs23eO0VEWwOQpXoOasMnlW9Y4.jpg
3157,10137,https://image.tmdb.org/t/p/w300/362lcwTJlNyAhitTlp2UraECISR.jpg
3158,10387,https://image.tmdb.org/t/p/w300/hroNcPp2cn6mMWcYpkEud2GY78f.jpg
3159,49948,https://image.tmdb.org/t/p/w300/5rwAtUaKEK48CPUijVfVU0IPKPZ.jpg
3160,334,https://image.tmdb.org/t/p/w300/tpfC325Jk6S38VTe5dDWjWtoyxr.jpg
3161,30237,https://image.tmdb.org/t/p/w300/nG5c0Jwy8vxFXZcDMMcrbSCEsrp.jpg
3162,50116,https://image.tmdb.org/t/p/w300/p6JglpvM6ERbZAYEW31gwvNprVZ.jpg
3163,46435,https://image.tmdb.org/t/p/w300/nxHjVAVOFgWbD2RptBBCLVO6SIR.jpg
3165,22213,https://image.tmdb.org/t/p/w300/rmCgFzCnqoPRtm1zXTxKzV8yUJV.jpg
3167,36492,https://image.tmdb.org/t/p/w300/l7e1qP8Mq97W1Wg14FNnbz1OxmG.jpg
3168,624,https://image.tmdb.org/t/p/w300/3H3vwPGX6EbBRffIVHp3eHHcjka.jpg
3169,26578,https://image.tmdb.org/t/p/w300/oDeaorrKpjzYgH1c9ePoJ3x9qvw.jpg
3171,43103,https://image.tmdb.org/t/p/w300/uuyruoqh7oBtjwN1mJyOF04CPjO.jpg
3173,9563,https://image.tmdb.org/t/p/w300/bysZeUvSPZPJnku4qkHF34CdgMG.jpg
3174,1850,https://image.tmdb.org/t/p/w300/msOZS07xRIFnapwp3fprGbKEAfT.jpg
3175,926,https://image.tmdb.org/t/p/w300/fZXSwgZknp81vmciTb86rw0MejV.jpg
3176,1213,https://image.tmdb.org/t/p/w300/6ojHgqtIR41O2qLKa7LFUVj0cZa.jpg
3177,10471,https://image.tmdb.org/t/p/w300/dP4fYCGQZzg17ta7FvLwJVCwwt9.jpg
3178,10400,https://image.tmdb.org/t/p/w300/zhnxjsNnnpsBMF5V1H7Pzkec45Y.jpg
3179,10397,https://image.tmdb.org/t/p/w300/3Zzcys11nAPP14sKW9l97fIHhkK.jpg
3181,12524,https://image.tmdb.org/t/p/w300/82mCeQoeT2C7h7vR6Ot9MQotE1R.jpg
3182,28216,https://image.tmdb.org/t/p/w300/buoMN4p95mvB2JgyglMb5gKxurV.jpg
3183,36773,https://image.tmdb.org/t/p/w300/lkxqF5lQSVoLk9ikALSByJgBPoN.jpg
3185,10219,https://image.tmdb.org/t/p/w300/h1CujbeKvwkR6LMr4jVuMM0C94X.jpg
3186,3558,https://image.tmdb.org/t/p/w300/dOBdatHIVppvmRFw2z7bf9VKJr9.jpg
3189,17908,https://image.tmdb.org/t/p/w300/nnPv7RuSn6UaPjZussIFljZdWS8.jpg
3190,10384,https://image.tmdb.org/t/p/w300/AmHGUjhgXnOYRYrF2ZYMtzfwxPe.jpg
3192,48233,https://image.tmdb.org/t/p/w300/1gMccHZ6Ov37MphOE2w8C3V5pJp.jpg
3194,10236,https://image.tmdb.org/t/p/w300/o5x563ze56iI4iNsCBxTnDkt28i.jpg
3196,632,https://image.tmdb.org/t/p/w300/lfve9FDKjT7JPbWI9NCs5340F79.jpg
3197,11851,https://image.tmdb.org/t/p/w300/pHYtq4wFaUy5Rfa8lRi24QMUwRY.jpg
3198,5924,https://image.tmdb.org/t/p/w300/356oqQpug682OERsWV0bGZ0YxwQ.jpg
3200,14886,https://image.tmdb.org/t/p/w300/zQoNkO99qfaBjh5aoA0pKau1prp.jpg
3201,26617,https://image.tmdb.org/t/p/w300/sUEzamvvoTIhPIVhfZw3pUEo6bY.jpg
3203,10493,https://image.tmdb.org/t/p/w300/hXpav86ZX5N1YIfVfVtzuZLNrjW.jpg
3204,16241,https://image.tmdb.org/t/p/w300/w7IZT1HJNmWcEj3Axwlwhya02OX.jpg
3206,22160,https://image.tmdb.org/t/p/w300/Ac0m41QYoxYBfRoU4cL491vOfEv.jpg
3208,9644,https://image.tmdb.org/t/p/w300/moP0nyVWVisqSeH6nMewWyIPV6z.jpg
3210,13342,https://image.tmdb.org/t/p/w300/s1DA8H7qwoOcAEhow2rCzuQtpuO.jpg
3211,35119,https://image.tmdb.org/t/p/w300/auyoK8OZh1sZldjJfy9RGzS6crV.jpg
3213,14919,https://image.tmdb.org/t/p/w300/hT4ehUteagUrhUOHAtmYiY7mp5l.jpg
3214,14040,https://image.tmdb.org/t/p/w300/sa8otETzs4ZJ77s7LypCmD0zzQe.jpg
3217,22692,https://image.tmdb.org/t/p/w300/90EfCmXXWOs5dy7rHTNvGT9T8Kz.jpg
3219,2990,https://image.tmdb.org/t/p/w300/9iHD6xIrGSuuMEFWhwSVGXSddY2.jpg
3221,10831,https://image.tmdb.org/t/p/w300/ljeTWR2kowGXijMc8LMuy72ULM3.jpg
3223,33078,https://image.tmdb.org/t/p/w300/55eiU0JNfNRqWbpabsf6NukntI2.jpg
3224,16672,https://image.tmdb.org/t/p/w300/xiBr3bIT2xpbuIKo5bLK7ebP4O1.jpg
3225,10472,https://image.tmdb.org/t/p/w300/pqEEtX4S8j2XqZ9JAD97fz2DPkV.jpg
3230,21489,https://image.tmdb.org/t/p/w300/j8uFsP2PxDMN3bdo5Ve6fYj0ebN.jpg
3235,13005,https://image.tmdb.org/t/p/w300/8XgXvVmb5SdxWu4Enxh9ntbyate.jpg
3238,18681,https://image.tmdb.org/t/p/w300/4eB1Gw5r3Etbe4su6PhOo6OAN9E.jpg
3240,20468,https://image.tmdb.org/t/p/w300/i7HjSujyV4PpIcTzhlNxNGvMiRJ.jpg
3241,14521,https://image.tmdb.org/t/p/w300/8yh2Pj4o92sF4ceTvzB5qP9szUy.jpg
3243,10406,https://image.tmdb.org/t/p/w300/y8HtL6pyjfODdHOFgciFVFmt8Eq.jpg
3244,14741,https://image.tmdb.org/t/p/w300/xdaPFRARLPJuSdQIfxKVJSCOsmD.jpg
3246,1883,https://image.tmdb.org/t/p/w300/o2s9ow0uRRm1BcF3teznk5twd90.jpg
3247,2005,https://image.tmdb.org/t/p/w300/xZvVSZ0RTxIjblLV87vs7ADM12m.jpg
3248,6279,https://image.tmdb.org/t/p/w300/2jmPYqep3r2eumauyTauNIhSmR7.jpg
3249,11087,https://image.tmdb.org/t/p/w300/1fBnyO3SbNBplck45js6O4pQaLw.jpg
3250,7305,https://image.tmdb.org/t/p/w300/uQACcCZqd7WCTRin9xRIW5gr1bd.jpg
3251,24735,https://image.tmdb.org/t/p/w300/m2QrxkojSmQb9k4DN6qhovDHLwD.jpg
3252,9475,https://image.tmdb.org/t/p/w300/4adI7IaveWb7EidYXfLb3MK3CgO.jpg
3253,8872,https://image.tmdb.org/t/p/w300/fHwZnFNWR7PaS9t5EBwTvGPeoYQ.jpg
3254,8873,https://image.tmdb.org/t/p/w300/72TBNPN06oo1myHqihwcCQVDl48.jpg
3255,11287,https://image.tmdb.org/t/p/w300/f9BtX6wYOwJUyfUr4vyeT3COz6m.jpg
3256,9869,https://image.tmdb.org/t/p/w300/9IT7gnszrRthduYxCLqaIkM55Un.jpg
3257,619,https://image.tmdb.org/t/p/w300/ihWF0uY1xnKqw9YK7ZHNLUZOhcO.jpg
3258,9374,https://image.tmdb.org/t/p/w300/kkWxyyyWFK5KNk9WVwQuGEC9H9H.jpg
3259,11259,https://image.tmdb.org/t/p/w300/is80o8p0sCok3UqtnHEE2oyXyad.jpg
3260,8293,https://image.tmdb.org/t/p/w300/1009nhfj28VhhQnVadtjkOacduX.jpg
3261,11068,https://image.tmdb.org/t/p/w300/4T7OKBdkNBorRKWw7VSeuA225z1.jpg
3262,1923,https://image.tmdb.org/t/p/w300/mxsGXqetGnirf99qapYd5MMY1VL.jpg
3263,10158,https://image.tmdb.org/t/p/w300/jnI05Z2Cm9ACEJo8FGen7tdHKLl.jpg
3264,10206,https://image.tmdb.org/t/p/w300/tcF3S4UdFpuoZEWovMDq5AXazNF.jpg
3265,11782,https://image.tmdb.org/t/p/w300/oMqr4CGGqVlfI8DdrSelK1e9aFM.jpg
3266,10086,https://image.tmdb.org/t/p/w300/uRVI98a6MxdLkpsXM8LqIM9W7XZ.jpg
3267,9367,https://image.tmdb.org/t/p/w300/zRh7K4SV1xQ419m8gzGITak51vc.jpg
3268,9876,https://image.tmdb.org/t/p/w300/yCw4U5FK7C9hVWF2qcLO4EVvkCc.jpg
3269,10326,https://image.tmdb.org/t/p/w300/eKbD77BEhhBmFD7ZE9VTi9o8r2K.jpg
3270,16562,https://image.tmdb.org/t/p/w300/sx4qf2XoW0xaLITQLpajsYc4mcj.jpg
3271,9609,https://image.tmdb.org/t/p/w300/qAHLUMZyoW3iwj2b01B2nKcePTA.jpg
3272,12143,https://image.tmdb.org/t/p/w300/mVJ2mXykqq3t2v1nuouf1P10g0d.jpg
3273,4234,https://image.tmdb.org/t/p/w300/qpH8ToZVlFD1bakL04LkEKodyDI.jpg
3274,9605,https://image.tmdb.org/t/p/w300/yPGK58CcAM8NAX8ycR1jdjo2wiE.jpg
3275,8374,https://image.tmdb.org/t/p/w300/wtLUmkWg41xFLpvmUWAN1mm65f6.jpg
3276,29076,https://image.tmdb.org/t/p/w300/iMCuGjQu5LsS6hyr5KmRDNqcomy.jpg
3280,28156,https://image.tmdb.org/t/p/w300/ovk7WxoO5Bu970qGCQuF6DgrwZw.jpg
3281,113096,https://image.tmdb.org/t/p/w300/2VUVDdbInXCTn4X2ViCkIYE33r5.jpg
3283,24349,https://image.tmdb.org/t/p/w300/pufOqUEeEzbUma3WfnLS0AHiMl5.jpg
3284,27841,https://image.tmdb.org/t/p/w300/yzv8J2Vu63AQyEw5D9ckyBgn9Fo.jpg
3285,1907,https://image.tmdb.org/t/p/w300/4y7LxD8TSi6AtsM2xSYqUm1gu7u.jpg
3286,15489,https://image.tmdb.org/t/p/w300/myTnHKy178rrd1oUG3GkEvc641G.jpg
3287,15655,https://image.tmdb.org/t/p/w300/9OdZKUdGfaBAUwRLbtWpFWKbILO.jpg
3289,36210,https://image.tmdb.org/t/p/w300/eERKaWCIRh3a8rPjUu1z34OYZD8.jpg
3294,30062,https://image.tmdb.org/t/p/w300/5RVbWSY0Zo3ggQBVheEfqlpad8h.jpg
3295,62463,https://image.tmdb.org/t/p/w300/tkkfaTOTgeQ8iq0yQn4y8MvGkG8.jpg
3296,25934,https://image.tmdb.org/t/p/w300/xMaVwTfgETmPs5yp3lNK5SeWCtB.jpg
3298,14181,https://image.tmdb.org/t/p/w300/jFB5uvCZ3HXF00liAEAuOruCPs6.jpg
3299,10385,https://image.tmdb.org/t/p/w300/lnnFFGhIXi6ZDU3r29eKHKTHdq0.jpg
3300,2787,https://image.tmdb.org/t/p/w300/3AnlxZ5CZnhKKzjgFyY6EHxmOyl.jpg
3301,2069,https://image.tmdb.org/t/p/w300/rDV7ntPLY0ZDBT722Odsi80nFrn.jpg
3302,61416,https://image.tmdb.org/t/p/w300/t5s6oSCyA2tGf7J5ZJHii4eb2J2.jpg
3303,79515,https://image.tmdb.org/t/p/w300/vbJuchlaqKwGtkHKe5QL7Sm2CfV.jpg
3306,28978,https://image.tmdb.org/t/p/w300/sihWAgBYa8yZFVAonGFGbLTVUj2.jpg
3307,901,https://image.tmdb.org/t/p/w300/ugmakEL5y294I5bXgiBqApuZpwc.jpg
3308,25010,https://image.tmdb.org/t/p/w300/hNCYkAXB9WIQBABXTV6Vs9kFrLY.jpg
3310,10098,https://image.tmdb.org/t/p/w300/A9NWYyn7eX0H9XIjaOvfWJ9mCGA.jpg
3313,33374,https://image.tmdb.org/t/p/w300/9Ci3ywt4fbrN6TP5iknNcQ1FHDf.jpg
3315,127602,https://image.tmdb.org/t/p/w300/alnkjFvq0DC7IaS6QKJTYRlanQV.jpg
3316,2155,https://image.tmdb.org/t/p/w300/8y1PedfYWllJVoBbkt9KWLY155v.jpg
3317,11004,https://image.tmdb.org/t/p/w300/vGOdSLaZmu42qqwDUMgrfctJ65M.jpg
3323,20682,https://image.tmdb.org/t/p/w300/rUwl3cfSf60aP1uvfb4QIEVMHuq.jpg
3324,25166,https://image.tmdb.org/t/p/w300/iuN2SXCGPIlC7pAPCOzqAdeaDji.jpg
3325,1831,https://image.tmdb.org/t/p/w300/iYK1ZUtY4etcn91glUmrGuZRH6M.jpg
3326,10416,https://image.tmdb.org/t/p/w300/2VtgMZPj3uDLz0zOQqZ74SUZGK4.jpg
3327,14271,https://image.tmdb.org/t/p/w300/48AfKc79mpRcavpA5Hc7UW9Qqq6.jpg
3328,4816,https://image.tmdb.org/t/p/w300/gjcl07r9zgQ9tVo9alyHmysPFfX.jpg
3329,19958,https://image.tmdb.org/t/p/w300/eThAKG78ypcpyZSysue7exgMuZS.jpg
3330,28569,https://image.tmdb.org/t/p/w300/n6Kw8Ui93SMhrk1MupCFwUg04vq.jpg
3331,2193,https://image.tmdb.org/t/p/w300/gMIEasZXQImHpRHos5XsVg80ERV.jpg
3334,11016,https://image.tmdb.org/t/p/w300/rySfmQQZhS7RswOiJcJrww6FcHy.jpg
3338,20423,https://image.tmdb.org/t/p/w300/7k8ylisWiEGxdRSlAf6v4PWiAjH.jpg
3341,24481,https://image.tmdb.org/t/p/w300/hPiQUhnkgp2O9bQz9KhSyOjLvGl.jpg
3342,11296,https://image.tmdb.org/t/p/w300/weIn0Huxx4SQU8PB5ZggzA4PLIE.jpg
3344,28172,https://image.tmdb.org/t/p/w300/u6mWxgOrNAF3AaevaGEE4NqCwcQ.jpg
3345,57855,https://image.tmdb.org/t/p/w300/7Nx00VscGdcPsa1PmjmwwMxLe3F.jpg
3347,14280,https://image.tmdb.org/t/p/w300/e61tGxVtobTQuFPmAC7xWwdC4O1.jpg
3350,29478,https://image.tmdb.org/t/p/w300/fxGAJFfryAgdi4ONkVyrBWKDBbI.jpg
3353,73642,https://image.tmdb.org/t/p/w300/xeENuqgJtRcum0hJCrmUJ8HA4k8.jpg
3354,2067,https://image.tmdb.org/t/p/w300/cTKWoBpN5Gvi0vpMb9mLtYlwXqT.jpg
3355,622,https://image.tmdb.org/t/p/w300/rxw9l9YNL14ODdmAavUwHLBjiDo.jpg
3357,28463,https://image.tmdb.org/t/p/w300/c1Uf4HC5WEcssVoOm48Bfzn7Wmk.jpg
3358,12186,https://image.tmdb.org/t/p/w300/flXJ4AnKYq8DH1f1TmQ4QrqSwsB.jpg
3359,20283,https://image.tmdb.org/t/p/w300/k7b5GsVJK1hfdwoYqcczN9pBba6.jpg
3360,5693,https://image.tmdb.org/t/p/w300/dHpjZQXEdoi1xNLubM1rPmTHJYz.jpg
3361,287,https://image.tmdb.org/t/p/w300/q3T9bO6p74NcTxWOhdUA6fASQ5T.jpg
3362,968,https://image.tmdb.org/t/p/w300/mavrhr0ig2aCRR8d48yaxtD5aMQ.jpg
3363,838,https://image.tmdb.org/t/p/w300/1tjLivPad2PX8FAzWko7FPIb8d2.jpg
3364,16958,https://image.tmdb.org/t/p/w300/8xsUnT0P2fJWQv9jGDhs3i9Zx2l.jpg
3365,3114,https://image.tmdb.org/t/p/w300/jLBmgW0epNzJ1N9uzaVCjbyT94v.jpg
3368,12501,https://image.tmdb.org/t/p/w300/aTjIUBmo7qbiu5FuvSoBA0UONWk.jpg
3370,31618,https://image.tmdb.org/t/p/w300/eilzKLdafTPGZTq9BhHlsjM70JG.jpg
3372,15873,https://image.tmdb.org/t/p/w300/cWNzClIEf3bb4Cq1NH47QHCHUW.jpg
3374,68427,https://image.tmdb.org/t/p/w300/sk5qednzLeDZMIhto6Oa9QFKOon.jpg
3378,48213,https://image.tmdb.org/t/p/w300/ybLzxBiB9qiiqyANLj8RGs2Dkp3.jpg
3379,35412,https://image.tmdb.org/t/p/w300/lTDuj5zalrI0fpQel7UfPHTexTK.jpg
3384,8333,https://image.tmdb.org/t/p/w300/vNhywp9w1DVG6BytxKp4kjtaaGC.jpg
3385,19259,https://image.tmdb.org/t/p/w300/tua28Wyv9uGBtPTBGCP7GsN3Znu.jpg
3386,820,https://image.tmdb.org/t/p/w300/r0VWVTYlqdRCK5ZoOdNnHdqM2gt.jpg
3387,11718,https://image.tmdb.org/t/p/w300/6iUoyyaMklULVoGJDyHcN4nGgSX.jpg
3388,8989,https://image.tmdb.org/t/p/w300/5ZNWhOEsuNHIQ1gbtwdTGK7srCr.jpg
3389,32031,https://image.tmdb.org/t/p/w300/qyKxAZbcnzmn24oATeUX7DqQ7aB.jpg
3390,58048,https://image.tmdb.org/t/p/w300/8zsU3Vq9FG9Q0kTEYrl0CWDlvX2.jpg
3391,26827,https://image.tmdb.org/t/p/w300/2Yu6ciKKgSWIZAzUg4IrrifO23z.jpg
3392,11157,https://image.tmdb.org/t/p/w300/jWYAXtdYF804aT1muO0G6FuR2Fa.jpg
3393,28370,https://image.tmdb.org/t/p/w300/g9CjIIyZdCybuCRkn4Ad8uWBclu.jpg
3394,918,https://image.tmdb.org/t/p/w300/cLb3akSpZhU5qkmCO46IHfJtcs0.jpg
3395,61178,https://image.tmdb.org/t/p/w300/mim8TLLXmD3ui03f9jVmOXGACv8.jpg
3396,11176,https://image.tmdb.org/t/p/w300/mfj8yR2vO5BMkaTMu1wvKQLUTsL.jpg
3397,14900,https://image.tmdb.org/t/p/w300/voJl6eWRKf1pl9bnASDyQ4JZQRw.jpg
3398,11899,https://image.tmdb.org/t/p/w300/fuiYshVGNNtNTt3alLIXBTGhAft.jpg
3400,18890,https://image.tmdb.org/t/p/w300/iyFmhYlioe3PDZjSKWtcIhu5R02.jpg
3401,19736,https://image.tmdb.org/t/p/w300/AvIT5XHXrxeNHxTHmyRalm7tfSM.jpg
3402,123047,https://image.tmdb.org/t/p/w300/tY9j8r1dVVrATeThyro02ALmWwF.jpg
3403,24575,https://image.tmdb.org/t/p/w300/XvukyvRCbkYKKv1TdtlyNxvzEl.jpg
3404,16535,https://image.tmdb.org/t/p/w300/rEPzO9I6LCk6Mxg1X4BsBk6oA3V.jpg
3405,10971,https://image.tmdb.org/t/p/w300/6fDhJAz6AuYWj3hAnvUL42Xlxfj.jpg
3406,23928,https://image.tmdb.org/t/p/w300/oielnqLw4gVpaJDN6QTOapCqRXf.jpg
3408,462,https://image.tmdb.org/t/p/w300/eMs20iUQyZVs05Ck7Q0LNnRsstr.jpg
3409,9532,https://image.tmdb.org/t/p/w300/1mXhlQMnlfvJ2frxTjZSQNnA9Vp.jpg
3410,117259,https://image.tmdb.org/t/p/w300/eaOehKsttNGjoaUwVRvn7c6HMQ8.jpg
3412,2383,https://image.tmdb.org/t/p/w300/ry4A1Y2udvqyDlVHLtSeP1u9qwJ.jpg
3414,53879,https://image.tmdb.org/t/p/w300/a9aqlitzVeo5fq6UX5Ekl5kopco.jpg
3415,1396,https://image.tmdb.org/t/p/w300/AttDP5OEsMxtHPPN7Z92p2Ntnmd.jpg
3417,11570,https://image.tmdb.org/t/p/w300/lOSqs9ntb2wB7gveCx2l7cqC1nG.jpg
3418,1541,https://image.tmdb.org/t/p/w300/vbRAGLzbC75QfiKD1lKjmnQGuph.jpg
3420,17443,https://image.tmdb.org/t/p/w300/32NmJn0p4o9BdWVpEhuyxzwsqhL.jpg
3421,8469,https://image.tmdb.org/t/p/w300/fWooBbipMRIKeSRhEzmeaDV0T8H.jpg
3422,27995,https://image.tmdb.org/t/p/w300/qiJuXvPONqTSSnzhbCBqE7EotV.jpg
3423,36739,https://image.tmdb.org/t/p/w300/vnfjKHcmah7ReMxLNF18JMXFgSZ.jpg
3424,925,https://image.tmdb.org/t/p/w300/63rmSDPahrH7C1gEFYzRuIBAN9W.jpg
3425,41823,https://image.tmdb.org/t/p/w300/sEa6m5RjfrqfTzY1eHkC85shiUF.jpg
3426,1713,https://image.tmdb.org/t/p/w300/pw7cOdwCylBuiv6rvosBSkcgKEe.jpg
3428,30547,https://image.tmdb.org/t/p/w300/8GyHL4TftI4SKVA8Jj9JpthhIu6.jpg
3429,54825,https://image.tmdb.org/t/p/w300/Ap8XavPP8AyvW9TDQDAZzEGT200.jpg
3430,13939,https://image.tmdb.org/t/p/w300/rNksI6UiuTgLtBy69WvKT1PrG0R.jpg
3431,14373,https://image.tmdb.org/t/p/w300/igZHFiuvyOB8vTdVQPRw8gJxJbK.jpg
3432,24873,https://image.tmdb.org/t/p/w300/mc33TytXxkC9cSKyztDJzwF3lbn.jpg
3433,26263,https://image.tmdb.org/t/p/w300/r8HwJQJyKRyJ2JypwiVR5p0ZV84.jpg
3434,34746,https://image.tmdb.org/t/p/w300/1fm57LcUKMd7hQNyjXZycDAALMp.jpg
3435,996,https://image.tmdb.org/t/p/w300/rVNYZZgfhwqVMMWlBmxOfWqnwCj.jpg
3436,9079,https://image.tmdb.org/t/p/w300/nLVV8TETjCxWQmIip6t3HO1znVJ.jpg
3438,1498,https://image.tmdb.org/t/p/w300/shfAU6xIIEAEtsloIT3n9Fscz2E.jpg
3439,1497,https://image.tmdb.org/t/p/w300/Hyvvz9Z3le1is8a0EeFJQm0aSC.jpg
3440,1499,https://image.tmdb.org/t/p/w300/fwX5RdPDBFsbEAXc46DrvRz5Bca.jpg
3441,1880,https://image.tmdb.org/t/p/w300/a2GkHcioc2QEFJbQk1NTB85u3vD.jpg
3442,33762,https://image.tmdb.org/t/p/w300/ypfbaT6qB8cUfeflK7PO9F4hvsm.jpg
3444,11690,https://image.tmdb.org/t/p/w300/kndxR9TRK0kJ5hxzDprRSS80F2W.jpg
3445,29143,https://image.tmdb.org/t/p/w300/b6njtFr9IkmJGzwCkZWpDIYI1oC.jpg
3446,35292,https://image.tmdb.org/t/p/w300/yGY053q9WlgaZzji50ZHK3p8VIy.jpg
3447,36652,https://image.tmdb.org/t/p/w300/bPJe6d8etqVPyPYrNtE5rRNts9T.jpg
3448,801,https://image.tmdb.org/t/p/w300/sreISlFUn5TyR41QNjlfAdX5SEW.jpg
3449,104301,https://image.tmdb.org/t/p/w300/13AsjChBPvhefDsAazSqukmNCSu.jpg
3450,11520,https://image.tmdb.org/t/p/w300/iMY7yFn4gMvGaQYMGWnyX2QgvHZ.jpg
3451,1879,https://image.tmdb.org/t/p/w300/fkHeYWahNbhxhuLefaAg553lYo5.jpg
3452,2085,https://image.tmdb.org/t/p/w300/zKrnaTWW63y4Q1XLrdZQyQmcRWd.jpg
3453,13539,https://image.tmdb.org/t/p/w300/shvubL3pIrCyEK22ZHrx00oNtCY.jpg
3454,16222,https://image.tmdb.org/t/p/w300/u9UtZNMj2m7dtOP6RcMAeRfqmnF.jpg
3455,109479,https://image.tmdb.org/t/p/w300/3hLdv9aGXDTs95c0st9wBmaKpZR.jpg
3456,17078,https://image.tmdb.org/t/p/w300/rQ1t23NAGJDv9oNfHEAsxhuiAOG.jpg
3459,33516,https://image.tmdb.org/t/p/w300/xGXj6wpJimmWkQMahZryM7xB9EX.jpg
3461,9960,https://image.tmdb.org/t/p/w300/3jhp9oxZpwcWCZ1vfn3PyMWovzq.jpg
3462,3082,https://image.tmdb.org/t/p/w300/7uoiKOEjxBBW0AgDGQWrlfGQ90w.jpg
3466,12187,https://image.tmdb.org/t/p/w300/ik6GtJXMoq5tA581IMeBHr7Wocf.jpg
3467,24748,https://image.tmdb.org/t/p/w300/A168bF52vmAIGkC2Qafj7M2EmaE.jpg
3468,990,https://image.tmdb.org/t/p/w300/snItsSViawjaadW9mlWUmGwR41R.jpg
3469,1908,https://image.tmdb.org/t/p/w300/7oaHcF0gCOt2lKaT2zajhajP0Zo.jpg
3470,9764,https://image.tmdb.org/t/p/w300/bIOrDQ3Gg68k3qJAnRU7nIZr0BW.jpg
3471,840,https://image.tmdb.org/t/p/w300/yaPx3cK9zGFX3SbcKwxWM1QIbUh.jpg
3473,42237,https://image.tmdb.org/t/p/w300/zwqnEiUygCOGRZJvbzaTRF6tbsC.jpg
3474,26689,https://image.tmdb.org/t/p/w300/7kOHEXDUTyyQQmI1VES1JofgPbj.jpg
3475,25673,https://image.tmdb.org/t/p/w300/3tKYbChwIRYCwFrMUDBkbZyDIoN.jpg
3476,2291,https://image.tmdb.org/t/p/w300/ufLcHIi1aXjjH8MediAMvnwDsVI.jpg
3477,13531,https://image.tmdb.org/t/p/w300/qKP7hVdjAAvRvbF3GBCbzi5LzMf.jpg
3478,16620,https://image.tmdb.org/t/p/w300/6Znulqtc7cdqlUC69HGf26Ef5fi.jpg
3479,526,https://image.tmdb.org/t/p/w300/vJA2Fhw2uBMiVFdBde2kH7kZ2gw.jpg
3480,13346,https://image.tmdb.org/t/p/w300/7qq4sxYj59Aq6wmnnIlot5iXaux.jpg
3481,243,https://image.tmdb.org/t/p/w300/e2LZGB62GMhv3Fo8tDZjY87I81a.jpg
3483,10501,https://image.tmdb.org/t/p/w300/tQuqhUBACMcGqCvliHxpJreBfXC.jpg
3484,11478,https://image.tmdb.org/t/p/w300/pYuggibfzm8LWgjnUKMMtii2430.jpg
3489,879,https://image.tmdb.org/t/p/w300/a6rB1lGXoGms7gWxRfJneQmAjNV.jpg
3492,85689,https://image.tmdb.org/t/p/w300/yZib8tHbOHrSTSszif728VwU2L6.jpg
3494,17529,https://image.tmdb.org/t/p/w300/lmexRC57l39elaIcnxhaHpcaIW2.jpg
3496,118098,https://image.tmdb.org/t/p/w300/iXBUkgTfFzT9OC9B4egsF0rSAPr.jpg
3497,1793,https://image.tmdb.org/t/p/w300/wYOmBIJwliiu43CwWqx79f8Zp8Z.jpg
3498,11327,https://image.tmdb.org/t/p/w300/6GXioArQEdxcYqOcEfMdpyJPlwx.jpg
3499,1700,https://image.tmdb.org/t/p/w300/klPO5oh1LOxiPpdDXZo1ADgpKcw.jpg
3500,54087,https://image.tmdb.org/t/p/w300/tDAJzffAZyhpEsRiRCH3J9abTbZ.jpg
3501,34322,https://image.tmdb.org/t/p/w300/hCl1X4Fh8LTQV283AJ5sKUanxV7.jpg
3502,41659,https://image.tmdb.org/t/p/w300/eF8wNMMqY3kukUTTAVXLLx94UhB.jpg
3503,593,https://image.tmdb.org/t/p/w300/pgqj7QoBPWFLLKtLEpPmFYFRMgB.jpg
3504,10774,https://image.tmdb.org/t/p/w300/qZomlHsaALUtkFeMDwdYmwS2Pbo.jpg
3505,10083,https://image.tmdb.org/t/p/w300/93CzsBvRhg035yvQosRtSsTL19v.jpg
3506,29786,https://image.tmdb.org/t/p/w300/5e9IeZPFmApZZ37ixq9QhYZXURq.jpg
3507,11356,https://image.tmdb.org/t/p/w300/d3dKPpzEi7WfgmoMnMwWyQnd2ja.jpg
3508,10747,https://image.tmdb.org/t/p/w300/92BZIFPbyCPNhExyFScxA3xF1dy.jpg
3510,10559,https://image.tmdb.org/t/p/w300/eu3Hrjj271dnBdNAF0HqfmwWASt.jpg
3511,20697,https://image.tmdb.org/t/p/w300/fRJNUXbeTte3MmpCqCRs53W7HIR.jpg
3512,2621,https://image.tmdb.org/t/p/w300/mtYZyZh7hSiTq3gAU0C8FlcMC5.jpg
3513,10479,https://image.tmdb.org/t/p/w300/38iMM0sHOqNz315ApF9bEjT4rFA.jpg
3514,125709,https://image.tmdb.org/t/p/w300/n7X4jmmRIRtqNQWXJt8LxZcS1Ja.jpg
3515,49721,https://image.tmdb.org/t/p/w300/sI8AjPZMeRKn5mQ7LD4uYTStTMc.jpg
3516,2006,https://image.tmdb.org/t/p/w300/z3MLtVFPT2wIkKCBSE2yBgDmeXI.jpg
3519,17339,https://image.tmdb.org/t/p/w300/3bFRwivCZuXx7fHWt4SpYaiHkNL.jpg
3521,11305,https://image.tmdb.org/t/p/w300/f11xq7dBGhz9UDc3dabldAGeXVH.jpg
3524,13665,https://image.tmdb.org/t/p/w300/m8yOFRDVZPxtsr4D2hVdzls6q6t.jpg
3525,12309,https://image.tmdb.org/t/p/w300/dZf3UpPZDvJYTODSUJQy7wYEop.jpg
3526,1552,https://image.tmdb.org/t/p/w300/e51tNNQBJpJi9xkyuj0QFhyBcz7.jpg
3527,106,https://image.tmdb.org/t/p/w300/aN3cdjIK70KGmD84et8MMblU87Q.jpg
3528,10333,https://image.tmdb.org/t/p/w300/1AyeW3YlwfhRwLDeUCW686obceb.jpg
3529,11027,https://image.tmdb.org/t/p/w300/k52pPgVOHPwjIyMdvNZZi3Z7zFR.jpg
3531,123757,https://image.tmdb.org/t/p/w300/sQmBGBIjDvX2nMwUHI3yQv4YAJ9.jpg
3534,10468,https://image.tmdb.org/t/p/w300/tlgz7Shx0UavR5pyITeJ2mUHKFI.jpg
3535,1359,https://image.tmdb.org/t/p/w300/9uGHEgsiUXjCNq8wdq4r49YL8A1.jpg
3536,4967,https://image.tmdb.org/t/p/w300/9NF199FTvHr9ggqdBTVbPhF1MGk.jpg
3537,31776,https://image.tmdb.org/t/p/w300/s6FODEWgJ9XDwKunGLWEmexguUs.jpg
3538,10557,https://image.tmdb.org/t/p/w300/tDchJ4mB23vGgwdQCmq9FCQ4W23.jpg
3539,27745,https://image.tmdb.org/t/p/w300/kdNkiqmMeJfaD8ybjiV6bVOrcQ8.jpg
3543,13776,https://image.tmdb.org/t/p/w300/2vKIdZ6JkFIzcQeaHg3xtdvOyRO.jpg
3544,26291,https://image.tmdb.org/t/p/w300/nfTWQ7GfH462FVmYEGQB1oHR6H4.jpg
3545,10784,https://image.tmdb.org/t/p/w300/fMhOeJ2TvuY46iYGmsowhgRXfnr.jpg
3546,10242,https://image.tmdb.org/t/p/w300/msGYzyWwtjAaA3DScdgmvJ5MReG.jpg
3548,16347,https://image.tmdb.org/t/p/w300/uH810rwkYEbUaV6IlwTaAExbXUm.jpg
3549,4825,https://image.tmdb.org/t/p/w300/mrSM6laJJLBVdMdWfeNRa1innnk.jpg
3550,11654,https://image.tmdb.org/t/p/w300/lFTDtRtK8J55A1LTpwigV7QGQg7.jpg
3551,10518,https://image.tmdb.org/t/p/w300/uPNgubSiri2yvBQRPtP77ViYjN.jpg
3552,11977,https://image.tmdb.org/t/p/w300/lXnNz7zOXCsftMDVoU3VSo0Eioi.jpg
3553,18041,https://image.tmdb.org/t/p/w300/1fyQiQyBFlqjeqgT6sAEh5vo4Fe.jpg
3554,14736,https://image.tmdb.org/t/p/w300/zNZWNX19FZ5QyedprVM0ldsXFiP.jpg
3555,3536,https://image.tmdb.org/t/p/w300/7lc7jXmjQmITnfUBX7nN4kxKKbI.jpg
3556,1443,https://image.tmdb.org/t/p/w300/1NCQtXPQnaHRjOZVmktA9BSM35F.jpg
3557,10424,https://image.tmdb.org/t/p/w300/pMlk8spEliRD6hr4ILs5ubHeBGT.jpg
3559,28971,https://image.tmdb.org/t/p/w300/wNWQS4cPTVtyOPzMZ9HSjmOLZ97.jpg
3563,9456,https://image.tmdb.org/t/p/w300/5JkLJ0HS1hGxZHok9pjBcLCpLuX.jpg
3564,889,https://image.tmdb.org/t/p/w300/qTcf60dqziF7xU2amxIIsvrnkTl.jpg
3565,10564,https://image.tmdb.org/t/p/w300/3iyT5W3PjDKMKVS1vfAnDLeSXh2.jpg
3566,15723,https://image.tmdb.org/t/p/w300/sMhWWdW6V3HXFanELFA1oHdvboS.jpg
3567,19600,https://image.tmdb.org/t/p/w300/zNOEUXsb3LMdBLDafaWYziLCQbO.jpg
3568,125537,https://image.tmdb.org/t/p/w300/cGCNG3Md9t0Zvhksr27aqXa1AI9.jpg
3569,452,https://image.tmdb.org/t/p/w300/dZUgHe2XH8egBFerMC6yLoqUqii.jpg
3571,36234,https://image.tmdb.org/t/p/w300/xQWlEjYAJTC8aBHjUzPmFLjZPSp.jpg
3572,39283,https://image.tmdb.org/t/p/w300/dOkM4ljCDBfy9FJHmqbd3xJNgeK.jpg
3573,65460,https://image.tmdb.org/t/p/w300/8dzRgDdbmEEolKPLpuScsMofHD3.jpg
3574,55667,https://image.tmdb.org/t/p/w300/lPyp6ukHtpsOr4S0R4Pphgpp1IB.jpg
3576,12476,https://image.tmdb.org/t/p/w300/pCoFtULUIebq13EU9glcZjfdC1a.jpg
3577,5241,https://image.tmdb.org/t/p/w300/g3KQuCGX7ISTQ0EPyieGeH7M4L0.jpg
3578,98,https://image.tmdb.org/t/p/w300/wN2xWp1eIwCKOD0BHTcErTBv1Uq.jpg
3580,47724,https://image.tmdb.org/t/p/w300/hkjBOhbNVCk6zbnC8Xo1cNYMmuA.jpg
3581,11129,https://image.tmdb.org/t/p/w300/cHwnYGZh1fVuVWqT28GpCN0usYF.jpg
3584,1058,https://image.tmdb.org/t/p/w300/ipnsEbOsnQYO0HMrHTyqsO5osUV.jpg
3586,42159,https://image.tmdb.org/t/p/w300/sQoGkwIMsfIhfC0ukouBvWOTIpK.jpg
3587,16395,https://image.tmdb.org/t/p/w300/A92SmwJ4w2GSF6Mp2m8xE9GbG39.jpg
3590,38925,https://image.tmdb.org/t/p/w300/zmXNjWFK4zlkStngN2qdVZ9Vprh.jpg
3591,13105,https://image.tmdb.org/t/p/w300/QuTlgKKykL7j0PnZZd3LNFVhCX.jpg
3592,22501,https://image.tmdb.org/t/p/w300/4ktdTOrJnSk7iCtX6Q2QR0sR9Je.jpg
3593,5491,https://image.tmdb.org/t/p/w300/wXCRuBHdJ5aTFQdsuGJFXNdo79T.jpg
3594,10560,https://image.tmdb.org/t/p/w300/95Et0t08Nv6S8FD593HpXyvcRt8.jpg
3596,19419,https://image.tmdb.org/t/p/w300/m6FfMbH1ga1Kp5QI9Nm0ETOIG64.jpg
3597,23531,https://image.tmdb.org/t/p/w300/jIVMqADXH1fEAlf8K19FoDZYh0U.jpg
3598,10688,https://image.tmdb.org/t/p/w300/yL1rYMHlqZtZVESxEWLsaneXq86.jpg
3599,17889,https://image.tmdb.org/t/p/w300/sUWoYst249F6ctTXymuLktWEzmj.jpg
3604,39391,https://image.tmdb.org/t/p/w300/qmeyhwe7pHJ30n6uLq8swyW1Juz.jpg
3606,31516,https://image.tmdb.org/t/p/w300/lEU8QQmIayAtPZrCDf2czQgTjQ1.jpg
3608,5683,https://image.tmdb.org/t/p/w300/414IUXc54mrhX88ZUQiRDLXn01i.jpg
3609,113279,https://image.tmdb.org/t/p/w300/iXXj1IIQ1rqFiFHdbpOkvNU9MvN.jpg
3614,12518,https://image.tmdb.org/t/p/w300/qZPay0VF5Bq2PiUvC09WwM5blmj.jpg
3615,10567,https://image.tmdb.org/t/p/w300/rSje3FS7ycJSglowlngjsvDt7vO.jpg
3616,10642,https://image.tmdb.org/t/p/w300/nOqWmYfgvpUA6gZjvdB0Cg24kA4.jpg
3617,9285,https://image.tmdb.org/t/p/w300/jee4eY5tZprI0V18S6PXUloBzSk.jpg
3618,10569,https://image.tmdb.org/t/p/w300/eIJRFZFDmh0xXPlKt3WwN5fiSLe.jpg
3619,21879,https://image.tmdb.org/t/p/w300/nKTXjzFW52n61rlXT80MGIcnEG4.jpg
3622,24918,https://image.tmdb.org/t/p/w300/qw0yZKqdWyakNRasQ3NvEiRyZpN.jpg
3623,955,https://image.tmdb.org/t/p/w300/hfnrual76gPeNFduhD4xzHWpfTw.jpg
3624,8584,https://image.tmdb.org/t/p/w300/b0WwWRcDiDahkah5vZ0KjB4N9ZZ.jpg
3625,47295,https://image.tmdb.org/t/p/w300/3UUdjElayMyi6pSYq6SBLBRIKvG.jpg
3626,11332,https://image.tmdb.org/t/p/w300/t7G0SA8cqrsu7XzzTL0ge54aw7L.jpg
3627,16093,https://image.tmdb.org/t/p/w300/9ddPGH7kMe81xznwIKCt17VFUPi.jpg
3628,29372,https://image.tmdb.org/t/p/w300/1Aee8HBwkq1yjKYMnL9YMPhXJZ.jpg
3629,962,https://image.tmdb.org/t/p/w300/eQRFo1qwRREYwj47Yoe1PisgOle.jpg
3632,30588,https://image.tmdb.org/t/p/w300/mUPXIinTQsBdLlDaWiSl7GwQXVs.jpg
3633,668,https://image.tmdb.org/t/p/w300/m3KfbxvqaiAvRJ6MpguA3GuLdDQ.jpg
3634,23518,https://image.tmdb.org/t/p/w300/fgMwyNl7uZeUrnIAqlX7htSQ2O2.jpg
3635,691,https://image.tmdb.org/t/p/w300/3ZxHKFxMYvAko680DsRgAZKWcLi.jpg
3637,44018,https://image.tmdb.org/t/p/w300/2KFfwiPct1hwqi9dkKqoom0BenC.jpg
3638,698,https://image.tmdb.org/t/p/w300/6LrJdXNmu5uHOVALZxVYd44Lva0.jpg
3639,682,https://image.tmdb.org/t/p/w300/xVkbKwGnBVNQ122GN5bCTMyPbWz.jpg
3640,28973,https://image.tmdb.org/t/p/w300/e6KtBoiXa5D3LLZtiMCkiqIDnZv.jpg
3641,28974,https://image.tmdb.org/t/p/w300/shmnpKWwfgNzntaDLPO0WYli5PX.jpg
3643,22994,https://image.tmdb.org/t/p/w300/pfqahIjSJ8XkU1Pta2z9M9PuIJY.jpg
3646,9600,https://image.tmdb.org/t/p/w300/5YoSFqpTz5qIxsX61CPMGKONQIY.jpg
3648,38006,https://image.tmdb.org/t/p/w300/j0mz19eFHrloyAbLmxXEYqfJ2k.jpg
3649,2768,https://image.tmdb.org/t/p/w300/igXGCwti23PHOjLKQX6eGIGzQiJ.jpg
3652,24920,https://image.tmdb.org/t/p/w300/8ymAiDW9ct2GSywWkqATEiKE8OB.jpg
3653,21,https://image.tmdb.org/t/p/w300/jDdntrv2j64KB0Zpr63cko4Mebt.jpg
3654,10911,https://image.tmdb.org/t/p/w300/j6VSFnm20GlkUi8yb7hM5Qfc1fA.jpg
3655,10102,https://image.tmdb.org/t/p/w300/g4wOgslrQKprlQl927h0lQQ3P99.jpg
3658,26912,https://image.tmdb.org/t/p/w300/AvruSt4xRIbXO8gVxPzHupbf5A2.jpg
3660,26953,https://image.tmdb.org/t/p/w300/6bcRspKbsM21HqLcxIBANbts3X7.jpg
3661,26954,https://image.tmdb.org/t/p/w300/dy5tzZFWFTjbNyG4KNP6yMjZ6l9.jpg
3662,26956,https://image.tmdb.org/t/p/w300/uSSZGAEnSJ8ov81i7UVYcFOeThP.jpg
3663,26957,https://image.tmdb.org/t/p/w300/fRIpNpZVL73MGJ7E2ZYt03tggeX.jpg
3664,26958,https://image.tmdb.org/t/p/w300/cqA1w7IwFCwA4fAD9R8vwOm1w5l.jpg
3667,80287,https://image.tmdb.org/t/p/w300/q7nRrivfDnCiUJru7A6ZYNXnOe0.jpg
3668,6003,https://image.tmdb.org/t/p/w300/vaBQKLbSWkXGTOlsz9ARdJP4lvg.jpg
3669,23939,https://image.tmdb.org/t/p/w300/yd2MN9zA30eGjf89DaaNoUXbRNp.jpg
3671,11072,https://image.tmdb.org/t/p/w300/vNw1gOEDdYTDeNMuuq8OmiEHrfH.jpg
3672,23069,https://image.tmdb.org/t/p/w300/aSowNmq4bZrmfazhQBePyNF8A2E.jpg
3673,21299,https://image.tmdb.org/t/p/w300/g4mlRGzUKCXfRDUJqSRPY0mKPMC.jpg
3674,38802,https://image.tmdb.org/t/p/w300/iqB2iwZnteFdWH9rL50objGwmNk.jpg
3675,13368,https://image.tmdb.org/t/p/w300/A5kBQsHKbIptxJyELEpHQJROCRj.jpg
3676,985,https://image.tmdb.org/t/p/w300/mxveW3mGVc0DzLdOmtkZsgd7c3B.jpg
3677,14002,https://image.tmdb.org/t/p/w300/ldEuJQ4z7zEvL7iXraESWBUfQcz.jpg
3678,541,https://image.tmdb.org/t/p/w300/3TUOhZhM5GCYIbxwFO3chpZ0DHx.jpg
3679,21137,https://image.tmdb.org/t/p/w300/36YfDJQKZfoCn5NLJ7mcrekE511.jpg
3680,36724,https://image.tmdb.org/t/p/w300/4XoeABOgfPzYIzv2UoGKAdZbbR7.jpg
3681,938,https://image.tmdb.org/t/p/w300/ooqASvA7qxlTVKL3KwOzBwy57Dh.jpg
3682,10648,https://image.tmdb.org/t/p/w300/1uX1uzn09seCftG3rTGLPyFXxV6.jpg
3683,11368,https://image.tmdb.org/t/p/w300/svU6pu4lfHn0T5BVZchVxL58HB5.jpg
3684,10875,https://image.tmdb.org/t/p/w300/1nS8AxnoYE2Y1ANMpVKZnm8iLxP.jpg
3685,2075,https://image.tmdb.org/t/p/w300/5azGfZXuUFYjYfz6etYOdlyLXwL.jpg
3686,1551,https://image.tmdb.org/t/p/w300/wda3j7p7YHXKpFIlSzoTCtP7myF.jpg
3687,22500,https://image.tmdb.org/t/p/w300/lDM8fxNsu8oYRmM66kZrLQnPNyw.jpg
3688,10246,https://image.tmdb.org/t/p/w300/AqCOt1cWfKqCepxK7LIdT812idH.jpg
3689,19698,https://image.tmdb.org/t/p/w300/rZjSlaXM8Ez91ZV39frILApGuKg.jpg
3690,23919,https://image.tmdb.org/t/p/w300/Ad3F9Fm7zdZmBqBSvJIAJRfac9m.jpg
3691,18835,https://image.tmdb.org/t/p/w300/hZLpmALf3LRUnCb0JI2ZRa9IR1F.jpg
3692,26554,https://image.tmdb.org/t/p/w300/2AljZDgKhzFaKO6i9tgmcytEA2b.jpg
3693,15239,https://image.tmdb.org/t/p/w300/so0CGT1fZe2SlVdYXCewghxUgoj.jpg
3694,28165,https://image.tmdb.org/t/p/w300/m5o7B3VSAjvinjtSYxXD38senvb.jpg
3695,28169,https://image.tmdb.org/t/p/w300/yEOliKp5hZIBR0lDr9L3mJLijT0.jpg
3696,15762,https://image.tmdb.org/t/p/w300/A3s2tQGNb6mhlr1hPZeE5F8IUwp.jpg
3697,169,https://image.tmdb.org/t/p/w300/83X4VwY9sdSJykskmsplIVG0a4h.jpg
3698,865,https://image.tmdb.org/t/p/w300/GTAUOhO4BN0peJVvxGEQydJvUO.jpg
3699,9663,https://image.tmdb.org/t/p/w300/cgDeFWkYi6e9FT5RiQPCbQ9HlXZ.jpg
3700,26889,https://image.tmdb.org/t/p/w300/jsIKSThUHCjWXzLCp7YV3LZAzZN.jpg
3701,10128,https://image.tmdb.org/t/p/w300/2wEyQkFXX6ReyW44YQa1kLQYkCg.jpg
3702,9659,https://image.tmdb.org/t/p/w300/5LrI4GiCSrChgkdskVZiwv643Kg.jpg
3703,8810,https://image.tmdb.org/t/p/w300/l1KVEhkGDpWRzQ0VqIhZqDDuOim.jpg
3704,9355,https://image.tmdb.org/t/p/w300/jJlxcEVVUHnrUeEkQ0077VeHQpb.jpg
3705,1727,https://image.tmdb.org/t/p/w300/vKHJnMQBL1mmb9MODTgZeDgD6Av.jpg
3706,635,https://image.tmdb.org/t/p/w300/h5v3wjJQNB7q2RntEnKDLhKtTFE.jpg
3707,10068,https://image.tmdb.org/t/p/w300/aE1iunrgO8UHfoXKJcjCy4Ih17n.jpg
3708,11495,https://image.tmdb.org/t/p/w300/2ux5lqNuibd8eOkwwUhzfzAJBqD.jpg
3709,11428,https://image.tmdb.org/t/p/w300/iiwplv5pET2HgMog6otunohIiSr.jpg
3710,10117,https://image.tmdb.org/t/p/w300/vWBGkHT91My4T2iV3xgynpBTKtQ.jpg
3711,35936,https://image.tmdb.org/t/p/w300/i52368CunnMFEQIgPmGDKSPLcKx.jpg
3712,25562,https://image.tmdb.org/t/p/w300/A5Aagqf4odlE1PkLouHPOj63z8D.jpg
3713,51763,https://image.tmdb.org/t/p/w300/7T2oVjLHHIDY6FQH9e04oOgPWQa.jpg
3714,73079,https://image.tmdb.org/t/p/w300/sb5fGw0l8PVFPL14lu2UN7Ibed0.jpg
3715,38921,https://image.tmdb.org/t/p/w300/t3cRLXAdjsWQbXsiACosuTwrwmm.jpg
3716,35463,https://image.tmdb.org/t/p/w300/cGyz0mSsl1G4GHeGyj6HWlpVJMJ.jpg
3717,9679,https://image.tmdb.org/t/p/w300/fToQDmkBtiXYGh9xfgAh3gpo6GZ.jpg
3719,51333,https://image.tmdb.org/t/p/w300/7rJr9b0Mc8wEAqzuDUkz0zg1BX7.jpg
3720,17771,https://image.tmdb.org/t/p/w300/qcHDFrjClW35u0dSuLjsQEi8gDk.jpg
3723,10264,https://image.tmdb.org/t/p/w300/cB5HbaiFoQLLmGeN2eeJjBGrp8U.jpg
3724,31657,https://image.tmdb.org/t/p/w300/jBsYWNBYNEi5EhT1hC8iexcTsWT.jpg
3725,29204,https://image.tmdb.org/t/p/w300/svrATPrggBUauEhCyhiF7K175T9.jpg
3726,17814,https://image.tmdb.org/t/p/w300/RtGDEmXbSxE8NThCCY1SXFXLLw.jpg
3727,11879,https://image.tmdb.org/t/p/w300/hVhFNn3IQxxARvnpLIKMx8ZfTtG.jpg
3728,21128,https://image.tmdb.org/t/p/w300/x5xCkGw4jutMcc8nmWLKNzbDKht.jpg
3729,482,https://image.tmdb.org/t/p/w300/yJChPuu2V339IiDPQDHeIh1SYpA.jpg
3730,592,https://image.tmdb.org/t/p/w300/dHqVBwcv1SGymOpUueRoKzcmdes.jpg
3731,31593,https://image.tmdb.org/t/p/w300/7IhITThoRNFmJe3fwwx1q6h6k5L.jpg
3732,12611,https://image.tmdb.org/t/p/w300/uez7cenZAh9JORKyPq1AblMbe26.jpg
3733,14328,https://image.tmdb.org/t/p/w300/9LU6tK5S9RIZq8mN7xXZY7HtGAK.jpg
3735,9040,https://image.tmdb.org/t/p/w300/pRagfd10PPWryFRSzLPIivfAXHJ.jpg
3736,25364,https://image.tmdb.org/t/p/w300/gPVPzHEsJBX02HtBtIQgYnfeqNQ.jpg
3737,43002,https://image.tmdb.org/t/p/w300/g6wKfhwGPsKgPI77ZiLhL6argMQ.jpg
3738,5121,https://image.tmdb.org/t/p/w300/csahjHhtJ9NzFKcxVcw7S4Pyfj.jpg
3739,195,https://image.tmdb.org/t/p/w300/FBxuoLRD3Biyul14unT5m3PYNS.jpg
3740,6978,https://image.tmdb.org/t/p/w300/rCy3CFJfWVBSyiVcFOQMcMAh5R2.jpg
3741,3133,https://image.tmdb.org/t/p/w300/z81rBzHNgiNLean2JTGHgxjJ8nq.jpg
3742,643,https://image.tmdb.org/t/p/w300/hZmsRLsCnE9Zshf1YJONUpCOhds.jpg
3743,10571,https://image.tmdb.org/t/p/w300/gdVnV2wSESbgrXX4uRD3J0D8dBo.jpg
3744,479,https://image.tmdb.org/t/p/w300/5ncvnNPaN73cOqD4muE413sSOyY.jpg
3745,7450,https://image.tmdb.org/t/p/w300/el2iHk3LTJWfEnwrvcRkvWY501G.jpg
3746,31023,https://image.tmdb.org/t/p/w300/iSyRibFKtZL0tvjh6tCxTb6o74s.jpg
3747,25636,https://image.tmdb.org/t/p/w300/A2lVDbF1oTuCMlh69vLnqugWEAM.jpg
3751,7443,https://image.tmdb.org/t/p/w300/8XgmIsbpVamdhwcNVsYzohFZTtT.jpg
3752,2123,https://image.tmdb.org/t/p/w300/rvRrcbLbpn7UJGRH1JupgHOeJFq.jpg
3753,2024,https://image.tmdb.org/t/p/w300/fWZd815QxUCUcrWQZwUkAp9ljG.jpg
3754,17711,https://image.tmdb.org/t/p/w300/xCFSsftt2rglC81I6QLWcZSTCBM.jpg
3755,2133,https://image.tmdb.org/t/p/w300/vJPoxqgpfFNbGi0HyoNsjFeLCio.jpg
3756,29946,https://image.tmdb.org/t/p/w300/xgUcUWu7lirlZbMPz21qo8RhK57.jpg
3758,28774,https://image.tmdb.org/t/p/w300/unDk9honWK30AMUTwSknhplFI5G.jpg
3760,11598,https://image.tmdb.org/t/p/w300/nb0ehRDq8DWSoNfIkEDATNDzwxQ.jpg
3761,9702,https://image.tmdb.org/t/p/w300/gvP6R6juhe2IpCG7QGDgjyUvm0g.jpg
3763,9873,https://image.tmdb.org/t/p/w300/dxqWgIQkwFVCSkB64EjD3fc1lwG.jpg
3764,16820,https://image.tmdb.org/t/p/w300/dxfR8JnfabPi7YUg4PFsuAa7geW.jpg
3765,14864,https://image.tmdb.org/t/p/w300/iQCP69183K1QZo8bb23nkcLap3W.jpg
3766,15379,https://image.tmdb.org/t/p/w300/nBrDcnNQca88ed1gRwZ1Q5cjNxE.jpg
3767,12764,https://image.tmdb.org/t/p/w300/vOgiL2KQYyTHJ225lT5QB5B9kO0.jpg
3768,27352,https://image.tmdb.org/t/p/w300/y8Gp0TAQr8Z2Cy4ROSYzvOiMEMf.jpg
3769,8348,https://image.tmdb.org/t/p/w300/530RZ2HsxAgKVO4joNFjAgucbri.jpg
3770,24099,https://image.tmdb.org/t/p/w300/gRLhwWhXS9asnE4c1mt84t1iEER.jpg
3771,17897,https://image.tmdb.org/t/p/w300/2DQPnuAjD7H4ae6BeBAVhu9RLWa.jpg
3773,16094,https://image.tmdb.org/t/p/w300/hmUsEUI7RdgvTznkLCNSOHnjU4O.jpg
3774,16096,https://image.tmdb.org/t/p/w300/4iKDkzUZtS6vzINfbwYHAb1bNbA.jpg
3783,12706,https://image.tmdb.org/t/p/w300/vJnHq7eg4tJ9JwMVYG5VKsw1GJr.jpg
3784,4244,https://image.tmdb.org/t/p/w300/kMRZhiF08nDiO5aRb81Np5a4d6p.jpg
3785,4247,https://image.tmdb.org/t/p/w300/fVQFPRuw3yWXojYDJvA5EoFjUOY.jpg
3786,20770,https://image.tmdb.org/t/p/w300/dGEwlAuzTZoZjvsqgT2MRKHnGi8.jpg
3787,1050,https://image.tmdb.org/t/p/w300/wAEmh0m4RSDQrby64REzZJLCSH5.jpg
3788,1052,https://image.tmdb.org/t/p/w300/jVDVpydUw8Z50naUDAG4NbRCrSa.jpg
3789,20540,https://image.tmdb.org/t/p/w300/o4CT5WPqmOLF2QfodAuGT7jQNn1.jpg
3790,23655,https://image.tmdb.org/t/p/w300/muCr9tOGit6pmsvMMNih0bmYmmC.jpg
3791,1788,https://image.tmdb.org/t/p/w300/9JEDjBCXCx3eKTSkXwispf0UN3O.jpg
3792,32275,https://image.tmdb.org/t/p/w300/dW479xuDWrcuFuxr7yfoReztlzF.jpg
3793,36657,https://image.tmdb.org/t/p/w300/bRDAc4GogyS9ci3ow7UnInOcriN.jpg
3794,44490,https://image.tmdb.org/t/p/w300/k0GY9haWiwZtBOf2T7winwNcsep.jpg
3795,47585,https://image.tmdb.org/t/p/w300/y4UjdQJYxQEhenI7DFIM301Df7d.jpg
3797,36047,https://image.tmdb.org/t/p/w300/j77l405846qiLb8RGb1egu7ON3r.jpg
3798,2655,https://image.tmdb.org/t/p/w300/2L3Cn0CizbSy2E9KJt1SiOSyb6p.jpg
3799,12599,https://image.tmdb.org/t/p/w300/6u65C8aG4krAVyHsTjAMF7ucTDH.jpg
3801,93,https://image.tmdb.org/t/p/w300/b2G1QSAwtBv9luhEwErIgSRaU92.jpg
3802,9278,https://image.tmdb.org/t/p/w300/lSN8lIX90Az0t1qvIXC4MlCvd9a.jpg
3806,18118,https://image.tmdb.org/t/p/w300/uChjCbOKpoREb3yZrG1p8L3GyC7.jpg
3807,11940,https://image.tmdb.org/t/p/w300/kMP5bg26ac1FmNCamOC5WZece6N.jpg
3808,24167,https://image.tmdb.org/t/p/w300/biWDAUQD58enMEcyO2BqIVSycF4.jpg
3809,10276,https://image.tmdb.org/t/p/w300/pFCrGGGhV5xeAdvEysv6aSv8T13.jpg
3810,19380,https://image.tmdb.org/t/p/w300/jeOkfby3MMawUbZqBj7el4UePno.jpg
3811,13783,https://image.tmdb.org/t/p/w300/Nr46BDNjBtz3s0wRvm84eK3PXl.jpg
3812,11624,https://image.tmdb.org/t/p/w300/A1ZNhNd8FV8kCW39OeDelokT0tv.jpg
3813,15867,https://image.tmdb.org/t/p/w300/sTPy6Kfa1FRED1eaZdVex8b2MdB.jpg
3814,11686,https://image.tmdb.org/t/p/w300/oJXFd1UHZoOQ1UtoLxbyBLGJDox.jpg
3816,29263,https://image.tmdb.org/t/p/w300/kkeUKaETggOrR0eW9nzPOIoZkZH.jpg
3819,11830,https://image.tmdb.org/t/p/w300/ArYdSuX3zY9fMsE4LqmBl7xJq5R.jpg
3821,12107,https://image.tmdb.org/t/p/w300/v8gI95Eio7kAjixyqYHxNKmJTmm.jpg
3822,10401,https://image.tmdb.org/t/p/w300/t5hKllCsmpWWA7XpxBXPjx0Gfct.jpg
3823,32640,https://image.tmdb.org/t/p/w300/xNhql30OzIPJc190czt7qLmpuBd.jpg
3824,10641,https://image.tmdb.org/t/p/w300/avtPZ5vGvFugnY0NK8d3Przx6P7.jpg
3825,6282,https://image.tmdb.org/t/p/w300/xYM0laKrEqjiRSQNvqRrXPXN3iL.jpg
3826,9383,https://image.tmdb.org/t/p/w300/sd3qUIv5uoP2oTbqv66CzXSPjKG.jpg
3827,5551,https://image.tmdb.org/t/p/w300/hPzt1bbA1sUDQOl6Vujmyz2hjLN.jpg
3830,27723,https://image.tmdb.org/t/p/w300/28mzKFDyVzMVx9nhDrJQ3G2H7It.jpg
3831,2360,https://image.tmdb.org/t/p/w300/ml8XwUomPfisNsKmluP8TIZOR89.jpg
3832,28043,https://image.tmdb.org/t/p/w300/vrMcn6CKrLjWAtHHMFL7cj8A5au.jpg
3833,33468,https://image.tmdb.org/t/p/w300/npg6NH4maZ4NTTWzA71KNCTvQNG.jpg
3834,21866,https://image.tmdb.org/t/p/w300/qiWVmWUq4M9Hc2Ui4jPkAnX6oAz.jpg
3835,33408,https://image.tmdb.org/t/p/w300/4B0eHFjUYYZlkE1fthC29KVC4CS.jpg
3836,11589,https://image.tmdb.org/t/p/w300/hleMxFKSC42yT0TClS4G29HV11n.jpg
3837,15158,https://image.tmdb.org/t/p/w300/cZ5mPtOXcvmg224oBM2k1db5Fnn.jpg
3838,16139,https://image.tmdb.org/t/p/w300/uFv3H39YgyL568PTse5jGB6Ll8a.jpg
3839,16146,https://image.tmdb.org/t/p/w300/412lNlGrB8eHBOKlNhOgxI9bCtL.jpg
3840,26515,https://image.tmdb.org/t/p/w300/gx7Gej5Srp3E13oqy1Kghtox2VZ.jpg
3841,11856,https://image.tmdb.org/t/p/w300/2cVANiDU7AdSLGgs4T7dpgyU2SK.jpg
3843,13567,https://image.tmdb.org/t/p/w300/lZ7KjSyHjP4ula5ybiXuQcDvZLg.jpg
3844,10860,https://image.tmdb.org/t/p/w300/7ExUSN9s9gX9bhVM17zDLEizano.jpg
3845,8420,https://image.tmdb.org/t/p/w300/viZwV6ji5txsyrDode5fK0EgsYo.jpg
3846,18391,https://image.tmdb.org/t/p/w300/nREZhCfkUgl6XqMZAvd6DCbVj2c.jpg
3847,20850,https://image.tmdb.org/t/p/w300/toiyTNxp1DiCMK5wS63Q9eZcS2N.jpg
3849,27452,https://image.tmdb.org/t/p/w300/4k0k9f59g901GWzw0gfFT7f5in.jpg
3851,38548,https://image.tmdb.org/t/p/w300/7pFwrqCnjycoAvFnXVP6dexO3aC.jpg
3852,20438,https://image.tmdb.org/t/p/w300/u9z4Qg0KGomhBUerbUzQXeO1ODs.jpg
3855,46991,https://image.tmdb.org/t/p/w300/6VcPf4jOrlKcB4CDNZUHc36loSm.jpg
3857,10391,https://image.tmdb.org/t/p/w300/s1RGEF8xIA6ecF8W4do8CaWI0yE.jpg
3858,14195,https://image.tmdb.org/t/p/w300/gCXUA9BUOSDmOFVfkVBF4v15Td6.jpg
3859,15665,https://image.tmdb.org/t/p/w300/r84Qve8mVeDXBKnSnBSQIS2OaD.jpg
3861,10393,https://image.tmdb.org/t/p/w300/6qerI41HqkdRlio1sG0d5HLZcFN.jpg
3862,18168,https://image.tmdb.org/t/p/w300/e4EkKwF0MTcG6lfysals7Nxeq0z.jpg
3863,8843,https://image.tmdb.org/t/p/w300/fdQHMNDjBzA7PDw1aNFww2eriLz.jpg
3864,10643,https://image.tmdb.org/t/p/w300/7BrjFxV0j5VzZRfVYeYbFXMUweB.jpg
3865,23618,https://image.tmdb.org/t/p/w300/vjbEcW9OqWoXKr9e2KySG1WZlNS.jpg
3868,37136,https://image.tmdb.org/t/p/w300/zT0mhZqZQJE1gSY5Eg9qcGP4NYo.jpg
3869,37137,https://image.tmdb.org/t/p/w300/v9niLQWVzVPB1cP1ThNdEaLZG1Q.jpg
3870,23283,https://image.tmdb.org/t/p/w300/tXYWSUIUfiG06XzgSSkd4sQFOru.jpg
3871,3110,https://image.tmdb.org/t/p/w300/svr5ADpjXTCOQv8hmuJnB7I14Qv.jpg
3872,14698,https://image.tmdb.org/t/p/w300/igma0zn9J5srRvOMDRnxyUDQXJL.jpg
3873,11694,https://image.tmdb.org/t/p/w300/3WJmB1F5z4mLwt84i1FuIrSYEe.jpg
3877,9651,https://image.tmdb.org/t/p/w300/o49a2RDChZkry84LomEORCPDWfk.jpg
3879,11398,https://image.tmdb.org/t/p/w300/9fbStI2ht3gMgsVRusqoBDWeK9c.jpg
3882,1588,https://image.tmdb.org/t/p/w300/bnVby0qI0dS7YunbShP7mw68HY3.jpg
3884,19150,https://image.tmdb.org/t/p/w300/kdQOz5enVVz113zZQcuoqh3oACy.jpg
3888,41282,https://image.tmdb.org/t/p/w300/fnlTjsdjQysQ46IE3OMWeJtvP6e.jpg
3889,12211,https://image.tmdb.org/t/p/w300/u7kIXMyagqcek2SaS9svfPTTGVT.jpg
3893,10480,https://image.tmdb.org/t/p/w300/1OCHR9z9k7go669AsShOkTj4CFb.jpg
3894,80713,https://image.tmdb.org/t/p/w300/1ovtyHHDjyCXtf46w2Yv3yPeUDY.jpg
3895,10685,https://image.tmdb.org/t/p/w300/hsMvndtd3KPAvJ3q7zKZuNSB1R3.jpg
3896,1619,https://image.tmdb.org/t/p/w300/wrjMMdgn1a4ChlaBmlzKnb78nr6.jpg
3897,786,https://image.tmdb.org/t/p/w300/3rrkyLYbgLj84AYvjhdcJot4JPx.jpg
3898,14805,https://image.tmdb.org/t/p/w300/jon5ux36iUn6GnntxkZaNtB6AZT.jpg
3899,51179,https://image.tmdb.org/t/p/w300/ueuu6NbMuypthtEFXOM4hOIRpu7.jpg
3900,46119,https://image.tmdb.org/t/p/w300/gA6FiAOm8De8v0RFOrdUPn9mgXX.jpg
3901,18074,https://image.tmdb.org/t/p/w300/isxHRG54S1bz1A1CAlPaAAoh65k.jpg
3906,10562,https://image.tmdb.org/t/p/w300/2snkCKKthT5S8Ua0aMZkeaXkmBi.jpg
3908,12212,https://image.tmdb.org/t/p/w300/9kjGrnhMz37RYEd5BFcrU1qkPkl.jpg
3909,14629,https://image.tmdb.org/t/p/w300/eYHvcMeVjWPwATYI0VCdecMy2n3.jpg
3910,16,https://image.tmdb.org/t/p/w300/pWzOfTJRZHPNO1VNrMnNFqRcJwg.jpg
3911,13785,https://image.tmdb.org/t/p/w300/qkYBCMN26SxkQww4gLxUXQm5vr4.jpg
3912,34299,https://image.tmdb.org/t/p/w300/aTjJFrADfQhyp9gDgY71YSxf2Ks.jpg
3914,22597,https://image.tmdb.org/t/p/w300/g9bqbopRZYy5Z2137zFoFQRXVEW.jpg
3915,19348,https://image.tmdb.org/t/p/w300/ydHUoYtpZdkwxdroK1rWyEpJrLZ.jpg
3916,10637,https://image.tmdb.org/t/p/w300/825ohvC4wZ3gCuncCaqkWeQnK8h.jpg
3917,9003,https://image.tmdb.org/t/p/w300/3Z0oPHyLnk3Vx6ZMC1MiVwIrKhO.jpg
3918,9064,https://image.tmdb.org/t/p/w300/auPOq1wgZuYSaADejOskBKG6fuV.jpg
3919,11569,https://image.tmdb.org/t/p/w300/qnXEJp6KP6aIGWhNrg1fOKza4kp.jpg
3920,10434,https://image.tmdb.org/t/p/w300/5VaPw0NgM4DloukmQTggzgvD4rb.jpg
3922,39113,https://image.tmdb.org/t/p/w300/oGlBaAR2FZbmOaAuZ7cznVkKDGh.jpg
3925,469,https://image.tmdb.org/t/p/w300/Q9wdlNjBOti4JhAjAQXphzShw3.jpg
3926,2160,https://image.tmdb.org/t/p/w300/eBm2BUvRwGwxr3hfAaOJ8kVuuhw.jpg
3927,2161,https://image.tmdb.org/t/p/w300/hEWWLe1Lrk58gle3IKCnjBScfzO.jpg
3928,3073,https://image.tmdb.org/t/p/w300/tCMtyjL7aFRalXBDkHKz1bMVRHm.jpg
3929,911,https://image.tmdb.org/t/p/w300/3XrqHTrJpTaUeyqXqb4fVacYWpf.jpg
3930,10973,https://image.tmdb.org/t/p/w300/euCzA2Exc70MpTDCVYih8tdE7z1.jpg
3932,10787,https://image.tmdb.org/t/p/w300/ewfUA5pMEJrmQCdI4TsHmLlIUbf.jpg
3933,43109,https://image.tmdb.org/t/p/w300/2agTmqPg2we1gd4Fr1p2UNAMORI.jpg
3937,9507,https://image.tmdb.org/t/p/w300/8xMeKeXGHY2KbiMjSpEGqlIjAEp.jpg
3938,27475,https://image.tmdb.org/t/p/w300/rh65oDy8CNJoEAOf7oudhIt3DM6.jpg
3939,27764,https://image.tmdb.org/t/p/w300/n1j7gCi3g2puzqyn7A2rPntHqjx.jpg
3940,27767,https://image.tmdb.org/t/p/w300/rtwbZi9dIs9pcTi2pQFtLxUUonB.jpg
3941,40760,https://image.tmdb.org/t/p/w300/oU2i9iabbzBbDdKxv1PqQjoqSbw.jpg
3942,40446,https://image.tmdb.org/t/p/w300/oxNLpMybAZkxBD1WQsIFdbmplnx.jpg
3943,24664,https://image.tmdb.org/t/p/w300/oAg1mUUxdWJNLa6t1gctbQhXHVN.jpg
3945,20455,https://image.tmdb.org/t/p/w300/tiH1muonzAWzlLjPhjAcAYVAjzm.jpg
3946,10461,https://image.tmdb.org/t/p/w300/xGANaRWD6638ch1qQmqgRp395R6.jpg
3947,1485,https://image.tmdb.org/t/p/w300/3AytAYzJuPmS4Wo8X3jcsaN4oM3.jpg
3948,1597,https://image.tmdb.org/t/p/w300/5tXJ9ctuyEOMUFLaeqRisbXowWs.jpg
3949,641,https://image.tmdb.org/t/p/w300/9BTwsLaMVHOGFlmsSlx5QYCaXb.jpg
3950,10687,https://image.tmdb.org/t/p/w300/pnFdCvxxL44sPLkKEIJCUaIZa7M.jpg
3951,63956,https://image.tmdb.org/t/p/w300/g4U84VFQDvJeTwiQDhpI6bHWtGT.jpg
3952,6521,https://image.tmdb.org/t/p/w300/duRe0F2GYHIDvqe2bqIAMP4gWeP.jpg
3953,10763,https://image.tmdb.org/t/p/w300/vBtKoV5YU4lStxXyBQLvAdYgGej.jpg
3955,16888,https://image.tmdb.org/t/p/w300/kKMhGSwydCVjrOWwggDlSvcgzCl.jpg
3957,21142,https://image.tmdb.org/t/p/w300/rVE2YKxiHMHTxA5yPZPzsChc37H.jpg
3958,78140,https://image.tmdb.org/t/p/w300/a6wvKVuxfm2P4Tw7QUXso3tLvwa.jpg
3959,2134,https://image.tmdb.org/t/p/w300/sotBnRlFJ67cPisjAUXzbPxi9kC.jpg
3962,28605,https://image.tmdb.org/t/p/w300/1UlogpztvssNEjdIfs1MUiD0xM0.jpg
3963,42797,https://image.tmdb.org/t/p/w300/gMFUWB1BHqLtiB2t1pstE6FpT7F.jpg
3964,13465,https://image.tmdb.org/t/p/w300/jxj5YILmvzXrviQ0mBQs2dwLX09.jpg
3965,27033,https://image.tmdb.org/t/p/w300/iUAq0UYHglCsnHVbBLcJvZ6KQN9.jpg
3966,20367,https://image.tmdb.org/t/p/w300/gJb9HRAs1V4bA0VKsWpT6mhv2RT.jpg
3967,71,https://image.tmdb.org/t/p/w300/mYtqgWCJiXpDeZwjVcC3OQGD8IR.jpg
3968,1636,https://image.tmdb.org/t/p/w300/sBV28EVvWsJRosMsEFCbVmpAZEl.jpg
3969,10647,https://image.tmdb.org/t/p/w300/62OIokwaxFwBFWM147ijLJsaVJD.jpg
3971,13762,https://image.tmdb.org/t/p/w300/sIG0xrld1OW1HavH03KACNTxz0w.jpg
3972,12207,https://image.tmdb.org/t/p/w300/xqUBrSBtPYLvCtfqHF5sapU6Div.jpg
3973,11531,https://image.tmdb.org/t/p/w300/l1jF93S9FYbzp3Byh5VUA1KApSJ.jpg
3974,24100,https://image.tmdb.org/t/p/w300/zBGfZGKX3KJnljxsX6r24lzRe0i.jpg
3977,4327,https://image.tmdb.org/t/p/w300/iHTmZs0BmkwMCYi8rhvMWC5G4EM.jpg
3978,4958,https://image.tmdb.org/t/p/w300/7jKjh9PZvHJYYtCycQmTbBoZVV4.jpg
3979,9678,https://image.tmdb.org/t/p/w300/AudA8gnTWSBWXBHSBHnr3HHUXXM.jpg
3980,11978,https://image.tmdb.org/t/p/w300/wNUAnXV1mzOOfvnVBIYsalkk078.jpg
3981,8870,https://image.tmdb.org/t/p/w300/6svTVlVEJDoOOEz1G09HLeb7vtF.jpg
3983,14295,https://image.tmdb.org/t/p/w300/7mGFmij1FZD5eUnNwvUjmpqrDl6.jpg
3984,681,https://image.tmdb.org/t/p/w300/ooDT0eKrWCxJCsn9JehPkD0QYNj.jpg
3985,11372,https://image.tmdb.org/t/p/w300/dxLuj7VIv0ZRdvaIB6eY5fApONF.jpg
3986,8452,https://image.tmdb.org/t/p/w300/rODFJOFiPk1UVCe4pmBza8T6feO.jpg
3987,10862,https://image.tmdb.org/t/p/w300/w7X4M14WV7KrkkvXd64lcLh79sR.jpg
3988,8871,https://image.tmdb.org/t/p/w300/1WZbbPApEivA421gCOluuzMMKCk.jpg
3989,34045,https://image.tmdb.org/t/p/w300/vsxtkcidi7flgxWERBSnwtyH1JJ.jpg
3990,16340,https://image.tmdb.org/t/p/w300/grIL8mvfLznaWsv7EEEPhCpkH81.jpg
3991,10481,https://image.tmdb.org/t/p/w300/ueE6u2GTECzGBtas6PFx7wwi9y0.jpg
3992,10867,https://image.tmdb.org/t/p/w300/3OyQTl0IGkbnjDxd3MhztfPE34g.jpg
3993,10876,https://image.tmdb.org/t/p/w300/AvGdw3BpvJV2wHmK2qY0N7XHqET.jpg
3994,9741,https://image.tmdb.org/t/p/w300/mLuehrGLiK5zFCyRmDDOH6gbfPf.jpg
3996,146,https://image.tmdb.org/t/p/w300/iNDVBFNz4XyYzM9Lwip6atSTFqf.jpg
3997,11849,https://image.tmdb.org/t/p/w300/tLCsyHLHhTbzKzsL3IcBNyDKlZm.jpg
3998,11983,https://image.tmdb.org/t/p/w300/yw8x2i3vaHZZzpvqvF75E8q2N6M.jpg
3999,11678,https://image.tmdb.org/t/p/w300/kpqQUEi8eAyYHMDFACf6YlnPIu7.jpg
4000,2669,https://image.tmdb.org/t/p/w300/hXFXIc6F4NXI5emWCKcUwqEPjIZ.jpg
4002,2609,https://image.tmdb.org/t/p/w300/fwi2cET87xArJCb8MdbWq2BZO3n.jpg
4003,12714,https://image.tmdb.org/t/p/w300/7arFsU8I5mE7nmxff05Gpib3ZBL.jpg
4005,708,https://image.tmdb.org/t/p/w300/1oRlmWX9hewpn2B44wawBjHd7dx.jpg
4006,1857,https://image.tmdb.org/t/p/w300/xJ5W0mOAWCVaXmU0pBZh4NjSRv2.jpg
4007,10673,https://image.tmdb.org/t/p/w300/2tQYq9ntzn2dEwDIGLBSipYPenv.jpg
4008,2604,https://image.tmdb.org/t/p/w300/c5gSie6ZA90iBs62yNM5MV4y9R7.jpg
4009,10132,https://image.tmdb.org/t/p/w300/e9dnVJMg3LW80sHnsuBoTBwJgRm.jpg
4010,11064,https://image.tmdb.org/t/p/w300/t4p8r8kfB2jHiK8J36XnfSP8cRO.jpg
4011,107,https://image.tmdb.org/t/p/w300/kJZoAHq1SLDdWjeNGtlHAnGpmFV.jpg
4012,40820,https://image.tmdb.org/t/p/w300/dgbLnnEJIGldXOMt6OWy3X1l0AC.jpg
4014,392,https://image.tmdb.org/t/p/w300/lnwPvyj8UR7MetG2pQ92453IIoR.jpg
4015,8859,https://image.tmdb.org/t/p/w300/A5FBQplPsSVVvdYn4NHgtWYF8un.jpg
4016,11688,https://image.tmdb.org/t/p/w300/isA0acj3ONKBLp1pKadUNzxEPFv.jpg
4017,12509,https://image.tmdb.org/t/p/w300/azsBSw2zw2uNHiCjTnbe9TJVEDB.jpg
4018,3981,https://image.tmdb.org/t/p/w300/eqkBEMDk1316Yx5wVoabWY07JAi.jpg
4019,711,https://image.tmdb.org/t/p/w300/chd9bCGNYtzDoJqGw5wUHlhrkOb.jpg
4020,2046,https://image.tmdb.org/t/p/w300/nQdBE1P0r4ZrgGqy5EX8sL2kXG6.jpg
4021,5001,https://image.tmdb.org/t/p/w300/kb2dqj73cfmt6qHAh1ySIlVm6v0.jpg
4022,8358,https://image.tmdb.org/t/p/w300/7lLJgKnAicAcR5UEuo8xhSMj18w.jpg
4023,5994,https://image.tmdb.org/t/p/w300/9wToOVsKuf0XeKhlauzCa3D8Gui.jpg
4024,25520,https://image.tmdb.org/t/p/w300/gCEboOrNXFmqE5pKUn42fTHZx8R.jpg
4025,1493,https://image.tmdb.org/t/p/w300/pat3vKaRlB70he4ghwTMydR4TvP.jpg
4027,134,https://image.tmdb.org/t/p/w300/s9foMAcLg8GEzzQzer04qOGdD1k.jpg
4029,21991,https://image.tmdb.org/t/p/w300/348hvpWeSGdAQlCrGvKbpC0FpQN.jpg
4030,10577,https://image.tmdb.org/t/p/w300/jnAfl6GSZbBMigL98RJGbOSk4V1.jpg
4031,21355,https://image.tmdb.org/t/p/w300/6E4E7wYXw1DE2321F2hVNryLSk7.jpg
4032,29122,https://image.tmdb.org/t/p/w300/b4DApzfh4GxpDCWuS5JIyFMhXeD.jpg
4033,11973,https://image.tmdb.org/t/p/w300/aLx9UXH9fK2v6NDMvMyW4X88K3u.jpg
4034,1900,https://image.tmdb.org/t/p/w300/jbccmnqE4oAPI67bApgt2JiRPz8.jpg
4035,44853,https://image.tmdb.org/t/p/w300/drpLBTmnMOzDUVAd3jqeLjdolcf.jpg
4036,10873,https://image.tmdb.org/t/p/w300/nWm7DWi8X4D87XkM5qr9BhTJHq6.jpg
4037,26719,https://image.tmdb.org/t/p/w300/4i27Ut4cIoLbcNpW7aeuUQErEPE.jpg
4039,15739,https://image.tmdb.org/t/p/w300/xopqD99S1GqQOG8UAeSElsX9MeP.jpg
4040,15413,https://image.tmdb.org/t/p/w300/wIYhjykSq0yumZWBisKlAa83bUe.jpg
4041,2623,https://image.tmdb.org/t/p/w300/69adZbLeRk5TNQ3e0008dMnde9p.jpg
4042,11209,https://image.tmdb.org/t/p/w300/54KNQfJnYZwhI3sPYyjXtptWGfg.jpg
4043,13715,https://image.tmdb.org/t/p/w300/bOkXqMmLowHBZY9lptWi3ljOXx4.jpg
4046,43258,https://image.tmdb.org/t/p/w300/mhsdObvFHoOfgaKAVJUOeK3LiOP.jpg
4047,10655,https://image.tmdb.org/t/p/w300/k0XKdT3QbycMB8f2H7CEZVx2t4m.jpg
4052,9989,https://image.tmdb.org/t/p/w300/9PXyfcJe53A9qFkcj5dkTJwIWoS.jpg
4053,18828,https://image.tmdb.org/t/p/w300/gNyudcF4Z8LVJn4IxauOptG6dcb.jpg
4054,9816,https://image.tmdb.org/t/p/w300/sV8GIxT3BjHIiwgKUNwk1S8VSLa.jpg
4055,20637,https://image.tmdb.org/t/p/w300/gCaWBW6qQ0otWliRi0Gs4bAzgDX.jpg
4056,5955,https://image.tmdb.org/t/p/w300/9QOzFL3FPMAUNNPrNiKC3mEDxco.jpg
4061,17474,https://image.tmdb.org/t/p/w300/57r0TXlqV5GIn4h0Htgh81OZou9.jpg
4062,11191,https://image.tmdb.org/t/p/w300/2wqMKLJEMjenT7U8UqnuI070cUC.jpg
4063,2613,https://image.tmdb.org/t/p/w300/2jircyuuGwx7OtFcSMVVXW0fNvv.jpg
4064,22021,https://image.tmdb.org/t/p/w300/sN00Cvlahl6JLC2TAUBL0jZOqD3.jpg
4065,22048,https://image.tmdb.org/t/p/w300/lAeEDcBgEqnxl9l7n7i4936ERi8.jpg
4066,17006,https://image.tmdb.org/t/p/w300/4PZ0CED293fkLjwhPOQ6BpbUgU2.jpg
4067,26333,https://image.tmdb.org/t/p/w300/2NTqe5MGx5YAXyQuMvwXSevNHeQ.jpg
4068,16723,https://image.tmdb.org/t/p/w300/etRwjWRjKrXYc7r1vpQLYwVu4ls.jpg
4069,2018,https://image.tmdb.org/t/p/w300/meq4bLUPcBlOG3Z5YdiWuBMlpO.jpg
4074,10499,https://image.tmdb.org/t/p/w300/ktTH7ljXgDcczHY514X68HcCmbw.jpg
4077,47943,https://image.tmdb.org/t/p/w300/tQ6Ut3kPOpo3lRhPrW5QfkBDwGk.jpg
4078,74340,https://image.tmdb.org/t/p/w300/uEp2ZuH22RN4uPXRX6Y40XCcqWF.jpg
4079,5709,https://image.tmdb.org/t/p/w300/p77UlHHzyBUCKgdbLosrAnltDgw.jpg
4080,11215,https://image.tmdb.org/t/p/w300/4Jy5U4HITJWUDYJc1NGgJLIjbWz.jpg
4081,26477,https://image.tmdb.org/t/p/w300/geA6raOQ8rnEkX31r6a8mteJCW8.jpg
4082,10937,https://image.tmdb.org/t/p/w300/uAsAVy7yoMZ2r5ZBQQXw4PKX3JY.jpg
4083,4639,https://image.tmdb.org/t/p/w300/gURIzutUWsQSed0jKodbRoeVVaR.jpg
4084,96,https://image.tmdb.org/t/p/w300/egDakU8O5yUwpUJP9IMAUVtIDll.jpg
4085,90,https://image.tmdb.org/t/p/w300/eBJEvKkhQ0tUt1dBAcTEYW6kCle.jpg
4086,11028,https://image.tmdb.org/t/p/w300/fqAzCnU1c8OzmNNhvN8nXlU1YtY.jpg
4089,19324,https://image.tmdb.org/t/p/w300/mKoP0NNcumI9MQ6K8ughP5Kqt8Y.jpg
4090,19933,https://image.tmdb.org/t/p/w300/mEZcPMNRqTcotOZSttN5MtmJbu1.jpg
4091,12919,https://image.tmdb.org/t/p/w300/qK3yiqo84U3twOOKOx81c407Hpr.jpg
4092,15785,https://image.tmdb.org/t/p/w300/t3uds00MHLsibhKLCL0BbCEGxXb.jpg
4093,31701,https://image.tmdb.org/t/p/w300/gvk4Q4Txjegmup4A1QVyQm2Lb6d.jpg
4102,17159,https://image.tmdb.org/t/p/w300/irVU3PHIdg36Rh8tSKnKCdmHLEO.jpg
4103,10110,https://image.tmdb.org/t/p/w300/gEaCzjwHoPgyQFcwHql7o5YLHAU.jpg
4104,18935,https://image.tmdb.org/t/p/w300/14GzgM3U2ABJ3h4ixhOkWpoQJAj.jpg
4105,764,https://image.tmdb.org/t/p/w300/54C1qdaiSijIU5NeNb4WsPJdNkG.jpg
4109,15658,https://image.tmdb.org/t/p/w300/upcJxm5AquYh9lTPaJEQ6tgoVbg.jpg
4110,4918,https://image.tmdb.org/t/p/w300/qh4JMlyWKttjTUvARdEfqpuvqP0.jpg
4111,28368,https://image.tmdb.org/t/p/w300/bptiOG8kCoq1WUpWEwMyAIaMED4.jpg
4113,52780,https://image.tmdb.org/t/p/w300/zF02disLmOSyb3BSS4c50MC7xNo.jpg
4115,26156,https://image.tmdb.org/t/p/w300/3WSSvu6dTBZFPfLEMTX2exzquBO.jpg
4116,34101,https://image.tmdb.org/t/p/w300/xidkzvrJfBeZ6wVcVOxobZruiR7.jpg
4117,32054,https://image.tmdb.org/t/p/w300/4xE9oW222uiaJwMWqAdGQw4puOX.jpg
4121,2614,https://image.tmdb.org/t/p/w300/A4azclZQjqeQxXvcok3rdUmuq8a.jpg
4123,12704,https://image.tmdb.org/t/p/w300/2n6cDGd84I1KvCeYlTju7MBC9sN.jpg
4124,580,https://image.tmdb.org/t/p/w300/ebYw9tR0iqBzDGA6HVBhtd2xJM3.jpg
4125,24828,https://image.tmdb.org/t/p/w300/ouT2pkDmasvSUZNUmVIm5Gki6H.jpg
4126,13703,https://image.tmdb.org/t/p/w300/8pFMuyJJwJLqOJ3Ljq3M5BFGbTF.jpg
4127,36914,https://image.tmdb.org/t/p/w300/68OY9pYmKc3F2G6yxaXhxhnnFcU.jpg
4128,1547,https://image.tmdb.org/t/p/w300/nH1lvyQvfbL5GKScTtT6zkIvDEn.jpg
4129,42010,https://image.tmdb.org/t/p/w300/zJ6LiVvnIL9Nuiskrf1swGJ2fwE.jpg
4130,2608,https://image.tmdb.org/t/p/w300/l5XNXwjRieKMixWL7rGgtLANf75.jpg
4131,32058,https://image.tmdb.org/t/p/w300/qsJFNUQz1ObK85kRk06ahyW5dKr.jpg
4132,10019,https://image.tmdb.org/t/p/w300/oHMA8euTiZdDFXDi5zaIQQXwl0K.jpg
4133,11649,https://image.tmdb.org/t/p/w300/gaUecXFd31V68yOTJPJYaB9YhAf.jpg
4135,13509,https://image.tmdb.org/t/p/w300/8EVuqCcqFzQvc7X8E3fx3w4B5Td.jpg
4138,51521,https://image.tmdb.org/t/p/w300/hKUZUfy8rnNTJYRysMG21lpK5oc.jpg
4139,34379,https://image.tmdb.org/t/p/w300/h3F9Pm9Tav6aQolv3DqQ0DVvIYs.jpg
4141,24940,https://image.tmdb.org/t/p/w300/n5Ln7UmgKThD3QhPC6JS6WZgCXJ.jpg
4142,37302,https://image.tmdb.org/t/p/w300/5kT3kifA8Xwkjm1YmSubTw1GwK0.jpg
4143,10984,https://image.tmdb.org/t/p/w300/jMtWV4FixMGTgUjbr9NFVEANGYQ.jpg
4144,843,https://image.tmdb.org/t/p/w300/iYypPT4bhqXfq1b6EnmxvRt6b2Y.jpg
4146,318,https://image.tmdb.org/t/p/w300/iGRyPsZF0lfIL3IadmBdoAsYzyn.jpg
4147,12806,https://image.tmdb.org/t/p/w300/iw5BLbL1rSmya9I6puP1q5dUn81.jpg
4148,9740,https://image.tmdb.org/t/p/w300/v5wAZwRqpGWmyAaaJ8BBHYuNXnj.jpg
4149,10878,https://image.tmdb.org/t/p/w300/5mq8J11266ZL7HCOwDGXoaU6eIO.jpg
4152,7093,https://image.tmdb.org/t/p/w300/qxtzOlO5FqFgSOGnNr0kFzo2Ho7.jpg
4153,16300,https://image.tmdb.org/t/p/w300/w2XM4YCfBOOWEL4a0abQji7QxwI.jpg
4154,19405,https://image.tmdb.org/t/p/w300/qsUCoeTwCNIrvDrUiWlTCgyRFZy.jpg
4155,1921,https://image.tmdb.org/t/p/w300/3biEHZSBSYqSkawU2sQyNbLcjgE.jpg
4156,44412,https://image.tmdb.org/t/p/w300/qtHajQHigcU44j5DEgOdLbQev8u.jpg
4157,21620,https://image.tmdb.org/t/p/w300/cPbkNfGmCKOSbAVrLqcbYuKT5cE.jpg
4158,23685,https://image.tmdb.org/t/p/w300/lgH7Wej9922C1MQv0wciAfesKH8.jpg
4160,48217,https://image.tmdb.org/t/p/w300/dFQ2kQA9JlAIO0uL2KkrsmI4o2O.jpg
4161,6073,https://image.tmdb.org/t/p/w300/5GqF6rVjUW6CVTuj7w1A2JE49AF.jpg
4164,25208,https://image.tmdb.org/t/p/w300/xWjoiGvFZPXuBi93reGblvDHIax.jpg
4166,19513,https://image.tmdb.org/t/p/w300/85tuJxQdjQcec3DTMc9dxwlYYfi.jpg
4167,2749,https://image.tmdb.org/t/p/w300/1qGyTDp4K4J2RjGtT5hR81ilX9r.jpg
4168,10050,https://image.tmdb.org/t/p/w300/hS1jjzTe4P8GMWGnvca7HIndPEX.jpg
4171,95682,https://image.tmdb.org/t/p/w300/iC80ZNpFRuaL8BwzjoD1Zm02Inm.jpg
4174,2302,https://image.tmdb.org/t/p/w300/lsyPs8pU6hIJCS5sw0H9Q8Tl1nJ.jpg
4175,32686,https://image.tmdb.org/t/p/w300/oe7nbYwJj4gwk5oL0BiQMw7Eb0a.jpg
4178,51802,https://image.tmdb.org/t/p/w300/ihgGS9K8pCYdgb9SpanxoKcJ0Al.jpg
4180,29492,https://image.tmdb.org/t/p/w300/vcAnrOJgGsXDCas67P4VPLVVBkA.jpg
4181,25447,https://image.tmdb.org/t/p/w300/aVNP2JdzqKaqvOzBcYvI4s68rKY.jpg
4184,19490,https://image.tmdb.org/t/p/w300/2sMpffmvoJlW7WBcvyHTPR9DEsj.jpg
4187,38805,https://image.tmdb.org/t/p/w300/gYoVx2m8NP2hTWnEpwNeROIWrQ4.jpg
4189,2428,https://image.tmdb.org/t/p/w300/c21ON7BZn0jwdNl6ibZ1vhXJmpy.jpg
4190,22013,https://image.tmdb.org/t/p/w300/5vd031r08rrfSMqtB9UarwqCUOz.jpg
4191,15598,https://image.tmdb.org/t/p/w300/tPUqgfGMkZazRZ1UO41j2Fiib5C.jpg
4193,62127,https://image.tmdb.org/t/p/w300/hfO64mXz3DgUxkBVU7no2UWRP7x.jpg
4194,56137,https://image.tmdb.org/t/p/w300/woAOLgYVUmLBtWNxTJgAnqGwyuL.jpg
4195,17965,https://image.tmdb.org/t/p/w300/4853HMKlJl1RozE6OyHBKQemCE0.jpg
4197,33250,https://image.tmdb.org/t/p/w300/ihN6hpMI8IUGgUvivU5HUT2M16c.jpg
4198,14460,https://image.tmdb.org/t/p/w300/z4EYBy4Xk8yv11YgYei42v46Qol.jpg
4200,9594,https://image.tmdb.org/t/p/w300/tmzwvSqoMC37Tgqwj4mA2dHNSmw.jpg
4202,4986,https://image.tmdb.org/t/p/w300/fnN2i4VYgihnbKuFjS3bCmWQHJT.jpg
4203,2453,https://image.tmdb.org/t/p/w300/4WRdrjHyLuHRwep2UJWBoIn6KTW.jpg
4204,33676,https://image.tmdb.org/t/p/w300/7BQP8GzBW4ZZxqcc5tDH68yNeAI.jpg
4205,4587,https://image.tmdb.org/t/p/w300/1VufMcp0euY2LpmKiVv8xnbB9Om.jpg
4210,11454,https://image.tmdb.org/t/p/w300/6rb24x39vV8n5301IelC8rCPJTH.jpg
4211,38718,https://image.tmdb.org/t/p/w300/jEmFeHPsoyHk6RRZslKzC5NVFad.jpg
4212,4192,https://image.tmdb.org/t/p/w300/7qEymSp6wCT19AJxb7T3u6aKpi1.jpg
4214,14052,https://image.tmdb.org/t/p/w300/v8aETLufi4WIinhQ994oWkehtaC.jpg
4215,16889,https://image.tmdb.org/t/p/w300/cza5sS7AzexM4rLQSvfGzGX8a3N.jpg
4217,26580,https://image.tmdb.org/t/p/w300/7kbV3fDjuy9dQmcuZuT9NKNAEix.jpg
4218,21309,https://image.tmdb.org/t/p/w300/bT68aKa9d7zDF7Z8MaskbWBRqzb.jpg
4219,16263,https://image.tmdb.org/t/p/w300/yhbuTnTA6wu5hOXL5uc3rRFLnCl.jpg
4220,4985,https://image.tmdb.org/t/p/w300/2qtpPGRpMEnwhRRoq3iqyQm238V.jpg
4221,20704,https://image.tmdb.org/t/p/w300/lZsD4izDMKbV1KTRUQ5UVWZrnLJ.jpg
4223,853,https://image.tmdb.org/t/p/w300/9cSoNnB31hGY2mL78VT8mAbz6nR.jpg
4224,10877,https://image.tmdb.org/t/p/w300/tGIJhBejmredgUZRNdteZyiahag.jpg
4225,5257,https://image.tmdb.org/t/p/w300/zG83o1wpU3p7QTd382K4HtctLq0.jpg
4226,77,https://image.tmdb.org/t/p/w300/fKTPH2WvH8nHTXeBYBVhawtRqtR.jpg
4228,10833,https://image.tmdb.org/t/p/w300/bwvec0gRMSpLakcPuxe0RWScNv3.jpg
4229,20309,https://image.tmdb.org/t/p/w300/gHEI41EWj9dEscfEiKgw6a2uUez.jpg
4231,12658,https://image.tmdb.org/t/p/w300/9cMkJSl2TI4xe8lKNFduinafKpe.jpg
4232,10054,https://image.tmdb.org/t/p/w300/j3rUkHIAAoKr6jU30q3Db4fcIF9.jpg
4233,10646,https://image.tmdb.org/t/p/w300/pAHD3TfoDJX6jCPVhICBNLBxnBH.jpg
4234,2575,https://image.tmdb.org/t/p/w300/na80ysnoCvoxwGTMWCWYvnmaDlz.jpg
4235,55,https://image.tmdb.org/t/p/w300/A4lH22nlFF7MdalGfcvSrlC1ttt.jpg
4236,65075,https://image.tmdb.org/t/p/w300/547BjvhpThD8QXpGB7UnKi33ox2.jpg
4237,44379,https://image.tmdb.org/t/p/w300/6IdCTKi4Eu7i897jpe59wIDGCri.jpg
4238,2043,https://image.tmdb.org/t/p/w300/vipRsbIpwUNf1gjfOcVNizQ1o3c.jpg
4239,4133,https://image.tmdb.org/t/p/w300/yYZFVfk8aeMP4GxBSU9MTvqs9mJ.jpg
4240,56715,https://image.tmdb.org/t/p/w300/7KqzbefXjADSUE8j2ZsrudvAArY.jpg
4241,10991,https://image.tmdb.org/t/p/w300/hrBWiMWnD7mheMx846ycUWA3ohs.jpg
4242,15940,https://image.tmdb.org/t/p/w300/v9mWi816aq6OZaIc9ICAWQcxQC1.jpg
4243,26791,https://image.tmdb.org/t/p/w300/8CM2YIX0qLcqDY7d6iVb4uRXGG8.jpg
4246,634,https://image.tmdb.org/t/p/w300/olMTi7uCaec9Yr3Ar07D2SIja1G.jpg
4247,10956,https://image.tmdb.org/t/p/w300/yykDEtHk6DMtZK8EaxW88YyQ054.jpg
4248,19366,https://image.tmdb.org/t/p/w300/dYwbqjnSFsvCGok8gsqRcY8ewTU.jpg
4251,9519,https://image.tmdb.org/t/p/w300/8Ua4voSMwqzlL8DzYi6dOOe1Dxw.jpg
4252,13898,https://image.tmdb.org/t/p/w300/pTiRBOZ2iI4i26A0qNaEkqmZBpO.jpg
4254,9290,https://image.tmdb.org/t/p/w300/hwt6iJjPuXRDKJON5s9G9pdfPbu.jpg
4255,13166,https://image.tmdb.org/t/p/w300/gVmSZgxiT7ynyRLsEgg8Xs8ZVWX.jpg
4256,32590,https://image.tmdb.org/t/p/w300/lmcabkCsSQ08yll4dIVclWc2RSX.jpg
4259,52654,https://image.tmdb.org/t/p/w300/tVV3PhTO58R0CAsvWhsUkYDzIEZ.jpg
4260,70282,https://image.tmdb.org/t/p/w300/9QRMhaGelf9JImcaAntbCqXumhh.jpg
4262,111,https://image.tmdb.org/t/p/w300/iQ5ztdjvteGeboxtmRdXEChJOHh.jpg
4263,32488,https://image.tmdb.org/t/p/w300/cRVl1BR3x3P2NqUv61eveJNJ0ip.jpg
4265,10477,https://image.tmdb.org/t/p/w300/8tJ4Ya8yEyxCMihDumEyvwvUuLB.jpg
4267,2144,https://image.tmdb.org/t/p/w300/aIJAjhdMqraB1tkSii9BWuUXd8q.jpg
4268,24113,https://image.tmdb.org/t/p/w300/4ckfJA1zqdXG7ttBqGZ2A91YHQs.jpg
4270,1734,https://image.tmdb.org/t/p/w300/kdJsW7hcy1lrj7tdMPycTAQPAiR.jpg
4273,4973,https://image.tmdb.org/t/p/w300/phJFN5d5qtphQoz3QzP7Z7GLAMM.jpg
4275,849,https://image.tmdb.org/t/p/w300/izDbySIrTmID0Nh6UqcWrUvOMjU.jpg
4276,27223,https://image.tmdb.org/t/p/w300/j7QiwUekGiYOmjKratNORIr35zg.jpg
4278,39266,https://image.tmdb.org/t/p/w300/hyXCugoQzJ85mdrdz4dboqP8FoX.jpg
4280,11307,https://image.tmdb.org/t/p/w300/9ItRFdSCb7Sz3AC9LRxAzbH73kG.jpg
4282,11163,https://image.tmdb.org/t/p/w300/83urUMl04GtwuuGIFpezqzi7n6m.jpg
4284,18691,https://image.tmdb.org/t/p/w300/p0FXqTJ8fNASnJRxW8PYE5lfM6L.jpg
4285,3784,https://image.tmdb.org/t/p/w300/zSOh7hriX4mQNVxhCz1yVY4aykn.jpg
4289,11936,https://image.tmdb.org/t/p/w300/hSX2YnpQebGlw5ljNlr1jnNSt5q.jpg
4290,25221,https://image.tmdb.org/t/p/w300/m1pIYwjYVzfQMe6lOPf2vf6lL1m.jpg
4291,19494,https://image.tmdb.org/t/p/w300/3nm6kWMFzxGtJb4UEuDB0lDWpcD.jpg
4292,40842,https://image.tmdb.org/t/p/w300/6au7WBVYoKhV1jORyFSIRszb46S.jpg
4293,19357,https://image.tmdb.org/t/p/w300/t1ezbv4rVZ8xoCbenHyMnkt7SmR.jpg
4294,33743,https://image.tmdb.org/t/p/w300/5sAxThhLhsQSf4mjrIGHqfKlaAy.jpg
4296,9062,https://image.tmdb.org/t/p/w300/yCjADq9fwbdPnxMo0DKNeRGZ4YC.jpg
4297,11174,https://image.tmdb.org/t/p/w300/oSsu4khg459yTR1sw4qjEC4LO5J.jpg
4298,934,https://image.tmdb.org/t/p/w300/heVdAFNZUxXVmO6jiJcEHCvI5lK.jpg
4299,9476,https://image.tmdb.org/t/p/w300/srb1XnrlDZHcdpjBKqUu4qAzxKU.jpg
4300,37691,https://image.tmdb.org/t/p/w300/aNk0yx0xRcs66OdByiy2pJaFhI6.jpg
4304,14268,https://image.tmdb.org/t/p/w300/ognPQebXUCRfKwAyRodR0j0xLjd.jpg
4305,5852,https://image.tmdb.org/t/p/w300/6ZeMoynnz4pRweKKZ9c2G1absMJ.jpg
4306,808,https://image.tmdb.org/t/p/w300/iB64vpL3dIObOtMZgX3RqdVdQDc.jpg
4307,49453,https://image.tmdb.org/t/p/w300/bJuz51a3Whsh8mTRxXnaSzuXrRQ.jpg
4308,824,https://image.tmdb.org/t/p/w300/2kjM5CUZRIU5yOANUowrbJcRL9L.jpg
4310,676,https://image.tmdb.org/t/p/w300/y8A0Cvp8WQmZ3bjbnsL53lY0dsC.jpg
4312,26813,https://image.tmdb.org/t/p/w300/zppCfYBl0kRTpD9T0KTlZG5ZpWw.jpg
4313,29572,https://image.tmdb.org/t/p/w300/vCwee9sPHD2lxgo1ISlHve384oc.jpg
4316,50541,https://image.tmdb.org/t/p/w300/5iS3EJD286IYkJ83L5pEVoNF3xn.jpg
4317,26255,https://image.tmdb.org/t/p/w300/n0DYahGGueR96mhajPGGgZpFL4k.jpg
4321,1406,https://image.tmdb.org/t/p/w300/9DVZpm9pQNB3M17cRo752zqUYhL.jpg
4322,13554,https://image.tmdb.org/t/p/w300/9nh0w2C9h9KfJb0OsVg65O65b5s.jpg
4323,17664,https://image.tmdb.org/t/p/w300/kLBwk5ppNsA0DizEocXClTi1Lmx.jpg
4325,41050,https://image.tmdb.org/t/p/w300/xkd7wPJSIC76scBRHCFZ85uOH5d.jpg
4326,1632,https://image.tmdb.org/t/p/w300/wvEx2WbxZXYljQ9vSoq37NgeXcJ.jpg
4327,966,https://image.tmdb.org/t/p/w300/e5ToxOyJwuZD4VOfI0qEn5uIjeJ.jpg
4329,301,https://image.tmdb.org/t/p/w300/4gI4KKmoi0d3yfsF71YU3S0I5t8.jpg
4333,11896,https://image.tmdb.org/t/p/w300/fwcIsCwTwF8AXNxvNkrZ5dZlGPz.jpg
4334,25538,https://image.tmdb.org/t/p/w300/mR8dSQZI8X6Z1NClJhFrtJp636z.jpg
4337,5923,https://image.tmdb.org/t/p/w300/muZyCXWoayEtwVkxc0ql48X1h6L.jpg
4338,15497,https://image.tmdb.org/t/p/w300/g9VeQUobhofLwxSIbKM4ia5biAX.jpg
4339,21876,https://image.tmdb.org/t/p/w300/kNIpEa4fe0RvgTqjkRrHFuSW8lz.jpg
4340,11090,https://image.tmdb.org/t/p/w300/oNxEXmKTZtECHs0bQbI6dQoXYMV.jpg
4342,21056,https://image.tmdb.org/t/p/w300/hAIqu69z1tZjfdq2jThAifAp0tQ.jpg
4343,9397,https://image.tmdb.org/t/p/w300/dwIrP544LxJtXToLpzkEa08pIMm.jpg
4344,9705,https://image.tmdb.org/t/p/w300/mM6h4jMqC4q5IaFgBIGKQDLnRU.jpg
4345,26475,https://image.tmdb.org/t/p/w300/3c4t8tTQp7TV1Z3qeltmhjRi5Ex.jpg
4347,29937,https://image.tmdb.org/t/p/w300/6mKiT1zyUHHSCUm1hfZVe4RUhjV.jpg
4349,10364,https://image.tmdb.org/t/p/w300/eSB3i3vvFiRTszmZVawWqROzM6p.jpg
4350,32458,https://image.tmdb.org/t/p/w300/gSLluaJR2fxmsGOtmfSKQJ9RCly.jpg
4351,1089,https://image.tmdb.org/t/p/w300/tlbERIghrQ4oofqlbF7H0K0EYnx.jpg
4353,9967,https://image.tmdb.org/t/p/w300/92gPncxWevFlPLOz0a0uoob7jFL.jpg
4354,17494,https://image.tmdb.org/t/p/w300/dvw1Pkt0tk8tvXy61cMwOaPgkyb.jpg
4355,17465,https://image.tmdb.org/t/p/w300/SLQRH3AlTJHXk6ZuW0yMAelMlj.jpg
4356,759,https://image.tmdb.org/t/p/w300/fDozhst5HVJJcd3BM8ZOsKniO7Q.jpg
4357,10297,https://image.tmdb.org/t/p/w300/dFwefYyEOOZaWVn15xGY6CbYYJ2.jpg
4359,10653,https://image.tmdb.org/t/p/w300/4oLqx0QbjWFzWtkxRmDLGH47CUJ.jpg
4361,9576,https://image.tmdb.org/t/p/w300/ngyCzZwb9y5sMUCig5JQT4Y33Q.jpg
4366,10865,https://image.tmdb.org/t/p/w300/oK8yR6xSQreWf1ouP1VpXKwoop5.jpg
4367,1995,https://image.tmdb.org/t/p/w300/ye5h6fhfz8TkKV4QeuTucvFzxB9.jpg
4368,10808,https://image.tmdb.org/t/p/w300/asYjHXBoD44B6mLOcZtMfMV3hm1.jpg
4369,9799,https://image.tmdb.org/t/p/w300/gqY0ITBgT7A82poL9jv851qdnIb.jpg
4370,644,https://image.tmdb.org/t/p/w300/8MZSGX5JORoO72EfuAEcejH5yHn.jpg
4371,16161,https://image.tmdb.org/t/p/w300/d9b5sDAY2q2u2fWFYZPmt0Cl2p7.jpg
4372,10691,https://image.tmdb.org/t/p/w300/1kxn6w6lvKkrhmVxfVqI0cfBmLa.jpg
4373,10615,https://image.tmdb.org/t/p/w300/fNvx45x4JWHYucpnV2vuKn9TZnV.jpg
4374,47596,https://image.tmdb.org/t/p/w300/4BcnaOBwXifEXF9NRXo9ERdE2KE.jpg
4378,11826,https://image.tmdb.org/t/p/w300/xTfCZTzhgHNAR1pf5D49WH4buI5.jpg
4380,9301,https://image.tmdb.org/t/p/w300/z0dMG2C4GvIObHAcOjW9r61WIJF.jpg
4381,11444,https://image.tmdb.org/t/p/w300/kNm5Jxr3iulG8tfYHqDD0ahODCw.jpg
4383,60670,https://image.tmdb.org/t/p/w300/npvDhiKkpQBuTaQ8cbWRT2iEfkE.jpg
4384,55551,https://image.tmdb.org/t/p/w300/evopdRBKjj85zttxMcrZ5xujaS8.jpg
4386,10992,https://image.tmdb.org/t/p/w300/wUWoat7L4vvQburQ8pVEJhRG9L5.jpg
4387,2140,https://image.tmdb.org/t/p/w300/1ubtSyagwfNF9Bn9s2CKITRtx1d.jpg
4388,4248,https://image.tmdb.org/t/p/w300/7Eb1JWK0Cb0rbfsYjwfc9g0PbQH.jpg
4389,17612,https://image.tmdb.org/t/p/w300/3Cu95A09arsfTsOJfygVwhJe5qc.jpg
4390,3134,https://image.tmdb.org/t/p/w300/zmkh7qyNIQmx2xi972WL39wzqOH.jpg
4392,8217,https://image.tmdb.org/t/p/w300/g6PGzYqXNofrrGKS7dixoc2P5M7.jpg
4393,22478,https://image.tmdb.org/t/p/w300/ds4CcnlACh0r1r3VGa7y85dz72R.jpg
4394,26483,https://image.tmdb.org/t/p/w300/96PQsb6z1hGtck5ZM5B5CsXm7fw.jpg
4395,24382,https://image.tmdb.org/t/p/w300/f5OxD8Nl0pR3DcYHtYhHRfpsmjl.jpg
4396,11286,https://image.tmdb.org/t/p/w300/pvn9SbMq9q8wJXt3KAp9kP7pmpb.jpg
4397,11950,https://image.tmdb.org/t/p/w300/sdXjbUcdESA5CKCyez6A29c2vq3.jpg
4399,36245,https://image.tmdb.org/t/p/w300/epCJe5dzAn21mQ9L1fQ2FjIF13T.jpg
4402,26573,https://image.tmdb.org/t/p/w300/v1NPmkAgQ85fTJAD7cmZ2EcFCvh.jpg
4403,23439,https://image.tmdb.org/t/p/w300/jEzZOrGSWpl0jKOIXoY3OnEabLQ.jpg
4404,10728,https://image.tmdb.org/t/p/w300/rN703hMFxmkZfyEzsXvFtuFhkXE.jpg
4406,11697,https://image.tmdb.org/t/p/w300/4C1R0LEivLjbv3swAzJfzh0tzXl.jpg
4407,6106,https://image.tmdb.org/t/p/w300/c5JgUmzN7syTFy9suwoHF3vhNsN.jpg
4408,22477,https://image.tmdb.org/t/p/w300/gTsFkvUt9wrGOZh6JNDSFd2LIBT.jpg
4409,19200,https://image.tmdb.org/t/p/w300/6Ybi2u1TSOTpAocZAGJl2WThq11.jpg
4410,11300,https://image.tmdb.org/t/p/w300/344lhBozqFWKxBb4fp6azYQMLEy.jpg
4412,28650,https://image.tmdb.org/t/p/w300/xYj9DpCeqM6bbvMvxlGqujU9boQ.jpg
4419,43316,https://image.tmdb.org/t/p/w300/9BZRrJK3iMILX0KP8eLb2E4sPqs.jpg
4420,34689,https://image.tmdb.org/t/p/w300/eSRBlHu9didl6MdFQdIYpU9YdFD.jpg
4422,10238,https://image.tmdb.org/t/p/w300/a1bMgB09YDvvRN9SitCclUYragr.jpg
4424,4789,https://image.tmdb.org/t/p/w300/qHDATOZMoiJjfy2bb1xEFFPzkuG.jpg
4426,18030,https://image.tmdb.org/t/p/w300/z7me91nrpWLHY1mZOB2v20cK0zY.jpg
4427,18988,https://image.tmdb.org/t/p/w300/yMgJnZADJObzfjA70ygXJkjnrFX.jpg
4428,11536,https://image.tmdb.org/t/p/w300/rkIkyPhT5oetT463HxpdIuct30l.jpg
4429,10339,https://image.tmdb.org/t/p/w300/7JXcm3RyWlGsRCZ0YlOliWr6TNv.jpg
4432,976,https://image.tmdb.org/t/p/w300/akzvV8JasNrgEl5iAP9K6zPHGJe.jpg
4433,69605,https://image.tmdb.org/t/p/w300/paeBU70fHsFAOooWM5V35q562f2.jpg
4434,65632,https://image.tmdb.org/t/p/w300/qwXXxwnN1yj5XiZBUrdazBRMqw1.jpg
4436,4780,https://image.tmdb.org/t/p/w300/a0bOKTldOJVJivmPNGBHfMYJU9x.jpg
4437,11906,https://image.tmdb.org/t/p/w300/sEcvc9h1X3hYZdFgtiiKMm6RB3f.jpg
4438,11713,https://image.tmdb.org/t/p/w300/dlcipCOa9hlfBBz7kCAyjsf3q0E.jpg
4439,9589,https://image.tmdb.org/t/p/w300/dHNonSmzgxMzEWp0FrzQIVvcBD6.jpg
4440,12481,https://image.tmdb.org/t/p/w300/9VFYDWYnAhXAgyqgs94lwNmMBbk.jpg
4441,13333,https://image.tmdb.org/t/p/w300/c6jgLHaQpdIPH1rC94KkjAqgE7O.jpg
4442,13938,https://image.tmdb.org/t/p/w300/r5QnLY30gXlZ8luiJE3quDs1WNF.jpg
4443,10540,https://image.tmdb.org/t/p/w300/qmjlDkV8CfCboa8WV06ytZaThqx.jpg
4444,9462,https://image.tmdb.org/t/p/w300/m7AIITQ624sfldI4SsX4htXPH1f.jpg
4445,82623,https://image.tmdb.org/t/p/w300/o4dmpoHm48TpcXD4Zu96LW0QV1V.jpg
4446,2114,https://image.tmdb.org/t/p/w300/47b1EwFqqSWxYna7NtUM7iML4oT.jpg
4447,8835,https://image.tmdb.org/t/p/w300/9ohlMrJHQqKhfUKh7Zr3JQqHNLZ.jpg
4448,11371,https://image.tmdb.org/t/p/w300/fsb4m9XW59mei8GKznvI3lLzcfp.jpg
4449,78248,https://image.tmdb.org/t/p/w300/grO1ifXULhZvpMhfyGG6k4991Ul.jpg
4450,9517,https://image.tmdb.org/t/p/w300/vMJ2WHBbK4Jr3eDuF1e7O6lbC8m.jpg
4451,25985,https://image.tmdb.org/t/p/w300/akQsC56tG2T39eO0k1umZ334e2j.jpg
4452,15745,https://image.tmdb.org/t/p/w300/4HC6ieptXO2gjqbSEsfkOwsGubN.jpg
4453,24977,https://image.tmdb.org/t/p/w300/z20ChkIl7zq7yOAIIJkDuUBV3x0.jpg
4454,36107,https://image.tmdb.org/t/p/w300/802hVxtGoC4uIYMhM6eeXKeK17l.jpg
4458,13794,https://image.tmdb.org/t/p/w300/cVcLCA0ZUMaVzRn7qwxrLXyurI1.jpg
4459,13795,https://image.tmdb.org/t/p/w300/bVvmVUDs2rJgJ46j7Ja66CDQD5j.jpg
4462,38965,https://image.tmdb.org/t/p/w300/kDMgcjSNadUBmpkbMuX3u48qgI4.jpg
4463,47817,https://image.tmdb.org/t/p/w300/lM8B5gsF28UNKMJY3ZVSkpy5Ie.jpg
4464,31052,https://image.tmdb.org/t/p/w300/dyk2BqPajLRBpVQ6jsSJJdgfuXe.jpg
4465,10868,https://image.tmdb.org/t/p/w300/5DlWHYb5Q65GaHYHDo6PqGOuoF1.jpg
4466,9395,https://image.tmdb.org/t/p/w300/pS6j4cIrv1LWSIk5NxYvpQwNTsT.jpg
4467,14506,https://image.tmdb.org/t/p/w300/oiOwGRqwrKpg1EMUlPgRjVC49bn.jpg
4470,2,https://image.tmdb.org/t/p/w300/ojDg0PGvs6R9xYFodRct2kdI6wC.jpg
4471,26044,https://image.tmdb.org/t/p/w300/srb9GKWGZtdyANHHGkXufG3lTAT.jpg
4473,14911,https://image.tmdb.org/t/p/w300/tiwhsOX3zm9QGfdFK4IfrGvZWJj.jpg
4474,15592,https://image.tmdb.org/t/p/w300/vol5TCGHDbi8r0yo0TrIGFiGxJ7.jpg
4475,15267,https://image.tmdb.org/t/p/w300/fMymKHTtCikQEx1HVQeahc2wiNU.jpg
4476,12710,https://image.tmdb.org/t/p/w300/dxbXbR1P44caMUKtBdq7sX6aSgw.jpg
4477,30502,https://image.tmdb.org/t/p/w300/t9AiFl6kt5vMhXzMHTZ6651TECl.jpg
4478,19382,https://image.tmdb.org/t/p/w300/vAhQegSNb0OYwBN2KbSr8GRSUsI.jpg
4480,9599,https://image.tmdb.org/t/p/w300/mWVVYNEkDHkcjFne6eQq1pDANdw.jpg
4482,17170,https://image.tmdb.org/t/p/w300/pimtITTxB2cJftgRhso2Xm195Co.jpg
4483,18509,https://image.tmdb.org/t/p/w300/iHvCXCjiLN6bLf39CnKdDzGbku2.jpg
4484,110428,https://image.tmdb.org/t/p/w300/jHU5CiEk4QoCrvxJV8uOLxi3y5y.jpg
4487,7520,https://image.tmdb.org/t/p/w300/jFRhEPhtsln9tDwzMdZN3OlhUob.jpg
4488,10126,https://image.tmdb.org/t/p/w300/5KueYME8A449pxaKTJZp3cWKKSX.jpg
4489,9602,https://image.tmdb.org/t/p/w300/8YZiA1o264dk0cr1USyMdph6SZl.jpg
4490,23752,https://image.tmdb.org/t/p/w300/jk0qx7XyFYKK1flXbxO1N3z6zAd.jpg
4492,3980,https://image.tmdb.org/t/p/w300/dxBy4WePZY06Bk5KvXb4K3UnjCy.jpg
4495,27397,https://image.tmdb.org/t/p/w300/62GF6vgxIvEpSPrH0WXHtCHm3zB.jpg
4496,9748,https://image.tmdb.org/t/p/w300/zelnD4ZCB7lBHHOr9Tyw7cepjt9.jpg
4497,40095,https://image.tmdb.org/t/p/w300/7jBtDMQrXpHlyuJImTAs6Oexv7H.jpg
4498,10651,https://image.tmdb.org/t/p/w300/krxLLDnFuDtjagN7KrCjuH6QrcW.jpg
4499,10141,https://image.tmdb.org/t/p/w300/3176xH21fSetstKpEtAD1giHbyT.jpg
4500,27362,https://image.tmdb.org/t/p/w300/zTltoKsUD5ArBpRBP6PH4iCjX9o.jpg
4502,26386,https://image.tmdb.org/t/p/w300/4XYMlJg9sqM1e80pNb9lCK3oJ4v.jpg
4504,25884,https://image.tmdb.org/t/p/w300/6qMNwjNEOahviSeEGIWPEJ4NMM8.jpg
4505,26355,https://image.tmdb.org/t/p/w300/q1o2jt1UXNuZmRN1Y2vg1y2T8qE.jpg
4506,10675,https://image.tmdb.org/t/p/w300/QExlx41lQEizHpPq7FxYw6zpak.jpg
4508,10130,https://image.tmdb.org/t/p/w300/utptKpx6cXxmbEGu4N4HIoSZ6IS.jpg
4509,2617,https://image.tmdb.org/t/p/w300/zxIoPZiqKOxrWvieumpxA6bOgkt.jpg
4511,21362,https://image.tmdb.org/t/p/w300/88sqqQrltIok7ayhs21mAHoSrcK.jpg
4516,20443,https://image.tmdb.org/t/p/w300/xYHplg2N28n4z4WW0VeoZMRI58X.jpg
4517,49365,https://image.tmdb.org/t/p/w300/AevfLQ5c0ZGtO3clHawg9L2XAQ2.jpg
4518,11347,https://image.tmdb.org/t/p/w300/bhL5Z8srwSXJuosfBqei9Dxv41C.jpg
4519,12144,https://image.tmdb.org/t/p/w300/wSC2wxFj3ZgrIHlIaePeuHN4igo.jpg
4520,13704,https://image.tmdb.org/t/p/w300/cSGV9uXOKxu8j9mj6NmTix4GLFa.jpg
4521,12505,https://image.tmdb.org/t/p/w300/xdzugDI6avIlba05pstUFqh2mI2.jpg
4522,41963,https://image.tmdb.org/t/p/w300/vf2fZMZ0s44STAjF6kE7wVcKiw1.jpg
4523,13482,https://image.tmdb.org/t/p/w300/rVLZuiNfKua7C2x3rGUiAR8wGEc.jpg
4524,34014,https://image.tmdb.org/t/p/w300/3qVL6RqJTr6uQxV4O72H0j9tv0K.jpg
4526,12120,https://image.tmdb.org/t/p/w300/SIt5FbgvoxlZr8ay3cfi79pV6z.jpg
4527,47818,https://image.tmdb.org/t/p/w300/eOH45Qf4O65BEODTlfMwrXUBCYO.jpg
4529,3543,https://image.tmdb.org/t/p/w300/zeEa3jVkLE8C0KjOiiKqMbhHgaL.jpg
4531,9604,https://image.tmdb.org/t/p/w300/AoJTHXmO01EZgT0p1YTsGBEQxLj.jpg
4533,10925,https://image.tmdb.org/t/p/w300/oNsV9BychAe4Sk6xFKp558Rlpyz.jpg
4534,13965,https://image.tmdb.org/t/p/w300/6I94myoMi28trV8lxDq2DWhzLFe.jpg
4535,24266,https://image.tmdb.org/t/p/w300/1alAfoJf7Pjn0QuwzO9wY7SLQCt.jpg
4537,18197,https://image.tmdb.org/t/p/w300/kzhyruFxY4Z5Ert8M9tuM2MV8dd.jpg
4541,11503,https://image.tmdb.org/t/p/w300/ezgaj43WaSmyQa24NLG7vPK9hb5.jpg
4544,11966,https://image.tmdb.org/t/p/w300/vXzkNsPEA59EON5PMVXsURe8o67.jpg
4545,2605,https://image.tmdb.org/t/p/w300/e3eimdUK6lLe0iaSlLrYVQF3yeL.jpg
4546,8740,https://image.tmdb.org/t/p/w300/eE5bbuRJluooG2MjEAsLEYyuJoa.jpg
4552,41428,https://image.tmdb.org/t/p/w300/skAxIP1DgnVIXaUaPFozWXtsbhs.jpg
4553,8337,https://image.tmdb.org/t/p/w300/ngnybFTuopfbfmmEeX9jjBQQmF6.jpg
4557,28176,https://image.tmdb.org/t/p/w300/uph7wz8WASLHwHyC5SYfQgqaoV7.jpg
4558,9493,https://image.tmdb.org/t/p/w300/stJx9BQZbXrZnTGf9Erc7d2UMVc.jpg
4562,12582,https://image.tmdb.org/t/p/w300/uZmoKYDfF965UAgPrUSz0FbavsE.jpg
4563,10001,https://image.tmdb.org/t/p/w300/6D4yLH2gMBt8S64f8Arrt39cFFb.jpg
4564,11352,https://image.tmdb.org/t/p/w300/r7LTwkgqUPPABnHpxceVylMf8M0.jpg
4565,12500,https://image.tmdb.org/t/p/w300/oH8eKi4Bt50tyXQIsYaM2KJqXd3.jpg
4571,1648,https://image.tmdb.org/t/p/w300/tV25lGWGWGEqUe3U0xjQTBgilSx.jpg
4572,4105,https://image.tmdb.org/t/p/w300/funhGWt9ee3Uwb6Ar8SGCCvbJdV.jpg
4573,22711,https://image.tmdb.org/t/p/w300/upb42GxljtsmhoLxXbD6REm5Iwg.jpg
4574,19124,https://image.tmdb.org/t/p/w300/ufbA7v7b2xt85Cf1tocr69cwuCO.jpg
4577,10142,https://image.tmdb.org/t/p/w300/3SerZUDoU9TMCXMsQqiXvSWm0uL.jpg
4578,3064,https://image.tmdb.org/t/p/w300/uMOt6bECe3JE5N7M9jYi63fmJDj.jpg
4580,10134,https://image.tmdb.org/t/p/w300/nOspcG8HP6KPdMvzezavRbzYCEw.jpg
4581,21291,https://image.tmdb.org/t/p/w300/l43BVUdXxbsSt3stBgiW53Dql1n.jpg
4583,30352,https://image.tmdb.org/t/p/w300/rQHt9X3Q4NhDe6LotqUDiZme2l8.jpg
4584,15142,https://image.tmdb.org/t/p/w300/h73heOhdqIV45m3t4vwV92pZXDP.jpg
4585,14550,https://image.tmdb.org/t/p/w300/lBVjTP8Cb66GBabUBQaBUtV6OqD.jpg
4587,2210,https://image.tmdb.org/t/p/w300/pO9Edq8mgp9kD3N6EkCGYLnIVaA.jpg
4589,21721,https://image.tmdb.org/t/p/w300/qohqTtk33FlEoeb3zYLEAUGSO0E.jpg
4591,11828,https://image.tmdb.org/t/p/w300/tRaNvLehJf0OVsBexo4u4NRKLJ4.jpg
4593,10551,https://image.tmdb.org/t/p/w300/nALlbKdoKxlvwx9LDglOHZj0hs9.jpg
4594,20713,https://image.tmdb.org/t/p/w300/TflAOAoV7C0XPqNyIhjhOelr8F.jpg
4595,27461,https://image.tmdb.org/t/p/w300/4CLeeHTMUesP8MCFt5phmdPSS5k.jpg
4597,1380,https://image.tmdb.org/t/p/w300/dpwbqnG2vmkwBBIpfQmFUf5l120.jpg
4599,11465,https://image.tmdb.org/t/p/w300/cb0zpDUnHBj8PxWQG5L96m3rxrk.jpg
4600,17190,https://image.tmdb.org/t/p/w300/nYP7HFuHfy3QchskZiywbJAQ8a0.jpg
4602,9085,https://image.tmdb.org/t/p/w300/mHX0aYjxc2cIOBfYBuaYN9SvbUf.jpg
4603,17819,https://image.tmdb.org/t/p/w300/zPewmxWwDOMucFnaXXH26tfAv7m.jpg
4605,14776,https://image.tmdb.org/t/p/w300/8T1UacG5YV063PDbaHH2RaqA6Wc.jpg
4608,29185,https://image.tmdb.org/t/p/w300/fDgR7vq3fqtlo2w2wPN3pNXyDm5.jpg
4610,32059,https://image.tmdb.org/t/p/w300/5CZznrNvFLacr0mb4CYmlpJ4Tsw.jpg
4611,505,https://image.tmdb.org/t/p/w300/ec0fMt4CwtWJ0VxeJr9nnhdS867.jpg
4612,4486,https://image.tmdb.org/t/p/w300/evtfMmuJyCQch2JIdWO2SdGWgJA.jpg
4613,10345,https://image.tmdb.org/t/p/w300/21mBNUe0X4WYywe6w5DyihltmAn.jpg
4614,10222,https://image.tmdb.org/t/p/w300/tXSD8U5aVdGscQNcyY6C2ANVEuh.jpg
4615,12774,https://image.tmdb.org/t/p/w300/89Lg30XE7gwVZpJUk0RKqV8CtND.jpg
4616,14621,https://image.tmdb.org/t/p/w300/7xOyz2NlaoqZ6xIjJh0Goptm0tP.jpg
4617,19118,https://image.tmdb.org/t/p/w300/t5sJfj99wACezWFz2jtHQplQkUM.jpg
4619,15138,https://image.tmdb.org/t/p/w300/ynQT9NA4SBfoswIRkyrwqHe4aBz.jpg
4621,9494,https://image.tmdb.org/t/p/w300/uVM0D7Q6U9H6xMSZmMdfwECih5h.jpg
4622,17362,https://image.tmdb.org/t/p/w300/qqg2U5Jk4jnQUWDXZjq489V2D0A.jpg
4623,9942,https://image.tmdb.org/t/p/w300/ypUedY9zX4nGGf1lQv1UGc8PhPA.jpg
4624,8216,https://image.tmdb.org/t/p/w300/31DqGazwdE9N4Y9FHC6Q4NvstuW.jpg
4625,4296,https://image.tmdb.org/t/p/w300/mFGCK7RnFnRXR6CweAhQw030Zv7.jpg
4626,24739,https://image.tmdb.org/t/p/w300/9qRCVO9L3s3CsPnoUO9c3iZm6aB.jpg
4628,9686,https://image.tmdb.org/t/p/w300/mViGEH5dfsAnUgJmce1RJkFycAi.jpg
4629,27418,https://image.tmdb.org/t/p/w300/ieM9upg9O4agtodEvlZIiuNKZsN.jpg
4630,39002,https://image.tmdb.org/t/p/w300/6BmhGmMF53mIsJuUYSwyLfCaTfu.jpg
4632,31606,https://image.tmdb.org/t/p/w300/pInBodZ7xrX8JL7KPL4G9kM5gRW.jpg
4634,37146,https://image.tmdb.org/t/p/w300/UAa8AVZfNiISv3K8eKfyuzSAxI.jpg
4635,20006,https://image.tmdb.org/t/p/w300/akIQcT3IErdrvK3r7JIktucXQsy.jpg
4636,8867,https://image.tmdb.org/t/p/w300/tA0O0hYyHX7Hl2Fl8VEtGtfBtjI.jpg
4638,331,https://image.tmdb.org/t/p/w300/oQXj4NUfS3r3gHXtDOzcJgj1lLc.jpg
4639,11467,https://image.tmdb.org/t/p/w300/4TQOYs8rCWi44O1tNbIQiRqHQkA.jpg
4640,327,https://image.tmdb.org/t/p/w300/rSRJozSafFFuiFT9XnwsE1ricHT.jpg
4641,1548,https://image.tmdb.org/t/p/w300/uwKqnUPE4dSM0kKuMW0vXpURh2T.jpg
4642,13403,https://image.tmdb.org/t/p/w300/jafIFAW8sHQkzWPGoMDR4892dFI.jpg
4643,869,https://image.tmdb.org/t/p/w300/3ZWsuP5rExMSji7erxnb1P5SK6F.jpg
4644,552,https://image.tmdb.org/t/p/w300/ijCBLF08KQsam3cOBAnit05iiV3.jpg
4645,36095,https://image.tmdb.org/t/p/w300/xNVJr9q6AtSbjosS6Ed9YirOkSo.jpg
4646,33379,https://image.tmdb.org/t/p/w300/qk1KSFLOzY6VAt5SRCHUAoqBA5h.jpg
4649,2171,https://image.tmdb.org/t/p/w300/skKRPj1Cdsxqzn8BwKxvNV20rRW.jpg
4653,41946,https://image.tmdb.org/t/p/w300/5KP0TNYT2yH1yo7sfV5hQWQ4qWA.jpg
4654,10135,https://image.tmdb.org/t/p/w300/60VHW8heV11uLSCnkjk6iGRQatA.jpg
4658,19236,https://image.tmdb.org/t/p/w300/6VTra0NR4ygRnq3bD922I4rU0Mq.jpg
4660,60276,https://image.tmdb.org/t/p/w300/4Q8yE7ijikNXWItWnAJkjt9yWvn.jpg
4661,12150,https://image.tmdb.org/t/p/w300/vJ88WmJ12eAK9CRb3cggn9CJthH.jpg
4662,11185,https://image.tmdb.org/t/p/w300/e9JrnUotqhKTUQEgg2UzDQ7nME2.jpg
4663,47045,https://image.tmdb.org/t/p/w300/wTQ4FIz8D0YsSSpcgGjR6EWFvhs.jpg
4666,12478,https://image.tmdb.org/t/p/w300/mNFq1Bk9oXD774hVyvdPlNCtwPt.jpg
4670,25155,https://image.tmdb.org/t/p/w300/r5CKg3VJQjYvSWTRojK2tE7LpM0.jpg
4671,65015,https://image.tmdb.org/t/p/w300/25lpQtxNWXzOimnXmbwF0Y0GYej.jpg
4672,24077,https://image.tmdb.org/t/p/w300/6tGHCij3jJu80RYSSpV0LBRLTN3.jpg
4673,9618,https://image.tmdb.org/t/p/w300/jxxxjTu87OSmQYkMFF7MgOEDXRn.jpg
4675,31608,https://image.tmdb.org/t/p/w300/qUNgtb0LEkRcHGanKHO0B3JWsw9.jpg
4676,22102,https://image.tmdb.org/t/p/w300/2HOzh7t2THdZ3r9BaDucEjfzLlL.jpg
4677,6951,https://image.tmdb.org/t/p/w300/nllMNbjgvUpw378czm5vBYzZqg1.jpg
4678,11959,https://image.tmdb.org/t/p/w300/wxx5YQLKVH1WMSRXQAUnC76r4iY.jpg
4679,2616,https://image.tmdb.org/t/p/w300/euWPWqpujKQg2KnfBUVkBSZ6kf4.jpg
4681,249,https://image.tmdb.org/t/p/w300/9VWwYsuXhRImUtrJGvN6bYJB2He.jpg
4683,183,https://image.tmdb.org/t/p/w300/dtgNNq3TBbpBX6RXHLt5gAMdwPV.jpg
4686,8494,https://image.tmdb.org/t/p/w300/ylN3DZEPCnn60ecGq01y0AyWsTQ.jpg
4687,26535,https://image.tmdb.org/t/p/w300/8YUzVyN3HdedaK7oGVf2nVrsf4R.jpg
4688,41784,https://image.tmdb.org/t/p/w300/fsqwLjRIVgaykvf2jCwGNOfGoC1.jpg
4689,27431,https://image.tmdb.org/t/p/w300/vVfylUKX9Lz3Idpu0J3ds7vGXoF.jpg
4690,2148,https://image.tmdb.org/t/p/w300/jgCsLhIRLKlvUy1p1iImCi0nPnX.jpg
4695,31941,https://image.tmdb.org/t/p/w300/rnJepCsvb2adCmEmCSDBqhTV2Wy.jpg
4697,27813,https://image.tmdb.org/t/p/w300/ciyzEBzJ1TnafkgGXr6DqEVh1wk.jpg
4699,2057,https://image.tmdb.org/t/p/w300/xvTtsdvvVr1NYlVJxWZibzhaEt5.jpg
4700,9880,https://image.tmdb.org/t/p/w300/qSw4lzhDGeM5MjQc86BLzJALhBs.jpg
4701,5175,https://image.tmdb.org/t/p/w300/aBQf2vMiCINeVC9v6BGVYKXurTh.jpg
4703,41951,https://image.tmdb.org/t/p/w300/qoFmpeLPaj3YC1DABs5QxC31aQ7.jpg
4704,11385,https://image.tmdb.org/t/p/w300/fT1Ht8PSM5cFKmejrnufWvpXAPk.jpg
4705,4484,https://image.tmdb.org/t/p/w300/oMz9BUs3qIAx5UAO5BLiufzVwrr.jpg
4708,44258,https://image.tmdb.org/t/p/w300/7aucmdXXvqB4uW63K6t7P9sTc1f.jpg
4709,20391,https://image.tmdb.org/t/p/w300/fwnYGuba3ZSM2bXwBZZs4DqqKTl.jpg
4710,12584,https://image.tmdb.org/t/p/w300/3FBCNDeffuKZQzuXnnFyNNip9AN.jpg
4711,70042,https://image.tmdb.org/t/p/w300/cM6poC7pjCXTJAqZA630xI2GCg7.jpg
4713,11542,https://image.tmdb.org/t/p/w300/fsoaPN5SWYgZ4B7GG9nRNj33so.jpg
4714,17169,https://image.tmdb.org/t/p/w300/cjqS8TXTy0GvqPBfdB4CAbFCYW6.jpg
4715,39176,https://image.tmdb.org/t/p/w300/3nHKBehsbgWMff79ICGtVpO7TJt.jpg
4717,19267,https://image.tmdb.org/t/p/w300/jFl2hmGWFX9mw0NvOOn08Zr8bn5.jpg
4718,2770,https://image.tmdb.org/t/p/w300/854ZZxXdeabAs90mrV72NqShJqR.jpg
4719,12610,https://image.tmdb.org/t/p/w300/foZpSG88IQUCEBJE3unc5QzO6bQ.jpg
4720,1933,https://image.tmdb.org/t/p/w300/p8g1vlTvpM6nr2hMMiZ1fUlKF0D.jpg
4721,13496,https://image.tmdb.org/t/p/w300/ov9PIn56yrwvrwOfvVTKplmV0S6.jpg
4722,21055,https://image.tmdb.org/t/p/w300/tIO6jd2stGtM6pLvX8Jm85efw9Q.jpg
4723,24936,https://image.tmdb.org/t/p/w300/sWRTQpTb65Itp4bdNas3W4a1QHy.jpg
4725,10972,https://image.tmdb.org/t/p/w300/A3Au37c3KJX29BDvldzGiYtaU5B.jpg
4727,1722,https://image.tmdb.org/t/p/w300/9YahF8HFypIKFTvOTiYzObA0hom.jpg
4728,9896,https://image.tmdb.org/t/p/w300/8ghNCfFbCJjcNSz2K5jOC3eO6ZD.jpg
4732,9683,https://image.tmdb.org/t/p/w300/tFwvUSc8g0HHvDOBQ2rvC9LWVSj.jpg
4733,2779,https://image.tmdb.org/t/p/w300/mfvWefUp09oaLLxb8KhsvUYi7mX.jpg
4734,2294,https://image.tmdb.org/t/p/w300/aEsAdMAhwKYFgnHHxMOknktQYKK.jpg
4735,10016,https://image.tmdb.org/t/p/w300/i2zztssCIbahGES1fdfWFmDXian.jpg
4736,26602,https://image.tmdb.org/t/p/w300/hMp5Iev56BUu3xJGpAeCCPC1ZwY.jpg
4738,22230,https://image.tmdb.org/t/p/w300/ihDJpDbKpVjxx9bzo9i6MdhS5dm.jpg
4740,13966,https://image.tmdb.org/t/p/w300/4PLm3BZiOXhDIbbqH8ipVyPVA1M.jpg
4741,742,https://image.tmdb.org/t/p/w300/fIY5xko6dJOcn0hckudIhPXobve.jpg
4743,15104,https://image.tmdb.org/t/p/w300/2JTgaodnScJHIyRrQTtaawOd949.jpg
4744,8922,https://image.tmdb.org/t/p/w300/g410Y1U1ELbmJG14Zru3UAimm1G.jpg
4745,11065,https://image.tmdb.org/t/p/w300/6zcnbgNm4Es96sfsgoUavqbAed9.jpg
4748,16314,https://image.tmdb.org/t/p/w300/kJjhmLG9eJWVZrKimZ6kCrQ0urF.jpg
4749,18885,https://image.tmdb.org/t/p/w300/kXuh3c0DyvqSGo0DBatoemBwEtz.jpg
4750,40508,https://image.tmdb.org/t/p/w300/A2664BFz1Xmxyprh9DoxXIEldhb.jpg
4754,16307,https://image.tmdb.org/t/p/w300/wwtrXRL8SiOWxhwLEvw7iBgYh0g.jpg
4756,11370,https://image.tmdb.org/t/p/w300/oaKp6HZQDTtCOwn4JGi2Mh7Ep95.jpg
4757,12508,https://image.tmdb.org/t/p/w300/8pRMweo9WA1MvYOLsD2hWyFpZ1V.jpg
4759,25462,https://image.tmdb.org/t/p/w300/oDWVsSJMXvDeX9KohSOtfqCFD7e.jpg
4765,18734,https://image.tmdb.org/t/p/w300/ck5Tkq17M6khEN7JQlQznoYl37L.jpg
4766,44321,https://image.tmdb.org/t/p/w300/q5jT6BBCIWIysr712UIZY7BOGje.jpg
4769,58062,https://image.tmdb.org/t/p/w300/9vNRpMYT5H9L9UYf6Yq17isnQem.jpg
4770,2176,https://image.tmdb.org/t/p/w300/16obDcmphjfq17zwWKJlur53fCh.jpg
4771,20857,https://image.tmdb.org/t/p/w300/9RMcwwnK8a9WCt8dVlwmtNsFCg3.jpg
4772,22617,https://image.tmdb.org/t/p/w300/6qhSssp1RT3IU53OkomdpJsyJ0D.jpg
4773,75386,https://image.tmdb.org/t/p/w300/9xVw4EtCcNcI9RmRdH4WRPZkwcJ.jpg
4774,2185,https://image.tmdb.org/t/p/w300/h844gBztdYMLrroUen6qbsomrGx.jpg
4775,10696,https://image.tmdb.org/t/p/w300/388ru0R7fnBFPaVuJe4caRGGh54.jpg
4776,2034,https://image.tmdb.org/t/p/w300/bUeiwBQdupBLQthMCHKV7zv56uv.jpg
4777,21538,https://image.tmdb.org/t/p/w300/qeh8Rzyr7VJaZWep7Vi5MP1e5hG.jpg
4780,48834,https://image.tmdb.org/t/p/w300/asM4LPB6VYUXxifG3jgUk5rPHwH.jpg
4782,31016,https://image.tmdb.org/t/p/w300/oJuZGjMUKsYJXSkLXdOZ9CePJhg.jpg
4783,32567,https://image.tmdb.org/t/p/w300/7zWvRlfnDTbmcGw8F28PEx7KX2k.jpg
4784,12537,https://image.tmdb.org/t/p/w300/zqpeqPjziAH3VXMqwQ0Ds3Ffx9b.jpg
4785,9028,https://image.tmdb.org/t/p/w300/3kpxS7SZMyYSXvhDnmxQXOOxiTM.jpg
4786,16180,https://image.tmdb.org/t/p/w300/zfTWQD3UWJNlv44VLljjLcU3hWA.jpg
4787,11521,https://image.tmdb.org/t/p/w300/eXf4xhJEc9c2NElBrExmiWFe4Pz.jpg
4788,21028,https://image.tmdb.org/t/p/w300/r0VULHcfJ2njqOI0GuQHe4TNF5e.jpg
4789,27327,https://image.tmdb.org/t/p/w300/qDOtGWeSQNwB3dG7Amt1K0JW0az.jpg
4792,29756,https://image.tmdb.org/t/p/w300/8CyQj2VIfmGzjvdoLwYLyT8h4YS.jpg
4794,20115,https://image.tmdb.org/t/p/w300/v5VBvSVu2sWLAmyQhKQwBV5aPJA.jpg
4795,30295,https://image.tmdb.org/t/p/w300/Tp4vSQef0qsI78M90SsZZLJzPE.jpg
4796,25767,https://image.tmdb.org/t/p/w300/3peOV81MRImLDX8bnGUHOJSB0lN.jpg
4798,22874,https://image.tmdb.org/t/p/w300/sv4ao2ceHx2Ii1I2SsAmCqr7k6K.jpg
4799,11576,https://image.tmdb.org/t/p/w300/j4mWzOisSHFkaqIkq34l2mm8a5K.jpg
4800,43860,https://image.tmdb.org/t/p/w300/lbOgmmA5K32joQvmDpvAs5Dzfqh.jpg
4801,43802,https://image.tmdb.org/t/p/w300/hahHchjsnx62Ry7qmv2apYmlPX8.jpg
4802,9660,https://image.tmdb.org/t/p/w300/pIsm8JvpFZidVxKexv5UgoCjwpZ.jpg
4803,15393,https://image.tmdb.org/t/p/w300/m1rdcRWJ9QAgS5lFkrZN9B6kaKf.jpg
4804,248,https://image.tmdb.org/t/p/w300/xjXwcGJjT5tE22wazQUYH32HwU8.jpg
4808,1644,https://image.tmdb.org/t/p/w300/whCG6TGm3h9AHBkfh5M0MnJ8zT0.jpg
4809,12502,https://image.tmdb.org/t/p/w300/sGB81v70nnZqPMKFasvCpOmPcfq.jpg
4810,66092,https://image.tmdb.org/t/p/w300/AcumdxTlCtFBQXDjsIsiy1VyjpX.jpg
4811,10373,https://image.tmdb.org/t/p/w300/4sRR3pvrAZMG7GEvnR9XzqyHHfD.jpg
4812,13766,https://image.tmdb.org/t/p/w300/wWw2yJHQxqATtXw4roPDVuoE9Xs.jpg
4813,16380,https://image.tmdb.org/t/p/w300/zVBEXGxtnD83t0PfKm9uZbnpDbA.jpg
4814,12103,https://image.tmdb.org/t/p/w300/mDawnZWQnePqQbiisEWZaY9e4UI.jpg
4815,11313,https://image.tmdb.org/t/p/w300/qPTEh8vutS5FSCDoR16MWVGHqTm.jpg
4816,9398,https://image.tmdb.org/t/p/w300/qdrbSneHZjJG2Dj0hhBxzzAo4HB.jpg
4818,45864,https://image.tmdb.org/t/p/w300/yZG7XdvaGHivmjZ5UKYl6zFuSd3.jpg
4821,10866,https://image.tmdb.org/t/p/w300/1LVGjf1QWgkNNPQssZtuT1GYKoP.jpg
4822,34549,https://image.tmdb.org/t/p/w300/eJ4olY0dZMC1MfMhRkLOWisWYtu.jpg
4823,9778,https://image.tmdb.org/t/p/w300/4jS66Qmq2Ru5S2YzHVknGd4xJyT.jpg
4825,58429,https://image.tmdb.org/t/p/w300/fcgRKfCRudyWggyHIT9LOPgU3qW.jpg
4826,16121,https://image.tmdb.org/t/p/w300/h0VcqQ3z1RroKk7WtiW0E6DDho2.jpg
4827,40220,https://image.tmdb.org/t/p/w300/bhEJ6lOAtdTGyupOSL0Snzv8qj7.jpg
4828,166,https://image.tmdb.org/t/p/w300/usGV1Q7KWR0Uq4dOIppGZ0ba8kz.jpg
4830,1623,https://image.tmdb.org/t/p/w300/4DhrSojl3J0Z4wZyM2CfNGnKQWl.jpg
4831,40932,https://image.tmdb.org/t/p/w300/j4Qu0WPS04bYOLwV3d9vSSsvYQb.jpg
4833,13550,https://image.tmdb.org/t/p/w300/z4nTYj3JZ5jWAhDgrmEhW2GRAzb.jpg
4835,16769,https://image.tmdb.org/t/p/w300/bzHFDAdUad4QcHPi2UOqvaQKNWA.jpg
4836,42158,https://image.tmdb.org/t/p/w300/14iMtdJY3HjwrmqPUZ55F4LzuCd.jpg
4840,1716,https://image.tmdb.org/t/p/w300/t8KMFg9PiD9GSIHXlzast2WhZex.jpg
4844,3172,https://image.tmdb.org/t/p/w300/vy5oMqjiYjjd7VWLnqo6c3u88lC.jpg
4845,17708,https://image.tmdb.org/t/p/w300/aLgzSIgHTyWggrP7ieDVYE3PB8g.jpg
4846,12780,https://image.tmdb.org/t/p/w300/qXYISomt08V5PUqCzYRLVSQZmWP.jpg
4847,570,https://image.tmdb.org/t/p/w300/afzbY1h7huuxlITigPfcyQSkqLs.jpg
4848,1018,https://image.tmdb.org/t/p/w300/x7A59t6ySylr1L7aubOQEA480vM.jpg
4849,25641,https://image.tmdb.org/t/p/w300/xP2JKtdq77aWWZ1LCGsR68co5Jw.jpg
4850,16767,https://image.tmdb.org/t/p/w300/glGbrKRq0cqhqUcM9s2LE1Fxfq6.jpg
4852,11380,https://image.tmdb.org/t/p/w300/2Fsm30AcKiBbQPfYV8mm6Q7Axdh.jpg
4855,984,https://image.tmdb.org/t/p/w300/scl2JDHzYoIEs5xyYy5ITCfyY0G.jpg
4857,14811,https://image.tmdb.org/t/p/w300/v65PHx7Q6Jx0anyNeUOX07SJic9.jpg
4860,55727,https://image.tmdb.org/t/p/w300/mihPxIkGvGPzDgi1fMrE6cx5Ykq.jpg
4862,9585,https://image.tmdb.org/t/p/w300/aEMncPIHISpaIJmYaIstS0TVnb7.jpg
4863,14267,https://image.tmdb.org/t/p/w300/cqhIufhoORDMuFKEinV1IIYUBxD.jpg
4864,45929,https://image.tmdb.org/t/p/w300/z5WIS8QcnmccIeVzKiYLK9X2aUK.jpg
4865,768,https://image.tmdb.org/t/p/w300/t2WpWM8nBO4sULXr2bDfNEt4qgr.jpg
4866,2100,https://image.tmdb.org/t/p/w300/pYnUfauPVK6g8IRO2REYl4TUZ2p.jpg
4867,11091,https://image.tmdb.org/t/p/w300/1xzvRrpA9V1TxXP7kIf8d0AgJ1R.jpg
4871,18192,https://image.tmdb.org/t/p/w300/x0VybfDiQ8U62kqdf4BzDebrCQV.jpg
4873,9081,https://image.tmdb.org/t/p/w300/2MRM4PL6H7yraAkwyUEe2EqoQH3.jpg
4874,167,https://image.tmdb.org/t/p/w300/tafXZX0I6rso7EyoEzfygfTqxq6.jpg
4876,9378,https://image.tmdb.org/t/p/w300/6yrrddjIjx0ElCRZp5pTZeqrj3k.jpg
4877,27444,https://image.tmdb.org/t/p/w300/zUD6Dc88R7gieprJ1oz8bNyi0uf.jpg
4878,141,https://image.tmdb.org/t/p/w300/j2AtZFsflxiluaNtajMTI0Avm8C.jpg
4879,10034,https://image.tmdb.org/t/p/w300/mXyhSM5xuTTKcD7vmdYkqspYWzC.jpg
4880,11457,https://image.tmdb.org/t/p/w300/qNFlcei9vWh5NCRTVrs52qDvUmq.jpg
4881,10778,https://image.tmdb.org/t/p/w300/lrCgt8NNMyFsfmXyXiSSCRXNH4u.jpg
4883,67385,https://image.tmdb.org/t/p/w300/8d2NBr4in07pEQgO1PwENJH0IO1.jpg
4885,11456,https://image.tmdb.org/t/p/w300/quRhjnXAuIn04VmgM84nmKzt79J.jpg
4886,585,https://image.tmdb.org/t/p/w300/wFSpyMsp7H0ttERbxY7Trlv8xry.jpg
4887,10796,https://image.tmdb.org/t/p/w300/gcr3t71KmeXINemMrhaGBGVJPwW.jpg
4888,23949,https://image.tmdb.org/t/p/w300/4Flz17KOjGdGqJ2dFRhKnB7eg5.jpg
4889,11088,https://image.tmdb.org/t/p/w300/5yKomryA4Oak54fPjBS9TXBmYji.jpg
4890,9889,https://image.tmdb.org/t/p/w300/q4lZrHWTWuybb6pzMucj1c0ngCW.jpg
4893,45964,https://image.tmdb.org/t/p/w300/mdhpKVuuNZcc9noZzYXruxeIxdJ.jpg
4896,671,https://image.tmdb.org/t/p/w300/wuMc08IPKEatf9rnMNXvIDxqP4W.jpg
4898,20794,https://image.tmdb.org/t/p/w300/6ZVFepWKzYho4DLhyFVuRk7klZ1.jpg
4899,11469,https://image.tmdb.org/t/p/w300/JC7c2Y70R5oBNa8v4pnHfzYvFK.jpg
4900,14369,https://image.tmdb.org/t/p/w300/2aBepBnMXRs3hmde9Je3rn5bseJ.jpg
4901,1535,https://image.tmdb.org/t/p/w300/6y8M1rxjKofQCRKKe6xeV91K2Fc.jpg
4902,1433,https://image.tmdb.org/t/p/w300/iP1z1aJzPnkP8FHg77TS7ukqoEZ.jpg
4903,1999,https://image.tmdb.org/t/p/w300/IQj11YbraLDyPYaz79jtDoAscc.jpg
4909,12472,https://image.tmdb.org/t/p/w300/A6Hgp9LS0TQiawk6sPefjg1mHbg.jpg
4911,11834,https://image.tmdb.org/t/p/w300/kprcqmFxWPU45L1ZnMXO5yPPMVA.jpg
4912,16085,https://image.tmdb.org/t/p/w300/ywjXHWUK0niM26UKy7DTCErWTFz.jpg
4914,269,https://image.tmdb.org/t/p/w300/9Wx0Wdn2EOqeCZU4SP6tlS3LOml.jpg
4915,16441,https://image.tmdb.org/t/p/w300/ytaKNYpHdQnClTbWL2m19Xv6PXZ.jpg
4916,11422,https://image.tmdb.org/t/p/w300/vCzGV28YFmWubUn1jh8ytagYocR.jpg
4917,31037,https://image.tmdb.org/t/p/w300/zkgakUhHugeMRAtxSiM47nwXufa.jpg
4919,10656,https://image.tmdb.org/t/p/w300/5EOFUWs0ImeyiRUtFpbHuGGTNUx.jpg
4920,32847,https://image.tmdb.org/t/p/w300/kWtJ1C98fQB1fUDSfqb1NGBPPK8.jpg
4921,39938,https://image.tmdb.org/t/p/w300/6jbBsk4uDuSkO2Uxv5YxoPNmVVj.jpg
4925,14584,https://image.tmdb.org/t/p/w300/7poVN0zQuxCIorAR9N6JDJN0dGG.jpg
4926,58886,https://image.tmdb.org/t/p/w300/iPVRGoOQ6N9sMYYJW8OLT2CqDnO.jpg
4927,72277,https://image.tmdb.org/t/p/w300/7UwdJ0EMXirUuNFaohfK023Nuyr.jpg
4928,5781,https://image.tmdb.org/t/p/w300/9iUdC4dftkjYSBUJq5DAxC6WqB9.jpg
4929,23805,https://image.tmdb.org/t/p/w300/yt7Z37Uo2zls64XikaYh8nCwTAv.jpg
4932,11033,https://image.tmdb.org/t/p/w300/oy1m5dd44foNrxV8U9l6Walx82V.jpg
4936,3537,https://image.tmdb.org/t/p/w300/ewuGn4kxsqbYfgSO8Y5kzYlBcKE.jpg
4939,8738,https://image.tmdb.org/t/p/w300/nJmWPdreWnbdjMpmXB5rnJMvsK1.jpg
4941,3604,https://image.tmdb.org/t/p/w300/eTdEaRjtVnFbd5KVhxLRfbYW46e.jpg
4942,6974,https://image.tmdb.org/t/p/w300/jtY9aJjUdbw6CaQ3rHQW6WJKB6g.jpg
4945,10649,https://image.tmdb.org/t/p/w300/l0W85fpnsfnpLSSF3D6bKKlH1dD.jpg
4946,42566,https://image.tmdb.org/t/p/w300/389JSntj1J7LtTjUxvKCy3JJfuj.jpg
4947,17689,https://image.tmdb.org/t/p/w300/hYXkHixmH2W4hXA0qVJpT4ONPt1.jpg
4951,10847,https://image.tmdb.org/t/p/w300/xhxWsFgBYyDfRWfOhM1OrV88QDJ.jpg
4952,33525,https://image.tmdb.org/t/p/w300/2C7h2FMGBeMVZNO8IHXd2XjDAx6.jpg
4953,27591,https://image.tmdb.org/t/p/w300/8IIrlm2CjGCY5UV94lMCNb9HC94.jpg
4954,299,https://image.tmdb.org/t/p/w300/A4R6u7SidBPVXMVzGSysCiRGTRz.jpg
4956,42160,https://image.tmdb.org/t/p/w300/yk7sVvXxAOO2oncDkjaon4C7ErX.jpg
4957,10650,https://image.tmdb.org/t/p/w300/fSADY0EEM7ntpK5IwumcGS4UNNE.jpg
4958,8007,https://image.tmdb.org/t/p/w300/fZReMWU3zszvaktDUqOoWCzHssZ.jpg
4959,19076,https://image.tmdb.org/t/p/w300/uPgXAA5PzMCCWXYA3PsihgNkwht.jpg
4961,50562,https://image.tmdb.org/t/p/w300/a5eOBUs5TtLraJpfJMMDehIwnDp.jpg
4962,13503,https://image.tmdb.org/t/p/w300/69tMHlxiCYlYKGZm1aPH1u7hY88.jpg
4963,161,https://image.tmdb.org/t/p/w300/hQQCdZrsHtZyR6NbKH2YyCqd2fR.jpg
4964,43774,https://image.tmdb.org/t/p/w300/mcsAug8npYWQ21W0Adv5ghpJuSk.jpg
4965,31064,https://image.tmdb.org/t/p/w300/5iVwXnV2fraxy6NYzxZ07jMWW0u.jpg
4966,31682,https://image.tmdb.org/t/p/w300/vI7IdqfvsyoQAjAzRWS2fYvUoOu.jpg
4967,8342,https://image.tmdb.org/t/p/w300/oTEmaYRKqWig5lhmwEQE0ZU3SRl.jpg
4969,4886,https://image.tmdb.org/t/p/w300/maV1jQZ58NZIjwRbdtmRcaW3fZo.jpg
4970,228,https://image.tmdb.org/t/p/w300/khz2rKLAPDVu9auJt1sR1HO9SCG.jpg
4971,23111,https://image.tmdb.org/t/p/w300/cQtyCH6E2Xg5cqlsykwfdvbhB5y.jpg
4973,194,https://image.tmdb.org/t/p/w300/nSxDa3M9aMvGVLoItzWTepQ5h5d.jpg
4974,11397,https://image.tmdb.org/t/p/w300/9ZaGxvj1mqdKVLpSloq4mzS7SK6.jpg
4975,1903,https://image.tmdb.org/t/p/w300/cAh2pCiNPftsY3aSqJuIOde7uWr.jpg
4976,11889,https://image.tmdb.org/t/p/w300/yheTJ4f7Qlw96GdBjSj6FidvEZg.jpg
4977,28171,https://image.tmdb.org/t/p/w300/uTeYg3RPKlGYbyvEYKq5Ht5QGch.jpg
4978,9523,https://image.tmdb.org/t/p/w300/nTEUCdpDsfVDZJ5H0ndP1EmVtj.jpg
4979,9428,https://image.tmdb.org/t/p/w300/nG7hZJn7wQTSDCQT39Gy3s3tbrp.jpg
4980,1649,https://image.tmdb.org/t/p/w300/tldtDfLnPFOtTWp758EmIP2Hbz5.jpg
4981,11938,https://image.tmdb.org/t/p/w300/uRetBG6n8ScyIdtkJNGngTqX75c.jpg
4985,24264,https://image.tmdb.org/t/p/w300/g3MC1eYoW1Se9fQzCOZ5tfyMatl.jpg
4987,26978,https://image.tmdb.org/t/p/w300/hXIis8l0rqCThFHlhvELf31pSXz.jpg
4988,19209,https://image.tmdb.org/t/p/w300/jvoxMkXms4O490OlCNuJk4y7ZB4.jpg
4989,8386,https://image.tmdb.org/t/p/w300/qWF784YqUZE8KhbBfuqhMSzmUPs.jpg
4990,12589,https://image.tmdb.org/t/p/w300/pUwdquA6Bf3Gq8yT5iQL1Yq0jkl.jpg
4991,12312,https://image.tmdb.org/t/p/w300/9AJvAour6cslSMy9Q0WLd0jIJh1.jpg
4992,11232,https://image.tmdb.org/t/p/w300/fbWYmlGvQXmmZEr4bMeJFjWfFXZ.jpg
4993,120,https://image.tmdb.org/t/p/w300/6oom5QYQ2yQTMJIbnvbkBL9cHo6.jpg
4994,11086,https://image.tmdb.org/t/p/w300/m9WrB91B8ghxIZhyFugkoSleBE7.jpg
4995,453,https://image.tmdb.org/t/p/w300/rEIg5yJdNOt9fmX4P8gU9LeNoTQ.jpg
4998,11414,https://image.tmdb.org/t/p/w300/tGGNyImEXgedDjrCORbC9cTJp0X.jpg
5004,10794,https://image.tmdb.org/t/p/w300/nWZ9rrbMoHHgsvYNdng2EhbjeLf.jpg
5007,5052,https://image.tmdb.org/t/p/w300/3Q5psd2bvCMWFdQp4RvRDgxSiwg.jpg
5008,37257,https://image.tmdb.org/t/p/w300/bCj4EfuehAlgBwVd3diyWyhuuau.jpg
5009,8489,https://image.tmdb.org/t/p/w300/32l3FaCzs8cXWps6hkgNJAcOsP.jpg
5010,855,https://image.tmdb.org/t/p/w300/7fU5dSqKRL4XHeEUz62rCKBfYok.jpg
5011,12660,https://image.tmdb.org/t/p/w300/6RnRclsipl3cZKnDfsu0MrqWCwI.jpg
5012,10269,https://image.tmdb.org/t/p/w300/AcCX4tKqwP5BTfRTQEqZW3qabl3.jpg
5013,5279,https://image.tmdb.org/t/p/w300/7r8DeZuaaHCiOEbkqZC6MFmwJ69.jpg
5014,10950,https://image.tmdb.org/t/p/w300/8n8BTMIRPKT0KZKSa0nACG9cQ8O.jpg
5015,1365,https://image.tmdb.org/t/p/w300/rQeufx98gKH4CCeVw57KT1Fd0gr.jpg
5016,6440,https://image.tmdb.org/t/p/w300/3IdEZw4YN4NfvjLRyZVWpI0z2IH.jpg
5021,6037,https://image.tmdb.org/t/p/w300/7YGYam05qzHy0ZSzfjBSDkVvvU7.jpg
5023,61418,https://image.tmdb.org/t/p/w300/6fLc2xBZ3lK6AToG7iO1v1UAeqJ.jpg
5025,11857,https://image.tmdb.org/t/p/w300/pkyi0FYFVxymhqGNttYtDOHXjBM.jpg
5026,6312,https://image.tmdb.org/t/p/w300/Ahd4F7azhjsxgXYjVyFmVzJu9LB.jpg
5027,11595,https://image.tmdb.org/t/p/w300/ixeygHHDsuzsg67H1IPTc3Qp8cR.jpg
5028,24166,https://image.tmdb.org/t/p/w300/dRsZF1I4s4jx99wEyZyIsOpu3Uw.jpg
5033,10170,https://image.tmdb.org/t/p/w300/fFvwQGcpEdXkuPJaS15Xtl6h6P4.jpg
5034,18317,https://image.tmdb.org/t/p/w300/jjLEXLTXfJPYtl31knRS8bjclf0.jpg
5039,848,https://image.tmdb.org/t/p/w300/92VXAEwbjebYqTeUa7uX5bBtDuD.jpg
5040,9610,https://image.tmdb.org/t/p/w300/m5i7S46DT1ESy7URkh2l92awGRr.jpg
5041,15035,https://image.tmdb.org/t/p/w300/v0fi9KgmdsUsGtopxxRzbtQ5NIX.jpg
5046,4965,https://image.tmdb.org/t/p/w300/7Uy4JbalP0mEyKnFW2IorQDmbBa.jpg
5047,11891,https://image.tmdb.org/t/p/w300/gVsZ1hsJ9g11oCCav4N8ccp9bRw.jpg
5048,11888,https://image.tmdb.org/t/p/w300/8DDC6z1XyLSiNLzKw1pXcYeAOJ3.jpg
5049,150,https://image.tmdb.org/t/p/w300/rvvjXHzEDBIvIVDBHNOwHS7hVPu.jpg
5051,112,https://image.tmdb.org/t/p/w300/yviUKuVb9BXYPqkWvp8JZFj2wVb.jpg
5053,20678,https://image.tmdb.org/t/p/w300/9b1zje1Yp3kaJOn8pJqaQ1WLmoj.jpg
5054,15050,https://image.tmdb.org/t/p/w300/afiRgLXIfH12NemvtthCkrwNtAu.jpg
5055,10423,https://image.tmdb.org/t/p/w300/lxhsdC8wuGgQf0gKCt8wyHHxGcQ.jpg
5059,57976,https://image.tmdb.org/t/p/w300/2sLpyYytu0Dbymzs3skxOCRHKkl.jpg
5060,651,https://image.tmdb.org/t/p/w300/on8Q9LhtHYNhmITjUMpgOUkIG8o.jpg
5062,20620,https://image.tmdb.org/t/p/w300/5G3q3OvulFTnFdiouaZdD8wjtIc.jpg
5063,18647,https://image.tmdb.org/t/p/w300/xal47bRKVIxErB7h2CScY3GBnoT.jpg
5064,11362,https://image.tmdb.org/t/p/w300/ifMgDAUXVQLY4DeOu3VTTi55jSP.jpg
5065,2637,https://image.tmdb.org/t/p/w300/z2PiOTyjbCOnMHY2QJdq3I4jU44.jpg
5066,10229,https://image.tmdb.org/t/p/w300/8lUYMvWdHA0Q0k5F76RQCeCBUkA.jpg
5068,12659,https://image.tmdb.org/t/p/w300/mkOBUHcJFfVWLJmWNvE0qZuzAW0.jpg
5071,35650,https://image.tmdb.org/t/p/w300/knhWhSDOEPcWed5ljKcJVnXbH7.jpg
5072,9606,https://image.tmdb.org/t/p/w300/41WtqvaObaYE3RuqgBfQFPV3aV1.jpg
5073,11447,https://image.tmdb.org/t/p/w300/e9s1Hvw9TcVZspbkq2V8Bmvhky1.jpg
5074,16550,https://image.tmdb.org/t/p/w300/5hSpaT8x0LQy7G5TXb6vGWQrRSU.jpg
5075,13915,https://image.tmdb.org/t/p/w300/k2gFxNSAYZEqXXzT2chV7ezrl0Z.jpg
5076,34723,https://image.tmdb.org/t/p/w300/8VpQZ43hdaTUmkMoe2CnED1Y2fS.jpg
5077,31674,https://image.tmdb.org/t/p/w300/d8dgW6b17JGaBYC9vzQ3Em0f6Kx.jpg
5080,20009,https://image.tmdb.org/t/p/w300/g3xn7tRnGxVwwKc2tge7nPssywQ.jpg
5081,2084,https://image.tmdb.org/t/p/w300/jrwCiqQjEm3WqxHXxvAoW4gOsUd.jpg
5083,74692,https://image.tmdb.org/t/p/w300/z0tTXhUzG9mwKVliv74LBe7gGdy.jpg
5088,4031,https://image.tmdb.org/t/p/w300/1evmnMMSgUXORoECRwiMiqjwmN.jpg
5092,11870,https://image.tmdb.org/t/p/w300/3EjpQeyOpH8VIaWqIq6SpCQrCks.jpg
5093,9884,https://image.tmdb.org/t/p/w300/rALb2pU8QQGIlYdHezB2F5kwecI.jpg
5094,11535,https://image.tmdb.org/t/p/w300/5Wquo3EjfDpK7S1BHcybuC3TZDO.jpg
5095,27593,https://image.tmdb.org/t/p/w300/phyNpVgqHmxn9tTXbljeyodTeVH.jpg
5096,11212,https://image.tmdb.org/t/p/w300/21U2jwl36hoTHsXB3fDuIQkcchu.jpg
5099,28345,https://image.tmdb.org/t/p/w300/rIfA5X4pYJOHyFPZFqWLOu7yfiZ.jpg
5102,21845,https://image.tmdb.org/t/p/w300/9If8XnhBdEbQ2Q0ggAQC92CptjU.jpg
5103,11528,https://image.tmdb.org/t/p/w300/7PYqz0viEuW8qTvuGinUMjDWMnj.jpg
5105,931,https://image.tmdb.org/t/p/w300/ivWsU3QtcstImCTOjItsH0SAbNn.jpg
5106,17130,https://image.tmdb.org/t/p/w300/prdFY9Bc28frBhhWl7mPSr7JmFp.jpg
5107,10592,https://image.tmdb.org/t/p/w300/yRUhSU7vzs5ePa72LNPcKKCCMZ5.jpg
5108,8470,https://image.tmdb.org/t/p/w300/xEE91LvXiqgs7Hmdl44LCzHtFf6.jpg
5109,16690,https://image.tmdb.org/t/p/w300/wB3r2b8sxUZspqNyr8copMlt7se.jpg
5110,39939,https://image.tmdb.org/t/p/w300/yJyxPItcLNVfYr7idOphQTmQ9hK.jpg
5111,9272,https://image.tmdb.org/t/p/w300/6jZ1eef6SCVSMb4o1pSHHq84Nyf.jpg
5112,14778,https://image.tmdb.org/t/p/w300/rcc3eL3wcydEUmXpX1tW9ro8NR9.jpg
5113,19137,https://image.tmdb.org/t/p/w300/aw4jMLBfDU9NfFxb4GvbHrupQoS.jpg
5114,32499,https://image.tmdb.org/t/p/w300/ajAXzTiPkL7JxeCRw5lQBqrKNGx.jpg
5116,33668,https://image.tmdb.org/t/p/w300/5iKj0fkip6j67iwejogjTGmkLZd.jpg
5120,993,https://image.tmdb.org/t/p/w300/jAREYLUnYGwPjbQr0vs1s38QLkH.jpg
5121,11698,https://image.tmdb.org/t/p/w300/wDq9ytRxoVpICRcx1BvagmXhd4t.jpg
5127,10052,https://image.tmdb.org/t/p/w300/tafDYI10ZhorJ6nmsPqUfzQpRLn.jpg
5128,11979,https://image.tmdb.org/t/p/w300/4MMpvQYgOz8K6lzlIVMXWjLzUPC.jpg
5131,13791,https://image.tmdb.org/t/p/w300/6SnhJrYar2gedIdyIqlLwagBmCr.jpg
5134,9991,https://image.tmdb.org/t/p/w300/ripTQsmWQJyccK6zB1dajSY3olv.jpg
5135,480,https://image.tmdb.org/t/p/w300/vCwkv7tYFem0tQ9Duoq2MX7T7Zd.jpg
5136,44340,https://image.tmdb.org/t/p/w300/cPtteHPYzO0ZBgr94Bx0a87zmzy.jpg
5137,18984,https://image.tmdb.org/t/p/w300/vXVou6iXTfxS8gbmQj8xNPcKefV.jpg
5139,23479,https://image.tmdb.org/t/p/w300/kJNXMni0ObOXLth6v9xpUhWbtrp.jpg
5146,15999,https://image.tmdb.org/t/p/w300/9ipbQRgOq6Ilxpwagfa98ikgR9v.jpg
5147,614,https://image.tmdb.org/t/p/w300/iyTD2QnySNMPUPE3IedZQipSWfz.jpg
5151,2752,https://image.tmdb.org/t/p/w300/pQTZX4gOEEkkMVFIRWtIrCpozeu.jpg
5152,10590,https://image.tmdb.org/t/p/w300/q2LeLzw4q9HTelkKx29dyTMf5zK.jpg
5155,22910,https://image.tmdb.org/t/p/w300/1lO5o4si8JPPFi7XAGlFH5az4Yp.jpg
5156,42517,https://image.tmdb.org/t/p/w300/yVze9LOqMkCg0RfYmFJwk5MgLm2.jpg
5159,13225,https://image.tmdb.org/t/p/w300/Z4XMgqIY6yT6QpoBISIlHzh8ol.jpg
5165,7219,https://image.tmdb.org/t/p/w300/jc17a3PqDnQeBzT7GbK0dp8TDvx.jpg
5168,18646,https://image.tmdb.org/t/p/w300/5hOyBgsmSApFl10ZfaYxUTQu5Ze.jpg
5170,13950,https://image.tmdb.org/t/p/w300/sO7IpJHjZBGLevi8Ozj9EsAUw5h.jpg
5171,2135,https://image.tmdb.org/t/p/w300/iYayQahkghlbAsfOQX8b5eBzGVy.jpg
5177,965,https://image.tmdb.org/t/p/w300/g5EosvM0delNPkgBDGYYZvJl46n.jpg
5178,33135,https://image.tmdb.org/t/p/w300/aUjxc8vFItbrBLPgYh0NPNOfCfv.jpg
5181,54287,https://image.tmdb.org/t/p/w300/kORjGwOggAmJb0r5l8xoapXiBTW.jpg
5187,32030,https://image.tmdb.org/t/p/w300/7ZTasNoTehrypra0X97zh8Amk3.jpg
5189,29343,https://image.tmdb.org/t/p/w300/jVqNWDvTIwjcHsMyNSUT0sfGrq9.jpg
5197,27458,https://image.tmdb.org/t/p/w300/mMRPB4IvMw7c3zIHIEfaOGv0V5h.jpg
5198,14807,https://image.tmdb.org/t/p/w300/pXS667me5Jfoj1b0xuxgjEMKunF.jpg
5202,39543,https://image.tmdb.org/t/p/w300/e9gbeslzPIav8ELEPRrKB1EzonF.jpg
5205,30924,https://image.tmdb.org/t/p/w300/sb63i9ZDqin0Mh37B5sLiZSQY6A.jpg
5212,24825,https://image.tmdb.org/t/p/w300/CHZCoIruTfZ3ssN5tY7EG7UDvY.jpg
5213,38147,https://image.tmdb.org/t/p/w300/9gH1Ip7zxdgNg6M8EID8oS5oiTM.jpg
5214,24032,https://image.tmdb.org/t/p/w300/9QrIWpKS24thkL0g4HrRYAznFDV.jpg
5218,425,https://image.tmdb.org/t/p/w300/gLhHHZUzeseRXShoDyC4VqLgsNv.jpg
5219,1576,https://image.tmdb.org/t/p/w300/1UKNef590A0ZaMnxsscIcWuK1Em.jpg
5220,5851,https://image.tmdb.org/t/p/w300/8sIooUxXZo2blCVuAYbL2wkdUfD.jpg
5221,25014,https://image.tmdb.org/t/p/w300/3L560a4NGBelJyRyutk41lzChCx.jpg
5222,15647,https://image.tmdb.org/t/p/w300/8b2g8QZRLTJMYyzc3HirTSRQpLW.jpg
5224,38880,https://image.tmdb.org/t/p/w300/yWjOPkUjgOpSaBJu1eAJiXmM16s.jpg
5225,1391,https://image.tmdb.org/t/p/w300/aj3rqjab8jfc2fWmcS3H3c5qbur.jpg
5226,18172,https://image.tmdb.org/t/p/w300/y8OSutSNEi84ROcqyV7Tu7p8xYg.jpg
5231,31805,https://image.tmdb.org/t/p/w300/nECM25OC4iJHV1AHPa4CHnzYgyk.jpg
5237,10627,https://image.tmdb.org/t/p/w300/m6w9QiuYQSBle3jygH9oV5JC8sP.jpg
5238,42750,https://image.tmdb.org/t/p/w300/bBo5W9RcFZepBDU6NZL0z8ycNyt.jpg
5239,27930,https://image.tmdb.org/t/p/w300/46tzKLP9Huzjf1L09qEEdvNAdx0.jpg
5240,259557,https://image.tmdb.org/t/p/w300/qhh9xwqEobhIer1hEFzhwPklYVj.jpg
5241,28124,https://image.tmdb.org/t/p/w300/mT6l2TO3kbeG7olZV5Zmd8MqSh8.jpg
5244,15119,https://image.tmdb.org/t/p/w300/t376p5q8zvhyQ2FOroytJsRvlL8.jpg
5246,12705,https://image.tmdb.org/t/p/w300/cYNZM1xdhOH6NybMcX9E1LPOl3l.jpg
5247,11006,https://image.tmdb.org/t/p/w300/w4RqNZtVHB5Uzlnl6zQlMHft7QI.jpg
5248,15120,https://image.tmdb.org/t/p/w300/ec6qP3Mn2u2XUqHnkxoZYbM33iF.jpg
5250,21629,https://image.tmdb.org/t/p/w300/ehCdQewg9SxjhnimJrKwNKbr80C.jpg
5254,36586,https://image.tmdb.org/t/p/w300/yDHwo3eWcMiy5LnnEnlGV9iLu9k.jpg
5255,6020,https://image.tmdb.org/t/p/w300/yBhRjKi16T9R3GJepPwS6ARViBi.jpg
5256,39541,https://image.tmdb.org/t/p/w300/marKnaLfvEnQ1DK3U2SLKYRGVdh.jpg
5258,18292,https://image.tmdb.org/t/p/w300/g9nZi8u5LqSrVKEpSm199EM4hk5.jpg
5264,15028,https://image.tmdb.org/t/p/w300/6XZJ58gStdLZV8uJyTRcA5bGNyi.jpg
5265,9275,https://image.tmdb.org/t/p/w300/wrwwuNLITsA5N5cVnA3ftvHFqHj.jpg
5266,4547,https://image.tmdb.org/t/p/w300/hANYbvfwxmkC9E4yY6YyJxYxlSJ.jpg
5267,14635,https://image.tmdb.org/t/p/w300/gNmLsseIs6thkBKne91iQZDGyBT.jpg
5268,29135,https://image.tmdb.org/t/p/w300/2RYZU5QTXISHqRKuTKMVTdpg9f5.jpg
5269,1791,https://image.tmdb.org/t/p/w300/gNHKYQnP1RnqEhkivHJzBPb4MOP.jpg
5272,35651,https://image.tmdb.org/t/p/w300/t3BBQPRKszYbSRIOSjQcVZIVp26.jpg
5275,22784,https://image.tmdb.org/t/p/w300/gF5VslUB2xpWbboc735VVnO7DXh.jpg
5278,24585,https://image.tmdb.org/t/p/w300/sHglZYlTpIFqORB5TzTA3ACNdhn.jpg
5279,17990,https://image.tmdb.org/t/p/w300/np3Ogsy0JMsQ7HaLI2fHvA76e8A.jpg
5282,11560,https://image.tmdb.org/t/p/w300/hywuHoNTiDXp0M32LUa228EQ2br.jpg
5283,11452,https://image.tmdb.org/t/p/w300/4IvM4qnzlo62oLmS54FtyRt54ze.jpg
5284,18435,https://image.tmdb.org/t/p/w300/1ZEWDLOhlOymdcitI31kwulUJ6G.jpg
5285,35944,https://image.tmdb.org/t/p/w300/63JHVXD2bkPBdIFgprqXKu3k8bw.jpg
5288,26851,https://image.tmdb.org/t/p/w300/9kTkv6o25fuWVSRu1AgOsF0cwz.jpg
5291,548,https://image.tmdb.org/t/p/w300/vL7Xw04nFMHwnvXRFCmYYAzMUvY.jpg
5292,11590,https://image.tmdb.org/t/p/w300/k5dvEA7ajd90mf3KrF6m6LnYXOv.jpg
5293,1537,https://image.tmdb.org/t/p/w300/8wh9WzTKo5pJw3EgHYWA60W7Kbl.jpg
5294,12149,https://image.tmdb.org/t/p/w300/jid7dyfHa6ApZSTweC3T3nllWjh.jpg
5296,11812,https://image.tmdb.org/t/p/w300/qLysz4B5YmiDq52Op0zq4eD75LC.jpg
5297,35080,https://image.tmdb.org/t/p/w300/zEVZa9EuApL5AQl2mE9NNAeCUix.jpg
5298,441,https://image.tmdb.org/t/p/w300/eyEgsPIwsr9bUV9n9INH46L5KuM.jpg
5299,8346,https://image.tmdb.org/t/p/w300/ztc05ym0T3stnBpRHdxEs3Zwsmp.jpg
5300,14168,https://image.tmdb.org/t/p/w300/emYeJVZrpl2WfndJlhbls1e7lzQ.jpg
5303,2565,https://image.tmdb.org/t/p/w300/fwjMUuDZUxedfsUpVQKQN8cYfzB.jpg
5304,307,https://image.tmdb.org/t/p/w300/ijGV4v8JxgbNzgEhqKdzHdaZn8a.jpg
5307,6393,https://image.tmdb.org/t/p/w300/q3yEyOqJ5e3vAjK70qTnBMnmgYy.jpg
5308,12154,https://image.tmdb.org/t/p/w300/oYetboAljWR2N5A7MU3i63DvUtd.jpg
5309,11630,https://image.tmdb.org/t/p/w300/4VWWEnhX0zddRKwZWGtIdDcV5U7.jpg
5311,21970,https://image.tmdb.org/t/p/w300/eamuIAxT8SOZ4vmGINLS83z2PYw.jpg
5312,11892,https://image.tmdb.org/t/p/w300/plH3TujSUVttiIikToKfwdCorJI.jpg
5313,9334,https://image.tmdb.org/t/p/w300/aITIsX20tACn6jgtyDcCYpRT216.jpg
5316,10491,https://image.tmdb.org/t/p/w300/7gBFkDYBqvSzrPOWlpGTXRp97NQ.jpg
5319,18079,https://image.tmdb.org/t/p/w300/u2L4Foderu7SCPci5c3jsUfEJPP.jpg
5321,35337,https://image.tmdb.org/t/p/w300/mLgC2GDegvwIucpQpn6rDR3ltiv.jpg
5322,59199,https://image.tmdb.org/t/p/w300/24d6LPAYXhudU8HAlxohPaVPRuL.jpg
5323,11470,https://image.tmdb.org/t/p/w300/ggOND0hfoE0f3K857joSzEeIchb.jpg
5324,16643,https://image.tmdb.org/t/p/w300/b9lUSfCjv8jjNRSsmk65HEV1Pv3.jpg
5325,1282,https://image.tmdb.org/t/p/w300/eb02dpopuAhuThf7nXAAwKtAF88.jpg
5328,69324,https://image.tmdb.org/t/p/w300/56TiWd7pdzYuFzObofLbKhFff7T.jpg
5329,11468,https://image.tmdb.org/t/p/w300/i3InMSlLUNBEdQTKazMdyVP1ryX.jpg
5333,26030,https://image.tmdb.org/t/p/w300/3CIfIDtD1I1rYY3ooaya8iZHlD8.jpg
5334,10164,https://image.tmdb.org/t/p/w300/fRwrbKVyFEZEPFmeTDea5PlUO77.jpg
5337,28117,https://image.tmdb.org/t/p/w300/Irafvzuw1lkJfBrsPv7ahYOPq9.jpg
5338,40555,https://image.tmdb.org/t/p/w300/3QsmmSgBvfK83j6EDtJZjBcsC5h.jpg
5339,28384,https://image.tmdb.org/t/p/w300/mb6Hmns0PP2Me9TYpLE9M3GHt7v.jpg
5341,27094,https://image.tmdb.org/t/p/w300/Avhk4pGdz3YQrzqLU65icjnE6vn.jpg
5345,56179,https://image.tmdb.org/t/p/w300/dxaSARmpCiFOCaxwGvjYAXMYPE4.jpg
5346,5203,https://image.tmdb.org/t/p/w300/6UfS8J9Ixn0BAv1aeuAFWom5YEk.jpg
5347,13201,https://image.tmdb.org/t/p/w300/nyr9WT4mLYZHFRINuyWCQExV9ku.jpg
5348,9689,https://image.tmdb.org/t/p/w300/aDRbdtNoTRoYnIpH3g1icGeHGBh.jpg
5349,557,https://image.tmdb.org/t/p/w300/kjdJntyBeEvqm9w97QGBdxPptzj.jpg
5353,55106,https://image.tmdb.org/t/p/w300/qCBy94qp7D6tGspX3M0ZbkGPQ1g.jpg
5356,39154,https://image.tmdb.org/t/p/w300/jUaJOZlnrmSRTny7ProiupczO42.jpg
5357,24767,https://image.tmdb.org/t/p/w300/vYsSu7DdgU4yqbekTvAevrv6dSP.jpg
5358,33796,https://image.tmdb.org/t/p/w300/4xjKTherAouW0LQy9O6neBUPYqk.jpg
5361,12227,https://image.tmdb.org/t/p/w300/27wg0rVZW8hX7nWeHCwTf9DygGc.jpg
5363,10985,https://image.tmdb.org/t/p/w300/aekXSzkn3zry6aummMl7AU4rSa8.jpg
5364,2251,https://image.tmdb.org/t/p/w300/bjiHEhuiwhIygzjczbTPAA07cGc.jpg
5365,2894,https://image.tmdb.org/t/p/w300/wKKrgVngsgJPVVKuh3GjWugQPbK.jpg
5372,14117,https://image.tmdb.org/t/p/w300/bYeTi8t6Gtbck861Pm9XtE3BdpS.jpg
5373,38360,https://image.tmdb.org/t/p/w300/foXYOdXEJ0rvtTDo4LLnsUnvPLB.jpg
5375,28907,https://image.tmdb.org/t/p/w300/qGta8SzLwRTFsmsWtlS8d7pFKt6.jpg
5377,245,https://image.tmdb.org/t/p/w300/qoZ1bD0q9EFqcNiEYbEigsRcNCt.jpg
5378,1894,https://image.tmdb.org/t/p/w300/oZNPzxqM2s5DyVWab09NTQScDQt.jpg
5379,4012,https://image.tmdb.org/t/p/w300/doe1zmrCRCSRkC3EdalFiUZhMxn.jpg
5380,9026,https://image.tmdb.org/t/p/w300/87r4e4pL4STfpdjtqNZxlyjvcMd.jpg
5382,15417,https://image.tmdb.org/t/p/w300/vcSfAskDGCgInfJAXwLLORPQLAO.jpg
5384,28577,https://image.tmdb.org/t/p/w300/hufXkmILGy34VXEdQC69etY8Rt4.jpg
5385,13963,https://image.tmdb.org/t/p/w300/2K7CFH0AIHnGrA4yQjPCoIB5CmQ.jpg
5387,1957,https://image.tmdb.org/t/p/w300/yAfXnB6B69iM8KiWwzGulCXF4Mo.jpg
5388,320,https://image.tmdb.org/t/p/w300/riVXh3EimGO0y5dgQxEWPRy5Itg.jpg
5389,9023,https://image.tmdb.org/t/p/w300/cUgYrz4twiJ3QgVGpRfey984NIB.jpg
5390,27834,https://image.tmdb.org/t/p/w300/aFAPOT77Jh7lNWYtojC6nxi4CpJ.jpg
5391,17734,https://image.tmdb.org/t/p/w300/mb3mEfzAudrPpQIxRzpLM12aiMV.jpg
5397,24008,https://image.tmdb.org/t/p/w300/2IVEO2NwhL6Qp5KPbzcXzK8Wh4R.jpg
5398,53229,https://image.tmdb.org/t/p/w300/qUKTcUhIeFZO0ZGvjja5bx1rsMu.jpg
5400,4614,https://image.tmdb.org/t/p/w300/3E4LW4bjRhEMDeeXeIsmkJ94v8K.jpg
5401,12277,https://image.tmdb.org/t/p/w300/vkPm29sqtEjoekOhXbqxTcgpJ4y.jpg
5404,15677,https://image.tmdb.org/t/p/w300/sbImaHsRP9TpCNIi4xMizaphZhk.jpg
5409,13153,https://image.tmdb.org/t/p/w300/sjZ3eS5Cvi7aS6nf4qwcTL2NS6P.jpg
5410,811,https://image.tmdb.org/t/p/w300/ahasZ5HILZHtlrl6cbXgpfk0y8H.jpg
5414,3132,https://image.tmdb.org/t/p/w300/umu141mcfIEhRLgyQp7TWlGJFW.jpg
5415,9583,https://image.tmdb.org/t/p/w300/hI05FJ8wgPROHQgLtfJ4ZuH3l4b.jpg
5416,18408,https://image.tmdb.org/t/p/w300/hTNAKGnqi8v4FRPEjm9Wl5S5yMz.jpg
5417,13245,https://image.tmdb.org/t/p/w300/jSGiFOTwosoiAAXLTLHtzMUCVUN.jpg
5418,2501,https://image.tmdb.org/t/p/w300/aP8swke3gmowbkfZ6lmNidu0y9p.jpg
5419,9637,https://image.tmdb.org/t/p/w300/mTAiBJGg8mqEfnYHHbi37ZoRSZm.jpg
5420,12100,https://image.tmdb.org/t/p/w300/547q4HXlvEcS06lujfb2yzsTP3H.jpg
5421,16857,https://image.tmdb.org/t/p/w300/4uTWXZ2Rvizl3ycMHtODfRjks4W.jpg
5422,52258,https://image.tmdb.org/t/p/w300/iTonTn91U4X1px7KXAHTFnIA4ud.jpg
5423,10394,https://image.tmdb.org/t/p/w300/t8eUSsD2reaIR9qmklU7O2GCVn4.jpg
5424,27451,https://image.tmdb.org/t/p/w300/vxZG1UXh8gA3nYmrPNUWCHGGBFn.jpg
5425,15813,https://image.tmdb.org/t/p/w300/9vu152xTO89l9UWDcqmE9zVD5xK.jpg
5427,18905,https://image.tmdb.org/t/p/w300/cfZfl3wxO8QxHKJsiWUHZg1D62B.jpg
5428,14774,https://image.tmdb.org/t/p/w300/vB186e2eiUaKLVlZwvKv4dIJ9GS.jpg
5433,17898,https://image.tmdb.org/t/p/w300/52CvWYuJyWcMTPvsfcmsxaVHi7f.jpg
5434,21635,https://image.tmdb.org/t/p/w300/A39p8fEvucMFQXFmjp5Z8WepdsQ.jpg
5435,27945,https://image.tmdb.org/t/p/w300/puqgDLxdIZSnodDJ6Q0KxofOebo.jpg
5437,30194,https://image.tmdb.org/t/p/w300/65RDHC5fLwuvQG1LmKRoQugBqLl.jpg
5438,10169,https://image.tmdb.org/t/p/w300/6bd0rOeZtTmVJObOAXHXBMurvyt.jpg
5440,13909,https://image.tmdb.org/t/p/w300/2IXtuwkTVcDsaa09AiQnlkfxe7I.jpg
5442,41805,https://image.tmdb.org/t/p/w300/w0ykwLLDB8v1wT50wDpYaPnyac7.jpg
5443,35696,https://image.tmdb.org/t/p/w300/1m5sbTbifesBhCrkE0gJncwMGXw.jpg
5444,11544,https://image.tmdb.org/t/p/w300/cFuLvQJPoZpuruAtN3rVnMmLIH8.jpg
5445,180,https://image.tmdb.org/t/p/w300/ccqpHq5tk5W4ymbSbuoy4uYOxFI.jpg
5446,9555,https://image.tmdb.org/t/p/w300/vs8ATIRGEEYpcByrNtJ1WyI3LeD.jpg
5447,57022,https://image.tmdb.org/t/p/w300/8OsgdG53vzF5uC8pCE61SA1tiNF.jpg
5448,17710,https://image.tmdb.org/t/p/w300/etxcq4qiFNi5p0q71APw8MNzPPT.jpg
5449,2022,https://image.tmdb.org/t/p/w300/7gGk3pkpRsNlJ4PrJgEfgY9PG43.jpg
5450,50035,https://image.tmdb.org/t/p/w300/4HZ7Y7N4KHapO5ylOY8BePQYC5X.jpg
5451,9719,https://image.tmdb.org/t/p/w300/25qW6cO2zqYBpqTw8BBIhBIUpl4.jpg
5452,11982,https://image.tmdb.org/t/p/w300/73JahFiizkMVsrrslXInmNK54nC.jpg
5454,12251,https://image.tmdb.org/t/p/w300/tLbKMopp46m5i3hukmFkQdCzfDR.jpg
5455,88818,https://image.tmdb.org/t/p/w300/vtxTzSrjCDH7Ray4RK8FPUrrlSy.jpg
5456,30114,https://image.tmdb.org/t/p/w300/xRYheMiWnjdvUFuXmb1IzjbO9kz.jpg
5458,21972,https://image.tmdb.org/t/p/w300/9HSaQmu1QwzvUE7R97RGoDqjTv5.jpg
5459,608,https://image.tmdb.org/t/p/w300/enA22EPyzc2WQ1VVyY7zxresQQr.jpg
5460,59387,https://image.tmdb.org/t/p/w300/yAFalW8UtdJg1z1gPjXx8C1sXZq.jpg
5461,26290,https://image.tmdb.org/t/p/w300/424IEKHWFSH9TNBzNLcwCVzjpDs.jpg
5462,17043,https://image.tmdb.org/t/p/w300/8JyI97jCN1BIzdTjWfIxV4GKlyw.jpg
5463,6278,https://image.tmdb.org/t/p/w300/vZVXCj3jXzIPJUHLaQohzt2uTM3.jpg
5464,4147,https://image.tmdb.org/t/p/w300/loSpBeirRfTPJ3cMIqpQArstGhh.jpg
5465,16664,https://image.tmdb.org/t/p/w300/pLBNmJUH9JYRCRsh349PJ22WpkS.jpg
5466,14651,https://image.tmdb.org/t/p/w300/1PdxR0RXVKs7PVzaTpxnBJV3Ijv.jpg
5468,15096,https://image.tmdb.org/t/p/w300/wozerDO9kpVBN63sq3wiM5zYmSo.jpg
5470,20324,https://image.tmdb.org/t/p/w300/ahHp1nOjLTWBdLCofxjLYMVqqgs.jpg
5471,49370,https://image.tmdb.org/t/p/w300/tb1jZGi23w2pIittaBBdaN6CGRI.jpg
5472,14902,https://image.tmdb.org/t/p/w300/o50REDExdajGxTWczsmC3qcawGr.jpg
5475,2721,https://image.tmdb.org/t/p/w300/dFAJyFNgvOv24f2RQyI9KDxjGr3.jpg
5476,11442,https://image.tmdb.org/t/p/w300/1mlKwbNzJCGzqe4i0ZEJtUUL290.jpg
5477,1364,https://image.tmdb.org/t/p/w300/gvErAg9bv7xOO3B40gottv6Bqip.jpg
5478,8869,https://image.tmdb.org/t/p/w300/5blAumPPS6vX6zcUlt9oIhOEheK.jpg
5479,8665,https://image.tmdb.org/t/p/w300/vImR0HQkJs7Xs2qgdXEUDeX49m0.jpg
5480,10996,https://image.tmdb.org/t/p/w300/hjfeMLWqJY44mqqJKZSa6jx4Y1j.jpg
5481,818,https://image.tmdb.org/t/p/w300/n8V61f1v7idya4WJzGEJNoIp9iL.jpg
5483,29047,https://image.tmdb.org/t/p/w300/wQd4tf308KGwbUZeoDLPxgYqhiv.jpg
5485,39141,https://image.tmdb.org/t/p/w300/r7wCSE5Hj82GHywm2evC1ERmK0E.jpg
5486,33152,https://image.tmdb.org/t/p/w300/udHRTgyZa1Fh2ryrUbInDviJl6T.jpg
5489,6404,https://image.tmdb.org/t/p/w300/jHKzGYwf7P34vz8MhJBTN6cnaYD.jpg
5490,19133,https://image.tmdb.org/t/p/w300/rcwW5YBEGvWPx8NBN5PxdvoYc0F.jpg
5493,24130,https://image.tmdb.org/t/p/w300/fnZyHB7SdfZSlQJmw6PVhzsebIr.jpg
5497,23728,https://image.tmdb.org/t/p/w300/rd2jKIqFfJ8LgZEaBpAvLL44G10.jpg
5498,3780,https://image.tmdb.org/t/p/w300/iYNH3Re0JSypoYaWvZtERUnNaJL.jpg
5499,10786,https://image.tmdb.org/t/p/w300/y2UlVt6U8mFeegVL42rZjD5y6c7.jpg
5500,8764,https://image.tmdb.org/t/p/w300/hRTbfR27xghnVMs3ZJ3EhK3zzud.jpg
5501,13908,https://image.tmdb.org/t/p/w300/JFKuKJeHHFFVb0ubpkPIXmkIOg.jpg
5502,2675,https://image.tmdb.org/t/p/w300/YtrIdrTxpRhvCnlw43dwOjfLqx.jpg
5503,12308,https://image.tmdb.org/t/p/w300/mPrhgVQfvopYaZVCowf4Tqm4UPC.jpg
5504,9488,https://image.tmdb.org/t/p/w300/z8pfWCk6SlxxDLXXQdUHdxF5dwJ.jpg
5505,9962,https://image.tmdb.org/t/p/w300/jpRumFobwgPzxj5YH33Wswnxdam.jpg
5506,9573,https://image.tmdb.org/t/p/w300/A6wWJkIREagRWFNu3YotID3n9aW.jpg
5507,7451,https://image.tmdb.org/t/p/w300/xeEw3eLeSFmJgXZzmF2Efww0q3s.jpg
5508,2750,https://image.tmdb.org/t/p/w300/8f50NQ1wz6hdxfCISCPV8XQ6DII.jpg
5512,43772,https://image.tmdb.org/t/p/w300/nirVNVYtwxG3wkH7klpEYDq0Gvb.jpg
5513,20337,https://image.tmdb.org/t/p/w300/fRpS1sr1GFPgQobsXoNm5lxatcy.jpg
5515,34070,https://image.tmdb.org/t/p/w300/xMZieoxiQ1hb5zraZlhzcvU7MGN.jpg
5521,10081,https://image.tmdb.org/t/p/w300/kwwDruwoHwNMY6tV7KOdVGcEusT.jpg
5522,11484,https://image.tmdb.org/t/p/w300/cmcipEfexlhVLYQXqeSWp1YcsPY.jpg
5523,11692,https://image.tmdb.org/t/p/w300/96vvhLWWDosS1zRrfQ6XEGAzByL.jpg
5524,9266,https://image.tmdb.org/t/p/w300/iZSw0JVG0cIFuZoTHuQU3nmGT4k.jpg
5525,3640,https://image.tmdb.org/t/p/w300/gnmIUzqZ8YW5i0QolN5P2dsiRT0.jpg
5527,30072,https://image.tmdb.org/t/p/w300/12z5oCy4s3GBOUrNCWvcKYBK4eI.jpg
5528,9357,https://image.tmdb.org/t/p/w300/fuSIN3Nq6dmaA8LZSkASpQueFO1.jpg
5529,12771,https://image.tmdb.org/t/p/w300/zi8uGxsyhxo0Uzg09ImxLzBDSK3.jpg
5530,9296,https://image.tmdb.org/t/p/w300/mdHEOCSGPvwa9pYiV1ZDZ1ihj42.jpg
5531,15070,https://image.tmdb.org/t/p/w300/q8smM97IBBEWmkaUCmkPqysh7k7.jpg
5532,26942,https://image.tmdb.org/t/p/w300/hsqw2fdGb13VryEo7kKMr1F3GJz.jpg
5537,97447,https://image.tmdb.org/t/p/w300/xtg4Ms8oeot4hScuYbAGJfAQSle.jpg
5538,11243,https://image.tmdb.org/t/p/w300/hInHHG8oiKLLXPtO87aUZ9txX4q.jpg
5539,19975,https://image.tmdb.org/t/p/w300/tFUCGJnLy1Idj8JKMQAsvZpL5a.jpg
5540,10323,https://image.tmdb.org/t/p/w300/5JCLODNLJH6alc3KmyoiC21Nlob.jpg
5541,9595,https://image.tmdb.org/t/p/w300/koLIB5263emHxewmwgBBK26vjeS.jpg
5543,46878,https://image.tmdb.org/t/p/w300/pO5qEEpjxdQ40ScLcFOowyziNiT.jpg
5544,24750,https://image.tmdb.org/t/p/w300/A4SXZxQempzTUReRlQiFaYc6KaC.jpg
5548,9941,https://image.tmdb.org/t/p/w300/5bfbUsKcJD4HHFmlTcpHBI2wR2k.jpg
5550,39833,https://image.tmdb.org/t/p/w300/4PdRIIrBN4q8H7f8yGbd0ScpTjh.jpg
5553,10859,https://image.tmdb.org/t/p/w300/mxHqKry4Tn1jYg1lC5o0ObVILZO.jpg
5556,9544,https://image.tmdb.org/t/p/w300/phcd5AJvA1S45JMKYoNLhTzFwsE.jpg
5560,31514,https://image.tmdb.org/t/p/w300/z6XdIxE1CRqSgfOJxX1nGik6CGm.jpg
5562,26056,https://image.tmdb.org/t/p/w300/rkBTfdMulRHcT3fg6Vd0o2623Kc.jpg
5563,13536,https://image.tmdb.org/t/p/w300/vpjKtnE5SGTfmdw4YtJsnrfFJs0.jpg
5564,20616,https://image.tmdb.org/t/p/w300/sHSRRxzBeUtxMosSqpCcBiGnPYI.jpg
5568,16806,https://image.tmdb.org/t/p/w300/1cvCWlLDt9cIWN3ZUI6UKgV210x.jpg
5569,15516,https://image.tmdb.org/t/p/w300/qyTqXz1C7kPgWmxcD5otQ7xlrJP.jpg
5570,9299,https://image.tmdb.org/t/p/w300/dPyONW7fyb3iQ5s4WieNaHSX2id.jpg
5572,10611,https://image.tmdb.org/t/p/w300/up8cEgEsl2Dq5Djb9lMZYBK0s84.jpg
5573,12770,https://image.tmdb.org/t/p/w300/iCHAn0eVAXwybuzoQO598aKMVJD.jpg
5574,4108,https://image.tmdb.org/t/p/w300/dncJ81z1BahrT3ogLvlxOUC5n4u.jpg
5575,55903,https://image.tmdb.org/t/p/w300/ebo9Tgo8IYMmV7evHKEPXeKa7PQ.jpg
5577,9685,https://image.tmdb.org/t/p/w300/f53JBgzYESamcYT3LkUeeoSXPgi.jpg
5580,16370,https://image.tmdb.org/t/p/w300/kbXb9XvMZW6GmLJoFf7gkoLBvUR.jpg
5581,18913,https://image.tmdb.org/t/p/w300/qV2J2Fprk73ivclpL6JXPsBaCA5.jpg
5582,14361,https://image.tmdb.org/t/p/w300/otnKFXvqFH2swlrNf2sNiXpnIsR.jpg
5584,18943,https://image.tmdb.org/t/p/w300/w1k8SgODFQOk9wHjX4mi8QdkYAO.jpg
5585,32685,https://image.tmdb.org/t/p/w300/qnMtX8eKFFrJVEPZijFZqzDbckK.jpg
5588,12262,https://image.tmdb.org/t/p/w300/1G2DBIEkoS0JdCiOFIeR3mD8ROE.jpg
5589,33506,https://image.tmdb.org/t/p/w300/A1gUvZbQ25wsnj7HD8bDwTxOSWy.jpg
5590,29515,https://image.tmdb.org/t/p/w300/xcS9bxWGFzC3cA7qAOjcIjKajSf.jpg
5591,41582,https://image.tmdb.org/t/p/w300/XnEXrR8SKWQmmvjtjRoAXROEj.jpg
5596,34086,https://image.tmdb.org/t/p/w300/vchyoV7mnaUd46meVO81yolXH2D.jpg
5597,11504,https://image.tmdb.org/t/p/w300/wE8WUFEfkZnNDLMpWNmyiJr8E7y.jpg
5601,19049,https://image.tmdb.org/t/p/w300/4N8oYLpY82ev7waXz7zwu7Ph1o1.jpg
5602,5506,https://image.tmdb.org/t/p/w300/9LJ6ZV59Q92LAJAbmb7xm9dUBGU.jpg
5603,32961,https://image.tmdb.org/t/p/w300/u4mZyim3CwXHu0zVhXjfK8fqoN7.jpg
5604,32568,https://image.tmdb.org/t/p/w300/laTLoNZB7Ar3ZDoQmspBDVa5mbC.jpg
5607,19460,https://image.tmdb.org/t/p/w300/zXInKuQ8FW18Ko8CtY9V30qhz1P.jpg
5608,575,https://image.tmdb.org/t/p/w300/mfxXel8k2UWkgJ4MIsvVBsqnvFp.jpg
5609,10550,https://image.tmdb.org/t/p/w300/7Jcb486hN7hQRZTsb0RybFGeDOQ.jpg
5610,9034,https://image.tmdb.org/t/p/w300/pQ7XoEqroHcCQVKP9Xo8JpujuHU.jpg
5611,9093,https://image.tmdb.org/t/p/w300/bfmpeRr9LTXzBC2dpC89FE5uavK.jpg
5612,9039,https://image.tmdb.org/t/p/w300/4sujD0KP5O90TXAWrTjqDPBTnfQ.jpg
5613,1958,https://image.tmdb.org/t/p/w300/bJu4Gm7NQb2woPiIovrPD5jNWzf.jpg
5614,23550,https://image.tmdb.org/t/p/w300/wJ2UV6OpenRBb5l0GQ0eCSatFcJ.jpg
5615,68569,https://image.tmdb.org/t/p/w300/vvNDQO2izNk6ytDxFtTr1BP5CxL.jpg
5617,11013,https://image.tmdb.org/t/p/w300/mdRXSE7ho185SZlXj0JSwuecEd3.jpg
5618,129,https://image.tmdb.org/t/p/w300/39wmItIWsg5sZMyRUHLkWBcuVCM.jpg
5619,54714,https://image.tmdb.org/t/p/w300/hTzpmKT6w14A33L4ZQElLaZxPvM.jpg
5620,11529,https://image.tmdb.org/t/p/w300/698cbxq0SRwCdOPG5Bwi7JDk12d.jpg
5621,10771,https://image.tmdb.org/t/p/w300/lTMnOx7E2zEzIGY0og1KkfgYMhY.jpg
5625,31005,https://image.tmdb.org/t/p/w300/jKDnCPUkL4QsgeqKCtyNMPL2XUU.jpg
5628,2110,https://image.tmdb.org/t/p/w300/uo3MBDwn3o32GJzFyClm7r1ierb.jpg
5629,15173,https://image.tmdb.org/t/p/w300/xJ6ImpQIqZxBh4eE2813ljQ0TQ3.jpg
5630,9533,https://image.tmdb.org/t/p/w300/ou9ZKA2cms02b7CdCdVqGkKu0O0.jpg
5632,4107,https://image.tmdb.org/t/p/w300/oqdQMDJucR7R0ol0LFvzmqcDyEb.jpg
5633,10575,https://image.tmdb.org/t/p/w300/xPdtOuGtcQt655uRrmIdBkSRmVx.jpg
5635,15720,https://image.tmdb.org/t/p/w300/mCUzyYDMHNdihZVTVH1g3KvTo8p.jpg
5636,9260,https://image.tmdb.org/t/p/w300/7XyvoOopwWwDCWOcItOQiAwm30b.jpg
5637,21828,https://image.tmdb.org/t/p/w300/a4WVST3uUSzxwKR5wlsiREVj50d.jpg
5638,1682,https://image.tmdb.org/t/p/w300/y49vvM03gpuyhpyMc1f55VrNkP3.jpg
5640,18983,https://image.tmdb.org/t/p/w300/19RDmhX6LtzMxv0KXXAU1IBIvvA.jpg
5643,24348,https://image.tmdb.org/t/p/w300/xh8Pvtq4dYry9B4uRT3VbmSI4Wi.jpg
5644,19140,https://image.tmdb.org/t/p/w300/tbSMm0IAa5WgTcyoeUn7AKAViVY.jpg
5646,37606,https://image.tmdb.org/t/p/w300/AuCnhQII6ZNgRDrr2N5KyDCnhnj.jpg
5649,11868,https://image.tmdb.org/t/p/w300/9UHOATvzXQWbElSGygOY1ar3vpp.jpg
5650,12921,https://image.tmdb.org/t/p/w300/rScplcvRHX7o7XK88SFb5mddo8y.jpg
5651,19953,https://image.tmdb.org/t/p/w300/j2xkRT5peEPQRocgtoUEpUtoin2.jpg
5657,12719,https://image.tmdb.org/t/p/w300/zHJbL26SdgeWbKFJVKNfEI4LJwS.jpg
5663,12590,https://image.tmdb.org/t/p/w300/4tsaLD98DcXh4ltOn9wEWhsUkSc.jpg
5664,37964,https://image.tmdb.org/t/p/w300/n9SnhQk29094VoLfyiYM4viyCrU.jpg
5665,7501,https://image.tmdb.org/t/p/w300/oYqsIxxIfJMRHiNEMLzgG81brkY.jpg
5666,1809,https://image.tmdb.org/t/p/w300/6OybelUmwUkDm7fbX1BI7OhpYeQ.jpg
5667,13768,https://image.tmdb.org/t/p/w300/9BXAC4uTHuD37hpiGOmhetqNgnO.jpg
5668,10994,https://image.tmdb.org/t/p/w300/pOdmhUaqvg4twAHqrhL5Onjgalb.jpg
5669,1430,https://image.tmdb.org/t/p/w300/4XsiTsZcNCRSkee1o0fdr5OqYRT.jpg
5670,19973,https://image.tmdb.org/t/p/w300/tktajWQ91P09zTV7HdefzeVw1UV.jpg
5672,12600,https://image.tmdb.org/t/p/w300/thz83PS9twtVBEEAM59J1bh75nU.jpg
5673,8051,https://image.tmdb.org/t/p/w300/htYp4yqFu4rzBEIa6j9jP8miDm3.jpg
5675,12779,https://image.tmdb.org/t/p/w300/rAa3nTeDpwgLX6XxnT3wR86C5WE.jpg
5678,1613,https://image.tmdb.org/t/p/w300/aYlrGirWrRCTU1PF6Svghn1EMAc.jpg
5679,565,https://image.tmdb.org/t/p/w300/AeRpUynJKDpJveklBJipOYrVxCS.jpg
5680,14112,https://image.tmdb.org/t/p/w300/71CQUn4vtpDQtAPXtaLP7IGH0Sg.jpg
5682,15192,https://image.tmdb.org/t/p/w300/8jRsWnpciWHRy0MC7K5eMDKKqPw.jpg
5684,21925,https://image.tmdb.org/t/p/w300/buDo6FcSlOVEQJomKB0IviNV0Do.jpg
5685,30309,https://image.tmdb.org/t/p/w300/ziemD3ATULYKt399FkO1ZhAwrOH.jpg
5688,20861,https://image.tmdb.org/t/p/w300/vn91Vcugfmi0CBzSm32eMBiaS02.jpg
5689,12647,https://image.tmdb.org/t/p/w300/zDC0bY6IvGIf1SrDipLZJxR0Z2d.jpg
5690,12477,https://image.tmdb.org/t/p/w300/k9tv1rXZbOhH7eiCk378x61kNQ1.jpg
5693,11009,https://image.tmdb.org/t/p/w300/ylA7E5Md21aqgzxbwa2dFxX8LKV.jpg
5694,10805,https://image.tmdb.org/t/p/w300/mFyTQt1HRlqr5SCEkuO4NoHM5B9.jpg
5696,17496,https://image.tmdb.org/t/p/w300/2uKWi1Hb6yqkmOixRgKVwrzxljA.jpg
5699,5917,https://image.tmdb.org/t/p/w300/2psanhsRyBxZOlg9zg9uE54M32w.jpg
5700,31278,https://image.tmdb.org/t/p/w300/1cmJeLWhqezudWa168KKy4REFbp.jpg
5704,44932,https://image.tmdb.org/t/p/w300/eqhArm9s5JV0cPmTVhWLJBJIBbC.jpg
5706,30709,https://image.tmdb.org/t/p/w300/qv0WuNiP93ahEEYDFwC5DcjJmOS.jpg
5707,19429,https://image.tmdb.org/t/p/w300/sEmQFj17MUEWyqU1xa6yQ0VW5CA.jpg
5710,11340,https://image.tmdb.org/t/p/w300/jMFM6rbvpglsazWkTBTbF9RUKXH.jpg
5712,11644,https://image.tmdb.org/t/p/w300/uFzMscVLDrTaYd6KXOXlr6dly7w.jpg
5720,6399,https://image.tmdb.org/t/p/w300/8fl6sXVv5fWMpDxFDab54qc71tv.jpg
5721,25773,https://image.tmdb.org/t/p/w300/wtw4jMMKz5CfB4H408XGAa87XHp.jpg
5723,26560,https://image.tmdb.org/t/p/w300/jwLFNA10RJBcQ4Fe0SoySkSFr0V.jpg
5733,31679,https://image.tmdb.org/t/p/w300/dxMbBWegmjtPfZNmw6HHJjgZkQt.jpg
5735,12237,https://image.tmdb.org/t/p/w300/fhHzqDrdHLqjawXLXoV3w4FDOUd.jpg
5736,15901,https://image.tmdb.org/t/p/w300/xsESeofFGmzpOdE74mBoN2kUxYK.jpg
5741,12579,https://image.tmdb.org/t/p/w300/nxBf3Y7Q9XVuKvUl0df8MW2IsQ7.jpg
5742,85058,https://image.tmdb.org/t/p/w300/8a4K7e83WoCTOwje4LEhTwtOu0a.jpg
5745,25113,https://image.tmdb.org/t/p/w300/lBbYcek6lm8xA41HjvwCSnvjVJm.jpg
5746,28893,https://image.tmdb.org/t/p/w300/429ot4ktpg6q7JR2ThaX9kthfLb.jpg
5747,11646,https://image.tmdb.org/t/p/w300/un7VCqTmjrq3u75mQ204a8tofD4.jpg
5749,24634,https://image.tmdb.org/t/p/w300/awnN2k2726xqzqsmd3YcSe6lSj0.jpg
5752,21764,https://image.tmdb.org/t/p/w300/vVOdKnervWwvxIeJzLCqQzQPs7o.jpg
5755,37936,https://image.tmdb.org/t/p/w300/8s8Z58Xah3VSe4kfKZFTUJTT33g.jpg
5764,21874,https://image.tmdb.org/t/p/w300/dQtdfoA0HKyI3YDHCngx6Rp8ePy.jpg
5767,31407,https://image.tmdb.org/t/p/w300/mvPR52hepNXBNBezFeLtEorbruo.jpg
5768,16471,https://image.tmdb.org/t/p/w300/aH21h3sMMN3r6d9I8VSBw28fW7V.jpg
5771,39874,https://image.tmdb.org/t/p/w300/kl3mewFceFtYIavvGts2atzB0e0.jpg
5772,25468,https://image.tmdb.org/t/p/w300/nJAn4vkJEX5G3Bsms8UElSTVLlL.jpg
5773,19507,https://image.tmdb.org/t/p/w300/eJ9AU7JY4lbda7EeXA0ONncV5Dm.jpg
5779,31646,https://image.tmdb.org/t/p/w300/rbcbLYbhc8ZmQmNHAt8E8knij88.jpg
5780,14269,https://image.tmdb.org/t/p/w300/14RfMqOe8eF17bUajPsy4HtRsVC.jpg
5782,1672,https://image.tmdb.org/t/p/w300/dhAZ8T0tTlTNw3D7Cn8wc87sk1w.jpg
5784,9645,https://image.tmdb.org/t/p/w300/qT9jhRnf67dmMNpX2FmNPMeuW57.jpg
5785,9012,https://image.tmdb.org/t/p/w300/9Rb659hvGfmef1xm0mMvDHEBqmf.jpg
5786,13098,https://image.tmdb.org/t/p/w300/8qAOp6uwWCG2KY6qxhxVxYLtNRb.jpg
5787,13440,https://image.tmdb.org/t/p/w300/kQ6SdbWStviMhTFt5tatjpGvRGV.jpg
5788,12454,https://image.tmdb.org/t/p/w300/5VRYeJ8DI3GkVzO7MUlug8v2BZO.jpg
5791,1360,https://image.tmdb.org/t/p/w300/a4hgR6aKoohB6MHni171jbi9BkU.jpg
5792,13441,https://image.tmdb.org/t/p/w300/koAdQdL3LUtho4nd1DWSubE7dU6.jpg
5796,12208,https://image.tmdb.org/t/p/w300/9wdw5H018bgIM8bK2HuDvh8BwOh.jpg
5797,11905,https://image.tmdb.org/t/p/w300/2g2YPws1MiEWTodUE8u3qOf78XS.jpg
5799,1941,https://image.tmdb.org/t/p/w300/1JXFJRztd43gCf4TAodNUwkfZoi.jpg
5801,31918,https://image.tmdb.org/t/p/w300/sgo7cQg6Zo0xuCgb8ckou0RX4Bj.jpg
5802,19662,https://image.tmdb.org/t/p/w300/4amE4cUpqH6TUm07UDOJMDz2xHw.jpg
5803,8427,https://image.tmdb.org/t/p/w300/hmjCMtkeqxruMVocq7iwMx899xi.jpg
5804,9021,https://image.tmdb.org/t/p/w300/2EAMkz0z1pbr9weOY1Y7buy2AxV.jpg
5809,9280,https://image.tmdb.org/t/p/w300/i2OgxmZVbIsJxaLiYMjCSewsLty.jpg
5810,65,https://image.tmdb.org/t/p/w300/7BmQj8qE1FLuLTf7Xjf9sdIHzoa.jpg
5812,10712,https://image.tmdb.org/t/p/w300/9gQuvFDRPLx39smUvyafm36tp0d.jpg
5816,672,https://image.tmdb.org/t/p/w300/sdEOH0992YZ0QSxgXNIGLq1ToUi.jpg
5817,16351,https://image.tmdb.org/t/p/w300/kQkn715VQYLIs2nddAUf19Bz5Wj.jpg
5818,542,https://image.tmdb.org/t/p/w300/wqwt2DKcQV6EeSwXuYTk7pkLFii.jpg
5820,30192,https://image.tmdb.org/t/p/w300/rsOTrPTRhBgw5eWAgJISBMiIg5m.jpg
5826,11617,https://image.tmdb.org/t/p/w300/zYoK2RkBCmyhIV6UUb6EZLqxmZq.jpg
5828,81530,https://image.tmdb.org/t/p/w300/36EyDOPw8tvGhvVqi3msNPDYSoY.jpg
5829,34341,https://image.tmdb.org/t/p/w300/qWWvljKlmYwf1XtlJ0vu0u66xpi.jpg
5833,11880,https://image.tmdb.org/t/p/w300/fYHUYWglzq8Ax0EaDWqg9emjL7T.jpg
5836,1377,https://image.tmdb.org/t/p/w300/nfaOBiZktPHOV0f3DTqTftgTo3B.jpg
5838,2528,https://image.tmdb.org/t/p/w300/cBJtWAgDTCqxNJJOZjnRSh5Vxa5.jpg
5839,12716,https://image.tmdb.org/t/p/w300/4zwgcaKqIJ5GB6kCPpyMLZuNyoi.jpg
5840,12717,https://image.tmdb.org/t/p/w300/hw8Ec4jFuxSNCMUZiUpBKOMl65G.jpg
5841,13888,https://image.tmdb.org/t/p/w300/jhUTLuPgc3Qcvr5xtji8oiWSfYy.jpg
5843,10750,https://image.tmdb.org/t/p/w300/nL3ccvqU1Wq1j31feHWAydzpbr2.jpg
5847,25566,https://image.tmdb.org/t/p/w300/vRjyakxRrMfj6sgyUJte9mVI1D9.jpg
5849,13386,https://image.tmdb.org/t/p/w300/lS0X9KScgkUbhiu6lOHBya8z9R2.jpg
5853,9538,https://image.tmdb.org/t/p/w300/VTqLdveNXxGsIAZL5I4RliTTt7.jpg
5856,49934,https://image.tmdb.org/t/p/w300/mkH1PigvNINeYQxi07RsdzSuTDB.jpg
5863,42371,https://image.tmdb.org/t/p/w300/rAlLrcOr1ZSjXXIP1yY3FcXyLBZ.jpg
5867,11524,https://image.tmdb.org/t/p/w300/bpjRGwfYJ71bU0hNhLIz7g3t6Oy.jpg
5872,36669,https://image.tmdb.org/t/p/w300/bZmGqOhMhaLn8AoFMvFDct4tbrL.jpg
5873,17187,https://image.tmdb.org/t/p/w300/s7BRKAq0DNcXe8Bphm6Wd5KnvlF.jpg
5874,10426,https://image.tmdb.org/t/p/w300/sxHFGPKLWj9e3aaA6wGVxghoiPE.jpg
5875,32625,https://image.tmdb.org/t/p/w300/2Jkt0PQBU2lmSm4zQcyJBWvRGpv.jpg
5876,8198,https://image.tmdb.org/t/p/w300/nLooNNrvzpf49G7HsB9siQT4036.jpg
5878,64,https://image.tmdb.org/t/p/w300/fWDbQlOWOqjR5jZm98KjGyYmUOw.jpg
5879,13376,https://image.tmdb.org/t/p/w300/k25VkKJjo52vuo4rUKEG4qFLQjL.jpg
5880,15074,https://image.tmdb.org/t/p/w300/984tq1bRL2uzR0wHrNzZVYTR0Al.jpg
5881,2103,https://image.tmdb.org/t/p/w300/drdrB1hEZmzFlK1xtW5HMxK3LUJ.jpg
5882,9016,https://image.tmdb.org/t/p/w300/kNhZkR3UNbXfvESQo7mJpOi4tGd.jpg
5883,16028,https://image.tmdb.org/t/p/w300/6i3ixJTacgdEAypVes6uUmsJr64.jpg
5884,27070,https://image.tmdb.org/t/p/w300/2iViC9lCEmmrDHir1sBLcPV690U.jpg
5888,20992,https://image.tmdb.org/t/p/w300/dxeVQdd227B367xQxvabkYTfz0b.jpg
5889,66091,https://image.tmdb.org/t/p/w300/q8On932TIIuOspcZnD9bu6jahbF.jpg
5890,6007,https://image.tmdb.org/t/p/w300/i4o9u93vR7setcwVeL87jGwc8CS.jpg
5891,25239,https://image.tmdb.org/t/p/w300/nMCkOo26GtISoxJmpkTAJyMqBO8.jpg
5893,25284,https://image.tmdb.org/t/p/w300/kK8IiJDkz2Tv6DwaK60vJVHKH85.jpg
5896,35612,https://image.tmdb.org/t/p/w300/1YMPN6GNY9jnzZpONPpmFiF1TSl.jpg
5899,14433,https://image.tmdb.org/t/p/w300/9V7tl1kIb67ZPRRNlUdy3JvqEiA.jpg
5900,9932,https://image.tmdb.org/t/p/w300/q3R6Hno3WFfIkHQg7CeVAEOcHQQ.jpg
5901,13369,https://image.tmdb.org/t/p/w300/m6XxaRLltWox4C9pykjUILrlGp9.jpg
5902,2757,https://image.tmdb.org/t/p/w300/ffEmHQAiD0m5dEQ6rlsuA9vlllW.jpg
5903,7299,https://image.tmdb.org/t/p/w300/q6VzUsHs4Z3myBHkrPAA3avfGwn.jpg
5909,4241,https://image.tmdb.org/t/p/w300/yLepVO6sblNt4elcug5PUxpW6ou.jpg
5912,22257,https://image.tmdb.org/t/p/w300/37ebywpv1oe5xAnejnv4V58qc1C.jpg
5915,17360,https://image.tmdb.org/t/p/w300/3j6H0dnbvjNXLK1l9nKguXw5vvO.jpg
5919,38849,https://image.tmdb.org/t/p/w300/2exixpei6yaOBrnKgYun1fybsoM.jpg
5922,29743,https://image.tmdb.org/t/p/w300/ecizJo3j1PPvLBMhl3thYk82rXK.jpg
5925,40219,https://image.tmdb.org/t/p/w300/4ZYbhYQflIF1FV2cmOfQHBUtiQe.jpg
5927,16363,https://image.tmdb.org/t/p/w300/yw3PNR3NVeKKfLWv8SgFQnXoHZh.jpg
5929,171,https://image.tmdb.org/t/p/w300/pbkccDoxH1H1VdqWcQYycZxHTIK.jpg
5932,42124,https://image.tmdb.org/t/p/w300/qJuD9yZ7Mn9QCVqKO9WarNNYo4R.jpg
5938,17590,https://image.tmdb.org/t/p/w300/fwrqCTcu5rAkU2dL2YqG6jjrLPn.jpg
5941,13497,https://image.tmdb.org/t/p/w300/zl7gdxYqKdFCioPT3DAkZR5DDUP.jpg
5942,11852,https://image.tmdb.org/t/p/w300/lnnGE4TKa05t20SZ2batuAhXCp4.jpg
5943,7303,https://image.tmdb.org/t/p/w300/gnEuTYH3jhHxl80QyoPfZjEYd0J.jpg
5944,201,https://image.tmdb.org/t/p/w300/cldAwhvBmOv9jrd3bXWuqRHoXyq.jpg
5945,2755,https://image.tmdb.org/t/p/w300/tstvsrJHY57hc951lb190alXRQm.jpg
5947,21868,https://image.tmdb.org/t/p/w300/kGsCpJcJj9JDsSLQRlfukNuZJgq.jpg
5949,10856,https://image.tmdb.org/t/p/w300/gAe6KmVojjHLmdhPZhYDMTmaiM1.jpg
5951,18602,https://image.tmdb.org/t/p/w300/mQqOG4w5xAlmtIxRUqodECYuJ5l.jpg
5952,121,https://image.tmdb.org/t/p/w300/5VTN0pR8gcqV3EPUHHfMGnJYN9L.jpg
5953,25838,https://image.tmdb.org/t/p/w300/zpbyUenBJGhyA6RKa5RcQWGKOYb.jpg
5954,1429,https://image.tmdb.org/t/p/w300/uW7tTRElr2tRhmAVESzvHy4ByXg.jpg
5955,13435,https://image.tmdb.org/t/p/w300/j9lCK1aFXqMO3hzhGiqCNU8coIX.jpg
5956,3131,https://image.tmdb.org/t/p/w300/lemqKtcCuAano5aqrzxYiKC8kkn.jpg
5957,2642,https://image.tmdb.org/t/p/w300/r18hSGAcxWiUysbX6nFShIZyjjP.jpg
5959,11022,https://image.tmdb.org/t/p/w300/uGHFyVdMQKvIXlsLAoXa5nOUGF.jpg
5961,9491,https://image.tmdb.org/t/p/w300/mPUrodB3k8NYcvr4WPwtjSe1Mv9.jpg
5962,2149,https://image.tmdb.org/t/p/w300/rGDfwZHRMpY5R0ZkmaiHHvpYQKB.jpg
5963,20139,https://image.tmdb.org/t/p/w300/goyEWixvULM2IRN4KsKibyrJE4J.jpg
5965,19067,https://image.tmdb.org/t/p/w300/nqjMYlUXnmmO8Jqucow4nj9alE5.jpg
5968,14931,https://image.tmdb.org/t/p/w300/eOqOf2qG0sjsfhFdYp6SbZuorSF.jpg
5969,11317,https://image.tmdb.org/t/p/w300/hEZ6L72eBORRnoUxf4pip5U76pq.jpg
5970,4032,https://image.tmdb.org/t/p/w300/qyJJNHteA7BUwQSey05t7qP4vRV.jpg
5971,8392,https://image.tmdb.org/t/p/w300/rtGDOeG9LzoerkDGZF9dnVeLppL.jpg
5974,12232,https://image.tmdb.org/t/p/w300/8Fs29JYTOkDluTXgbvLRIaps6PO.jpg
5975,11706,https://image.tmdb.org/t/p/w300/f3a1MyH12PSl3LFDahnooGy6mv8.jpg
5979,26946,https://image.tmdb.org/t/p/w300/pDaJt3Jv41mOvND7HaDnmiGsD5V.jpg
5980,16938,https://image.tmdb.org/t/p/w300/ym0QcbrKNujzDyAU1IHGYUdRWub.jpg
5984,4561,https://image.tmdb.org/t/p/w300/x2hnSba2iyMHDPHrH1G1LB2K6lz.jpg
5986,16993,https://image.tmdb.org/t/p/w300/7ag7BOMnAuDKwNyI0wc8jTeimRb.jpg
5988,21332,https://image.tmdb.org/t/p/w300/9E5eUvyIJoygfmKX36EmoRvOMGg.jpg
5989,640,https://image.tmdb.org/t/p/w300/ctjEj2xM32OvBXCq8zAdK3ZrsAj.jpg
5990,10599,https://image.tmdb.org/t/p/w300/aN2Pa9FnbJA2g4mnHPCWajwtdQ4.jpg
5991,1574,https://image.tmdb.org/t/p/w300/3ED8cWCXY9zkx77Sd0N5qMbsdDP.jpg
5992,590,https://image.tmdb.org/t/p/w300/4myDtowDJQPQnkEDB1IWGtJR1Fo.jpg
5993,13560,https://image.tmdb.org/t/p/w300/a2zqJWEAqSyPS7VZP0biBdJIpHn.jpg
5994,29339,https://image.tmdb.org/t/p/w300/uLilCY2We3Ore9Ke7CdafntHvmT.jpg
5995,423,https://image.tmdb.org/t/p/w300/2hFvxCCWrTmCYwfy7yum0GKRi3Y.jpg
5999,16225,https://image.tmdb.org/t/p/w300/dCggUkmi3Fyc1HrSnyaSxKPrG4n.jpg
6001,262,https://image.tmdb.org/t/p/w300/m24EbHxT9NGYEkOlu29YcLOgjgK.jpg
6002,15395,https://image.tmdb.org/t/p/w300/dAjQy6CpYMTZ4ClrcaeJcoT3UHa.jpg
6003,4912,https://image.tmdb.org/t/p/w300/mM58ABMRzwn5zVx6BS7IiNK0j3F.jpg
6005,23626,https://image.tmdb.org/t/p/w300/fUlTnmldkZQCSOy3nCAfire0SWM.jpg
6006,12090,https://image.tmdb.org/t/p/w300/FRqnYDjbstsCgLSJJ3SifOh2ca.jpg
6009,36273,https://image.tmdb.org/t/p/w300/2TajLnUCAWlAgl47qcmg28rAaZf.jpg
6012,9582,https://image.tmdb.org/t/p/w300/wWiPuP1wMW32pjX8Q9TEj69TxWI.jpg
6013,10628,https://image.tmdb.org/t/p/w300/nflh9On0de4l7ItCl3n4NVXjmnm.jpg
6014,11078,https://image.tmdb.org/t/p/w300/2qZP18uhHFEgJEGEJUQwRPAKQPK.jpg
6016,598,https://image.tmdb.org/t/p/w300/k7eYdWvhYQyRQoU2TB2A2Xu2TfD.jpg
6020,43886,https://image.tmdb.org/t/p/w300/rjhJDaC7025umyBKvKHyOsocKDp.jpg
6021,11222,https://image.tmdb.org/t/p/w300/jHVe5EHDFj9ac2F2aU86sWTGKnn.jpg
6022,13199,https://image.tmdb.org/t/p/w300/mrcdh66L6K1Nb5xPORuZufvE9aE.jpg
6023,8073,https://image.tmdb.org/t/p/w300/9oqyj79xmcypxLajJdefOtrYx64.jpg
6025,15278,https://image.tmdb.org/t/p/w300/7bP66TCKWPTsiER72xgyKUsjg82.jpg
6027,14667,https://image.tmdb.org/t/p/w300/1sEJy723hW629jzzX8H5k5MTVMq.jpg
6030,15734,https://image.tmdb.org/t/p/w300/41NoayYsUD4LPv586apJxl0iNzf.jpg
6031,34148,https://image.tmdb.org/t/p/w300/xt3cUn7lsjpaGuB279A4v8zAYRn.jpg
6033,53027,https://image.tmdb.org/t/p/w300/vof40ryhBNTEvtjHl1somhdrXm.jpg
6035,26252,https://image.tmdb.org/t/p/w300/y6FTSnCSBVJVPa7M1LuVroLN0ag.jpg
6036,24742,https://image.tmdb.org/t/p/w300/4kJQ1R7zD1ckFPFfmyxI7kwPSiM.jpg
6039,5968,https://image.tmdb.org/t/p/w300/4cBhKj5wVEyJdXwZfxHB1E4P749.jpg
6040,10727,https://image.tmdb.org/t/p/w300/qoceKsM15yL5Tmyuhkdl7vM5Vi4.jpg
6041,9045,https://image.tmdb.org/t/p/w300/duNRweZ6PBpFSVNLJYexZ2XEqr0.jpg
6042,9082,https://image.tmdb.org/t/p/w300/4FyWb8uQsC2qj8o7rMiJgicZvy0.jpg
6044,80965,https://image.tmdb.org/t/p/w300/totM9TbQJ31X2qfp0D5G7baccXm.jpg
6049,61807,https://image.tmdb.org/t/p/w300/wsXL08E4gQHWW5pRX4qpIyyeBfs.jpg
6051,7514,https://image.tmdb.org/t/p/w300/nXcWgfds0E8T2pQLvgWLCiUmlV6.jpg
6055,39349,https://image.tmdb.org/t/p/w300/6bnYhhJS7vuDMRPVSplWaXdK49g.jpg
6057,12253,https://image.tmdb.org/t/p/w300/frb2Tk7DTBshZ61Or0D3M1kslWL.jpg
6058,9358,https://image.tmdb.org/t/p/w300/vnFgxRlLTA9fDNcGXLiHmgwmIEo.jpg
6059,1647,https://image.tmdb.org/t/p/w300/xInKytrHV3EJeCAulOpn5Q0bMxh.jpg
6060,9027,https://image.tmdb.org/t/p/w300/1GQ4nYfRU4rANvCFq4y2o1GExgQ.jpg
6062,21189,https://image.tmdb.org/t/p/w300/gPlWNmQOzJ7j8djCxXcc40syVS3.jpg
6063,10894,https://image.tmdb.org/t/p/w300/oFXhJYTax1cnNtgvLdKlXuYiWPV.jpg
6064,28528,https://image.tmdb.org/t/p/w300/93pUA2kAOeVlyvO1EeW8YmYIapt.jpg
6067,12490,https://image.tmdb.org/t/p/w300/jZiORaxALVDGoMUBau85E4CWB0d.jpg
6070,15802,https://image.tmdb.org/t/p/w300/ya3HsnwavmtQYMxnGS5T5RV6do0.jpg
6078,10724,https://image.tmdb.org/t/p/w300/xP6VaKdFEriMzPXe3j5YyDF3ryS.jpg
6086,37191,https://image.tmdb.org/t/p/w300/11UUzdaxwPjX8Mfw1ZIpMTY3y6.jpg
6090,81001,https://image.tmdb.org/t/p/w300/jUhCiZb4iqG5xZgy66ewCLBd1lv.jpg
6093,10150,https://image.tmdb.org/t/p/w300/MRHFtXTjxC74MGCzHACcuqvHiw.jpg
6095,16407,https://image.tmdb.org/t/p/w300/qjQhm2jwV4DSTauOydFJVhVyMS3.jpg
6100,8288,https://image.tmdb.org/t/p/w300/8ahPxayLX8STeSeCy2MRWt4YiYV.jpg
6101,15600,https://image.tmdb.org/t/p/w300/fAAhC4RkpXu7SJgIESWQwVxcelo.jpg
6104,11949,https://image.tmdb.org/t/p/w300/7sQPWnIUVswWtIl35Lj3VKW3Pz0.jpg
6107,42130,https://image.tmdb.org/t/p/w300/u9QgkfHj90rr33KhjLlk5tr7bVg.jpg
6111,23942,https://image.tmdb.org/t/p/w300/vPWQ02RbO82ijIede7SYHcnhzoT.jpg
6116,25872,https://image.tmdb.org/t/p/w300/9tIR7zyExuzhJ9c9ZWHqCkJsSPB.jpg
6119,14645,https://image.tmdb.org/t/p/w300/z86yqhtqmNxQN214OK4PUDbpBOq.jpg
6122,21923,https://image.tmdb.org/t/p/w300/rK9eAYCr68dwv1mw4weaJu6Lx3W.jpg
6123,1563,https://image.tmdb.org/t/p/w300/2ZmVbnecEeGoZCimxMhpY0Nz7eh.jpg
6124,17132,https://image.tmdb.org/t/p/w300/xSR2Qss4bpcpeKq1JXov9C7mpp9.jpg
6125,59533,https://image.tmdb.org/t/p/w300/rUVxU66v4d8JrKoD41sVHbmIhsQ.jpg
6140,29702,https://image.tmdb.org/t/p/w300/uWNCyUX9sjtnhleqyw2W5ECijlP.jpg
6141,24830,https://image.tmdb.org/t/p/w300/d9OqygwJm9EuBPv3zmVBanSgxti.jpg
6143,9699,https://image.tmdb.org/t/p/w300/l2Gv4I8CN28aflcqecPgb0NKh63.jpg
6145,30789,https://image.tmdb.org/t/p/w300/v44VNoH2suoaCPnUj2YyXcvgGfn.jpg
6148,47955,https://image.tmdb.org/t/p/w300/2oU700G9pDwFt7px5GxOqDHFPfR.jpg
6153,23943,https://image.tmdb.org/t/p/w300/gpDRBziCjSoi1vOSTzq9rkCCSuI.jpg
6155,9919,https://image.tmdb.org/t/p/w300/2dlftyPz7mTYbrsPvTogyFmYd7d.jpg
6156,6038,https://image.tmdb.org/t/p/w300/vVNQStMlZS9mn2AKBEpadRunHgt.jpg
6157,9480,https://image.tmdb.org/t/p/w300/oCDBwSkntYamuw8VJIxMRCtDBmi.jpg
6158,14873,https://image.tmdb.org/t/p/w300/21GanxizOIL1CN0HLx7j3je8k87.jpg
6159,13132,https://image.tmdb.org/t/p/w300/sQ6dMkwPIFucYSmFQcr38WBYzs.jpg
6162,1956,https://image.tmdb.org/t/p/w300/jzuPVECdfWuHoBIqQEFajbSwwpa.jpg
6163,12112,https://image.tmdb.org/t/p/w300/dW5txTgCQADtHSyl2iRIc05iANX.jpg
6166,12139,https://image.tmdb.org/t/p/w300/t642WwGifbQ2fEuKTJRgpPzsgtX.jpg
6169,24883,https://image.tmdb.org/t/p/w300/bozQVxJLeHMXMdfY76YLSAwVQBI.jpg
6170,17264,https://image.tmdb.org/t/p/w300/uZtNc31LR5Ik3ZVo2jxwOvhkNRC.jpg
6178,33364,https://image.tmdb.org/t/p/w300/9eFULnzgoLpO7lvg6FMutGRuNFg.jpg
6181,59401,https://image.tmdb.org/t/p/w300/RKomX6ExUYMvlNcv2HjgupVKdS.jpg
6182,22233,https://image.tmdb.org/t/p/w300/eza4PZbDuLcQHEefdN9lQ4vzLw5.jpg
6183,4952,https://image.tmdb.org/t/p/w300/ugvyj5nl9QmTYuaGUTefVYBDePE.jpg
6184,991,https://image.tmdb.org/t/p/w300/gwmPVphE5DMFFGXGMhfEFyxOOYj.jpg
6185,4911,https://image.tmdb.org/t/p/w300/ekW39lKhQ3L3rdOgzyF3d0CoPLV.jpg
6186,16072,https://image.tmdb.org/t/p/w300/cgTb9rFEgAi2hq8B5AUABZHX8I.jpg
6187,11615,https://image.tmdb.org/t/p/w300/7tcAvE82JyxIi79cwQV5br90KVz.jpg
6188,11635,https://image.tmdb.org/t/p/w300/nYtuwNHpEoIbTgS3aFPSEwZNN6l.jpg
6192,102,https://image.tmdb.org/t/p/w300/hOrV2fCw2kmSiS4ZMGFPfXqr3lt.jpg
6193,14293,https://image.tmdb.org/t/p/w300/3MAGLk0AtuPi24PBwy3o4ILO0CV.jpg
6195,105024,https://image.tmdb.org/t/p/w300/iimqHbKjtFxObekC6bJwjDHtRZa.jpg
6196,10623,https://image.tmdb.org/t/p/w300/8iXpVITXenqPG8gQ0lCFpUMtZIx.jpg
6197,9613,https://image.tmdb.org/t/p/w300/zvm4WuYxTiGkRagRqHUey0meRQL.jpg
6201,21867,https://image.tmdb.org/t/p/w300/h0N4lG6g2r77C4yGTuvOBHhGYXP.jpg
6202,49680,https://image.tmdb.org/t/p/w300/9IcQsfhjfQamVvRgtpYkwdIKilw.jpg
6203,6524,https://image.tmdb.org/t/p/w300/uRyxlMbGQwONnN2Ez9ECMPVHxok.jpg
6204,11244,https://image.tmdb.org/t/p/w300/d30mZVOrY8n5KCvwaPkiQEFv1tc.jpg
6210,23834,https://image.tmdb.org/t/p/w300/c9ItiEc0OlFcxvQtKITxwU6o8tJ.jpg
6212,10678,https://image.tmdb.org/t/p/w300/jic0ULHTcqQQaCSIEw6SAhHhIPA.jpg
6213,9567,https://image.tmdb.org/t/p/w300/fUnSSQukwTwBSdCbufEE36petLq.jpg
6214,979,https://image.tmdb.org/t/p/w300/rxeDxo8FvZpLu6iplNpxdtAVnfu.jpg
6215,13819,https://image.tmdb.org/t/p/w300/z7knajZv3nxqN0o2Jq8kIOkpgu6.jpg
6216,1591,https://image.tmdb.org/t/p/w300/2ED1GaTKhHielGYa1giBsxfoacp.jpg
6217,24186,https://image.tmdb.org/t/p/w300/i7w5Q2HP3dI6UbN59l3ZL55weir.jpg
6218,455,https://image.tmdb.org/t/p/w300/2dzSBmFWWqt8NbnubJKIWU21Y86.jpg
6219,10632,https://image.tmdb.org/t/p/w300/AvdBPe2XSKm3cGyTKFgbquC2jCo.jpg
6220,10929,https://image.tmdb.org/t/p/w300/hRVP8Ud9ehv7tp5WWQ4CHk2XNus.jpg
6222,16229,https://image.tmdb.org/t/p/w300/4QB1h6mxlmQVM8BtYMybTwL2foc.jpg
6223,12079,https://image.tmdb.org/t/p/w300/jiwNobUsd29ooowQyTeh0cvPBFL.jpg
6225,36362,https://image.tmdb.org/t/p/w300/fp1Nx4FASTGldFuQyGXN0HF6Jgk.jpg
6228,23159,https://image.tmdb.org/t/p/w300/naMSxieb5cD1bGCu0rZ7zLJ6mtA.jpg
6232,15347,https://image.tmdb.org/t/p/w300/xI5BkObQm7UtYEFTw7ZmiDGF7gT.jpg
6234,37258,https://image.tmdb.org/t/p/w300/tGjbZqTaq73jcOrcYD3j0trMRKG.jpg
6235,8996,https://image.tmdb.org/t/p/w300/CCaA0tjLNjwFfi34XsouCy9Lm6.jpg
6237,17729,https://image.tmdb.org/t/p/w300/eEuwIMj7jKYaUt0ZG6aVpYxlkrC.jpg
6238,12157,https://image.tmdb.org/t/p/w300/9UweLsv3pCORu25Uq72m2IBkKaK.jpg
6239,11571,https://image.tmdb.org/t/p/w300/nWn9MRFkC1M13hVf17mT0BfYKbg.jpg
6241,10293,https://image.tmdb.org/t/p/w300/osw9SwpoQEEjQdKh747MC8fT2VM.jpg
6242,2671,https://image.tmdb.org/t/p/w300/1YINof6kN5yRdePEbcU5360ejoq.jpg
6244,45129,https://image.tmdb.org/t/p/w300/405GFXA7NKwVxqP9WHD5RaKZ84C.jpg
6245,42618,https://image.tmdb.org/t/p/w300/dP8BRQ7VBj9K0MsKJbt3FehUU6S.jpg
6246,41164,https://image.tmdb.org/t/p/w300/eiF9tLx5Q5GN967hRI6wPkFTnUF.jpg
6249,9557,https://image.tmdb.org/t/p/w300/xHFJt9nEfVIUItBfKZr7qhbgveL.jpg
6250,6171,https://image.tmdb.org/t/p/w300/6nVsqE9SxP7VbmN5EJkGqBzxdGp.jpg
6251,13691,https://image.tmdb.org/t/p/w300/cytspPjtacOInHroA6h2dIekDrp.jpg
6252,11523,https://image.tmdb.org/t/p/w300/q8oHvYoFICQpTWjC15ZMwQr5Sox.jpg
6254,14675,https://image.tmdb.org/t/p/w300/2VtsJoxvjpcMpwh0gweS8IMfHxO.jpg
6263,10782,https://image.tmdb.org/t/p/w300/jtyF4NF9fQlyGP8cgU1mK3DLUTB.jpg
6264,9341,https://image.tmdb.org/t/p/w300/iMPR3OFhKNVvJw4eZoRhf9RzfHJ.jpg
6265,9776,https://image.tmdb.org/t/p/w300/5itBve85q2oXmiQ3SkgCJa5Asxq.jpg
6266,10735,https://image.tmdb.org/t/p/w300/gGpMruX59KWNuAXgHpiAm8hiChw.jpg
6267,16425,https://image.tmdb.org/t/p/w300/3muiZ9yF1RpKfzn9eqAxqA1YFWG.jpg
6268,25461,https://image.tmdb.org/t/p/w300/cMHMtMBca8VNxjYICc1WHK1Qqe5.jpg
6269,51927,https://image.tmdb.org/t/p/w300/67TAylTWoysC2ffqVO18do0rwEE.jpg
6270,12516,https://image.tmdb.org/t/p/w300/ua17wrOrUjyqxuYmnUrmOVBMf4G.jpg
6271,1675,https://image.tmdb.org/t/p/w300/e5xDrSx6zDEUlMe2dWKGhv88PDZ.jpg
6273,17057,https://image.tmdb.org/t/p/w300/vbdgtwzLOpE6MppZlyYChMagvQq.jpg
6279,6016,https://image.tmdb.org/t/p/w300/TMlSiPuj9LymfwPiKFiRRnhkRq.jpg
6280,8409,https://image.tmdb.org/t/p/w300/mgcGj39KYcyPx6zDiICHsPQNAJQ.jpg
6281,1817,https://image.tmdb.org/t/p/w300/r6lIwPKVDa6Q76qH2TbIBqPhXL3.jpg
6283,11299,https://image.tmdb.org/t/p/w300/34H5bsNc0EPILVr49TfOYXj50qV.jpg
6285,21052,https://image.tmdb.org/t/p/w300/pLmF3LChsgxkF6dCBN0aHJR91Gu.jpg
6286,7294,https://image.tmdb.org/t/p/w300/9tBepCujkyNg1qM52MsaJfDkIRw.jpg
6287,9506,https://image.tmdb.org/t/p/w300/8wX3S5HjL3bgb2yi4CfR2qIqbdH.jpg
6288,14290,https://image.tmdb.org/t/p/w300/alJULQQnuiYXjgVmj2EYgwXOcIn.jpg
6289,24982,https://image.tmdb.org/t/p/w300/aSht7L9Mnr1zc4hDJTOwPuTfnV8.jpg
6290,2662,https://image.tmdb.org/t/p/w300/29c2qgXmSREosLBevOILEuMWzQC.jpg
6291,12093,https://image.tmdb.org/t/p/w300/5i1uhvcdv2Iogx0Bb1znvUmkCvN.jpg
6294,11817,https://image.tmdb.org/t/p/w300/3n8HM3fNi9eTk2pj1eblP52iWJY.jpg
6295,24621,https://image.tmdb.org/t/p/w300/mdn6NwGZChgaSuWHQzYKYO1KBL6.jpg
6296,13370,https://image.tmdb.org/t/p/w300/5wUYwAD75BxtJ0Mp4da6XzHIFex.jpg
6297,8326,https://image.tmdb.org/t/p/w300/o2Dm2mcE1qW8vT0bpsJO5OMBbqa.jpg
6298,13411,https://image.tmdb.org/t/p/w300/bjYuoz2S8S1AED5QIMvmAi21drc.jpg
6299,11516,https://image.tmdb.org/t/p/w300/qjv7cYLSufwf03So0SuRFU7sRxB.jpg
6300,10180,https://image.tmdb.org/t/p/w300/20ApKJUi1XYri37RAH3SDIp2Ykh.jpg
6301,994,https://image.tmdb.org/t/p/w300/yigkfHE1OhkxPPrjrV78Y9ibGEk.jpg
6302,66918,https://image.tmdb.org/t/p/w300/oYwpYmUWUsbQq13lwoU6rUeNraC.jpg
6303,10514,https://image.tmdb.org/t/p/w300/4FBSFz8wLpxd4o6hnvKOJJ8WSIz.jpg
6305,1714,https://image.tmdb.org/t/p/w300/k2CTpexoS9MO9lKVFfnzwVdJuM.jpg
6306,14308,https://image.tmdb.org/t/p/w300/fM4eEtfq0Nsvz6gi6t8UpC4Xdhq.jpg
6308,9930,https://image.tmdb.org/t/p/w300/RH9bXtsxy12YKXqvAwKd5XmGvq.jpg
6310,107569,https://image.tmdb.org/t/p/w300/4NmEbPfhpb1SW32D9rvJMwy2l3z.jpg
6313,108553,https://image.tmdb.org/t/p/w300/nBrfiqeiB8L6VU04NSZy1e3qc2v.jpg
6314,12661,https://image.tmdb.org/t/p/w300/r9yKccGLLzpPwRCyfCMjG2oNcbF.jpg
6315,29355,https://image.tmdb.org/t/p/w300/5uQc18I6Mfsg6plBb0VjDrzSZEa.jpg
6316,24961,https://image.tmdb.org/t/p/w300/rgfB8hBRSwbEb0SK7pt9mW9jsyP.jpg
6319,20978,https://image.tmdb.org/t/p/w300/yk7z3gksMdu8YLivoJGmW9Q9Veu.jpg
6320,47762,https://image.tmdb.org/t/p/w300/roF5MQlNBFSV0K3s9ThBPIBglO5.jpg
6322,10743,https://image.tmdb.org/t/p/w300/yJzmAtY9DmhhjJwFnW0Zjlvz6yg.jpg
6323,2832,https://image.tmdb.org/t/p/w300/sYgimsiBywqVwJI8H4sETke8m7v.jpg
6324,31459,https://image.tmdb.org/t/p/w300/xmnZQwgNoTuzPr65QwLAEpFu9UP.jpg
6327,38868,https://image.tmdb.org/t/p/w300/uzt9AkMIxm84IStnjU1hB4o3bWG.jpg
6329,15098,https://image.tmdb.org/t/p/w300/af9Ym0HQuChr7e5N34PN9OSfYhu.jpg
6330,11458,https://image.tmdb.org/t/p/w300/7FsbWJq43lQGCIPxe8z3zBwEIkh.jpg
6331,16636,https://image.tmdb.org/t/p/w300/whPFGfqZayYOU5f5mx0GdXZOgpi.jpg
6332,18736,https://image.tmdb.org/t/p/w300/ecDrdzRhl01fck3Bwd3pn9Qm3Un.jpg
6333,36658,https://image.tmdb.org/t/p/w300/bst4alFUXCxISwdRUKSMhhkrX1M.jpg
6334,46989,https://image.tmdb.org/t/p/w300/6xld6dA6rlctR9mUtcVRigZTfu5.jpg
6335,20689,https://image.tmdb.org/t/p/w300/jG662jKzEf63fhcbbN3WiLlz5MX.jpg
6336,13438,https://image.tmdb.org/t/p/w300/mzWqK0U0APFiXKofG1qzl1OEYgW.jpg
6337,15394,https://image.tmdb.org/t/p/w300/xQYKqpN6fD7Dc7Vu8xnShHPKDwe.jpg
6338,10708,https://image.tmdb.org/t/p/w300/uiey5XUKuPicwpIJMf1OpaOd1jL.jpg
6339,22016,https://image.tmdb.org/t/p/w300/3npd5xuegtcYc6HPt5NgdB27sRA.jpg
6341,22958,https://image.tmdb.org/t/p/w300/iETHZRRlr9WCgx3W8hoOp7gvOn2.jpg
6342,15850,https://image.tmdb.org/t/p/w300/9eaNr0CYiEaofbw5MF5Nsr2MnOI.jpg
6344,10989,https://image.tmdb.org/t/p/w300/4zKQ9Wz68tLQ4WGirHDNXR1NdLf.jpg
6345,1816,https://image.tmdb.org/t/p/w300/bQzbO6y6gxePrEcU57Su8HJ9UdH.jpg
6347,17667,https://image.tmdb.org/t/p/w300/cn0gXtGgQXT7EVVXKJRhK4E1nOc.jpg
6348,17464,https://image.tmdb.org/t/p/w300/3RV0NNZ8p3XcdVnrr8bLILuH1x9.jpg
6349,15259,https://image.tmdb.org/t/p/w300/kwIqaI4yXKDlRurc9zTrgavMrFF.jpg
6350,10515,https://image.tmdb.org/t/p/w300/41XxSsJc5OrulP0m7TrrUeO2hoz.jpg
6357,11424,https://image.tmdb.org/t/p/w300/eOKLignOrNN7pgTQbwCzW6WPwbD.jpg
6358,34857,https://image.tmdb.org/t/p/w300/phJTfsjxxi0a6ibYQ7SCACoTXDC.jpg
6365,604,https://image.tmdb.org/t/p/w300/aA5qHS0FbSXO8PxcxUIHbDrJyuh.jpg
6367,10720,https://image.tmdb.org/t/p/w300/74lG2SGDJdyiS8hB4kkFcRIviSi.jpg
6368,51230,https://image.tmdb.org/t/p/w300/yDxDCCxuyDx6MrJkLqZwcvPWamq.jpg
6370,1555,https://image.tmdb.org/t/p/w300/baDm4V3Dqx2hNh7WF1NvGrHGgqQ.jpg
6371,33875,https://image.tmdb.org/t/p/w300/eySv5rdYLW1k6LxepxCNl8ND26R.jpg
6373,310,https://image.tmdb.org/t/p/w300/wqkWrOFtYnZSvIMu8Lsmz7WIvKC.jpg
6374,5146,https://image.tmdb.org/t/p/w300/15TNyg00AMSDff6u77AR9JeaEzR.jpg
6375,30055,https://image.tmdb.org/t/p/w300/wUeGidITxUr4lm4q2MgooXft8s3.jpg
6376,12544,https://image.tmdb.org/t/p/w300/3DUXqmOpHZBQSQOHQcAdK6GVlKg.jpg
6377,12,https://image.tmdb.org/t/p/w300/5lc6nQc0VhWFYFbNv016xze8Jvy.jpg
6378,9654,https://image.tmdb.org/t/p/w300/eSkjK4kctyrWpFhxl35GPvSs6tI.jpg
6379,9902,https://image.tmdb.org/t/p/w300/12G5V0dTmljnv7RFMT144dJ2chh.jpg
6380,2260,https://image.tmdb.org/t/p/w300/429t6nh7M8cg29CtgXAjvwWe1Dv.jpg
6382,18385,https://image.tmdb.org/t/p/w300/yG67qljsdR06NzwdWM9wBQ5EkyY.jpg
6383,584,https://image.tmdb.org/t/p/w300/6nDZExrDKIXvSAghsFKVFRVJuSf.jpg
6385,1088,https://image.tmdb.org/t/p/w300/cVBZQZq091KtwBm2qObOv0JTFcH.jpg
6386,5921,https://image.tmdb.org/t/p/w300/4QJLqSZRnhAb9pezEEIxidVINes.jpg
6387,47423,https://image.tmdb.org/t/p/w300/xCm4qIID3oyhBxRNKsYo3TpDivF.jpg
6390,43239,https://image.tmdb.org/t/p/w300/kuV34rCOrcDt6Ii3149AlJs9bpM.jpg
6395,29425,https://image.tmdb.org/t/p/w300/xSNgBJL9WKMHwl42gZXeRsQXFa1.jpg
6400,51391,https://image.tmdb.org/t/p/w300/vFl8G6VSVcStLLKbH0KzipYjISe.jpg
6402,50285,https://image.tmdb.org/t/p/w300/iGFjTOA5DoU3uqzzjhYXsDHEHQS.jpg
6405,6646,https://image.tmdb.org/t/p/w300/zPzBsQZ2EhSmO9FLvQQtWVkJqRu.jpg
6407,38720,https://image.tmdb.org/t/p/w300/cdgTjp6blLr4AR48a6fT2q3dN2e.jpg
6408,147729,https://image.tmdb.org/t/p/w300/bhEihEf39CRycWUK6l49hhRO35Y.jpg
6410,15462,https://image.tmdb.org/t/p/w300/bty0IdXh4l2BmoQNVeAH5PYKrMK.jpg
6412,43828,https://image.tmdb.org/t/p/w300/zEycmpHvzi60EJpbZCKbTc32AT7.jpg
6415,47715,https://image.tmdb.org/t/p/w300/laP2XdPEPrpTgv0ZjS8c9f47X2t.jpg
6417,12629,https://image.tmdb.org/t/p/w300/xQbj9KgXqw9yjZfDO99jFyw1pzg.jpg
6422,21027,https://image.tmdb.org/t/p/w300/jAB8UFwpoKPdgJlCuYZiF1hyn9E.jpg
6424,11890,https://image.tmdb.org/t/p/w300/rGJOzUwHlkx8MKy2oR2qEiT7g4G.jpg
6425,36807,https://image.tmdb.org/t/p/w300/c08PAB0kWE38zrOGl376D9qqdEc.jpg
6427,37662,https://image.tmdb.org/t/p/w300/kusEIHfdngzcypY36yjWJVWMShj.jpg
6428,11916,https://image.tmdb.org/t/p/w300/RbuNHMlrw7M2w1R3hZMAPwh6dG.jpg
6429,14551,https://image.tmdb.org/t/p/w300/rqRgjWqSmK9oI6duvigPmn49aVG.jpg
6433,26317,https://image.tmdb.org/t/p/w300/vJgAdgJWX54v0oXfIvhwjlZnmgn.jpg
6434,43490,https://image.tmdb.org/t/p/w300/3hq4VhEMseKMZuNUaSExDyqGhja.jpg
6436,8092,https://image.tmdb.org/t/p/w300/pRMSZfen1Cv1eqwDbtxCBpBqxnU.jpg
6440,290,https://image.tmdb.org/t/p/w300/oDkp5iClJ9WKJGtKHz8BydodHC3.jpg
6442,2470,https://image.tmdb.org/t/p/w300/2pb7i9pI6wMH5dlyjbVTXdfSKun.jpg
6448,10243,https://image.tmdb.org/t/p/w300/zrzLl7NWdjwGhVE7bqpOAxMVtF.jpg
6449,42541,https://image.tmdb.org/t/p/w300/nG0CavLX9OXhtUVX0a3Nj9pLsA6.jpg
6452,40085,https://image.tmdb.org/t/p/w300/nWQddN7kfkVqSimb4SQc35gNUnP.jpg
6453,47684,https://image.tmdb.org/t/p/w300/A67tl48MWZM8bxEYxJZhFGGth9A.jpg
6454,2263,https://image.tmdb.org/t/p/w300/iHumUQOIJWWx6x77fOcB2PVBu53.jpg
6460,3009,https://image.tmdb.org/t/p/w300/4qDUe5HqB8pXNplSBlsoyVjNP3r.jpg
6461,6643,https://image.tmdb.org/t/p/w300/9085eJIHF1LqoKgGWK74Z3dxXpo.jpg
6464,14817,https://image.tmdb.org/t/p/w300/imFLUF2TYkm13GpFYTKYF7T27sP.jpg
6465,41426,https://image.tmdb.org/t/p/w300/8HtAaaDZDCCx2F73n41xMDWDhwU.jpg
6466,41791,https://image.tmdb.org/t/p/w300/b2Gks4Stt98FRI5isaL6Wu1luhh.jpg
6476,2071,https://image.tmdb.org/t/p/w300/k3UaQNJ8FAUaHgDhPyT3uEiod8h.jpg
6477,43516,https://image.tmdb.org/t/p/w300/kRZItSgFaSDnHePwxX5PfZvu5M8.jpg
6480,32489,https://image.tmdb.org/t/p/w300/ce8rBGFR0naGsp6mKy9CNKn9iSa.jpg
6482,10152,https://image.tmdb.org/t/p/w300/qxD6P3UXASFCdbrVavceZzgOfI9.jpg
6483,31246,https://image.tmdb.org/t/p/w300/bLLlgQ6nZPGxvAjp0qjTX1wD2hl.jpg
6484,11375,https://image.tmdb.org/t/p/w300/Am7AhZYG7HLksY5E35oaEJ3Desz.jpg
6493,17813,https://image.tmdb.org/t/p/w300/1CVw4MMqeBdkUs3DfCDWkaP6O3U.jpg
6502,170,https://image.tmdb.org/t/p/w300/sQckQRt17VaWbo39GIu0TMOiszq.jpg
6503,9471,https://image.tmdb.org/t/p/w300/n4cdJ0Wqxb7C0HmZbcaC4eYnkIf.jpg
6506,9581,https://image.tmdb.org/t/p/w300/pB2lXLvZDaFqi6d8La3fofabgH7.jpg
6509,216,https://image.tmdb.org/t/p/w300/cRL8j5RhL4YUviwcfTiCVHfrBFM.jpg
6510,47676,https://image.tmdb.org/t/p/w300/46HAxDyb5Xqljse9Ata9ftqOxbK.jpg
6514,113739,https://image.tmdb.org/t/p/w300/hVuVppiIntAR5Sf01nWCBinnWHL.jpg
6515,52758,https://image.tmdb.org/t/p/w300/v8LSkezS7MvSk88SD6JbPO6VobD.jpg
6516,38171,https://image.tmdb.org/t/p/w300/26wHOXNt4XNn2lYT8i8pWx1JOP0.jpg
6517,61225,https://image.tmdb.org/t/p/w300/lso2f5jbglHtGke2A8NwRkcfxF6.jpg
6523,18722,https://image.tmdb.org/t/p/w300/6J56wP2ZKJcyfQ1sa4Dm3jSbXzo.jpg
6527,33454,https://image.tmdb.org/t/p/w300/yALSC7jqOsmMtfSPp6ThCuNGjiR.jpg
6528,19753,https://image.tmdb.org/t/p/w300/z4gspFa639yUWLSyefP5yCxKgRi.jpg
6530,11482,https://image.tmdb.org/t/p/w300/4Qhzb1ICFMqE3isWoln497qSH7n.jpg
6533,6949,https://image.tmdb.org/t/p/w300/d5WwZxneeAH2Kj2SeDV6oUY2oW0.jpg
6534,1927,https://image.tmdb.org/t/p/w300/UllIft2jLSBaay3zQyMV4GNdfy.jpg
6535,10327,https://image.tmdb.org/t/p/w300/4kC0UGTuJgFnlZq2ZM6OiY7nuY8.jpg
6536,14411,https://image.tmdb.org/t/p/w300/yiW2L1fDiBT7AeWXrykhTNtPrr8.jpg
6537,296,https://image.tmdb.org/t/p/w300/vvevzdYIrk2636maNW4qeWmlPFG.jpg
6538,302,https://image.tmdb.org/t/p/w300/10xMAznUxI0LZPYyPxA9WjJsThr.jpg
6539,22,https://image.tmdb.org/t/p/w300/poHwCZeWzJCShH7tOjg8RIoyjcw.jpg
6541,8698,https://image.tmdb.org/t/p/w300/kdAuVFP63XXxnb983ry2pLCKd9S.jpg
6542,554,https://image.tmdb.org/t/p/w300/g0bVxxdeAkDwzLoJq7o8ehQZWa6.jpg
6545,17920,https://image.tmdb.org/t/p/w300/fGV45q9gyysfp9SdoqrrReVxC9a.jpg
6547,32235,https://image.tmdb.org/t/p/w300/jb3qheP75UgVibpnfubotrBDY5v.jpg
6548,8961,https://image.tmdb.org/t/p/w300/yCvB5fG5aEPqa1St7ihY6KEAsHD.jpg
6549,17403,https://image.tmdb.org/t/p/w300/pD87iTm4MP7JNcxIUssAbpri8nF.jpg
6550,9486,https://image.tmdb.org/t/p/w300/mmzW88tnkB2MnOV3Un2F9IUxSnZ.jpg
6551,20439,https://image.tmdb.org/t/p/w300/q9BwYsUoLP6rdEY5dU0nWQKOmj5.jpg
6552,3472,https://image.tmdb.org/t/p/w300/nWpXOqB1STDq8ji3rQawcg1fGS9.jpg
6553,35265,https://image.tmdb.org/t/p/w300/pT9Maaop1epDYWiXEO11NcuR25R.jpg
6554,25921,https://image.tmdb.org/t/p/w300/yiV5J3bv6fIugG6oloeLCqSzHuF.jpg
6557,68927,https://image.tmdb.org/t/p/w300/k886xdc3tQLq5X4p5sWPMOot96C.jpg
6558,11894,https://image.tmdb.org/t/p/w300/cndkzlP5frVWxng5HLd4JvA2g2y.jpg
6559,20726,https://image.tmdb.org/t/p/w300/AkfXNOeKgJSOD08StGd0599auiZ.jpg
6560,24558,https://image.tmdb.org/t/p/w300/ezzfFY9S8r4PkhXLqw9x7gAaStd.jpg
6561,12649,https://image.tmdb.org/t/p/w300/dHSIXGVmLHsPeWdfyVe8J1eZCFS.jpg
6563,24356,https://image.tmdb.org/t/p/w300/zKxB2Ivm1717Hbnuvvy2lONC4R1.jpg
6564,1996,https://image.tmdb.org/t/p/w300/ylIEGeAr2ygSClK4FDj9mi2Ah22.jpg
6565,4464,https://image.tmdb.org/t/p/w300/5m7NfZvxYsSm2YBCJ2VPQf8ziKr.jpg
6566,12279,https://image.tmdb.org/t/p/w300/buA8dN4zLNr0dYBeKfHfMnEfdLE.jpg
6567,9104,https://image.tmdb.org/t/p/w300/qNl4T8xxC0xDeX8JFJVCBzH4Kg8.jpg
6568,33339,https://image.tmdb.org/t/p/w300/7aOOZisCXvI26i7wgMqBaWQxTY3.jpg
6571,54580,https://image.tmdb.org/t/p/w300/4BlI5weSiYUU1YnjqdaPLnOzc3Z.jpg
6572,4613,https://image.tmdb.org/t/p/w300/bIBHeN4GkkNx0TBSiqGdqLSf4fd.jpg
6573,12530,https://image.tmdb.org/t/p/w300/dxhQzsBIjWMRu7rqprX4I2WzyEo.jpg
6574,45096,https://image.tmdb.org/t/p/w300/lssgv86oGv5zMvfRV0bxcZN9Yuk.jpg
6577,24993,https://image.tmdb.org/t/p/w300/pNvuLT77H9eSStoqmB7EMLdlffv.jpg
6578,53021,https://image.tmdb.org/t/p/w300/sbMILWDfzwQI8ZBIn42zGNU4xqg.jpg
6579,430,https://image.tmdb.org/t/p/w300/yWQE227ub1frfnjP5HZy0wLF0wu.jpg
6581,5185,https://image.tmdb.org/t/p/w300/vQSYu0DXkqTOEfWF21AzaqXxYCZ.jpg
6582,10553,https://image.tmdb.org/t/p/w300/it52uz6io8cA6WGzWxSbn9jgRlu.jpg
6583,21512,https://image.tmdb.org/t/p/w300/ykdEyq2GCKRr8TsUBuVkRWuWkLj.jpg
6584,21449,https://image.tmdb.org/t/p/w300/z3ABDEfhLqX09nXgp6ilKW44jAB.jpg
6586,8273,https://image.tmdb.org/t/p/w300/pCO3lJv2PzPkJty29APxCVSjyoE.jpg
6587,8046,https://image.tmdb.org/t/p/w300/qOhAK3WDqdeVTIE59loXvEGU7Lu.jpg
6588,50350,https://image.tmdb.org/t/p/w300/qYq5muglnhTj7VjGAklqayGTvN8.jpg
6591,8094,https://image.tmdb.org/t/p/w300/akOnyPsfzcDvCwP3lzY35i2NIha.jpg
6592,26195,https://image.tmdb.org/t/p/w300/aIUL0GeTgKdOnAq1hly19vjjRQt.jpg
6593,10330,https://image.tmdb.org/t/p/w300/ipKcZ4Up7dp18XpsfYUc9NKZy3g.jpg
6595,9257,https://image.tmdb.org/t/p/w300/bon63yPVIgUFLP2653Dg9GCOJLJ.jpg
6596,9499,https://image.tmdb.org/t/p/w300/ucBJrWKCJ1naTylSFN8jpaEqwwe.jpg
6597,17180,https://image.tmdb.org/t/p/w300/qZNxgBOfi6SaAevgYkkeW68vqZK.jpg
6598,15292,https://image.tmdb.org/t/p/w300/gF352z3G8wnk5GDKzn7RcIDstwh.jpg
6603,41206,https://image.tmdb.org/t/p/w300/rYa7JZN5PnpxXpR4oXAcefP9YXa.jpg
6604,33954,https://image.tmdb.org/t/p/w300/4IUw0b8k6vHpuCaAqOSELJwaB7p.jpg
6609,24192,https://image.tmdb.org/t/p/w300/oifi2CQkKbb6Y2x6J5K6CjaKab9.jpg
6611,833,https://image.tmdb.org/t/p/w300/5I7SYsNQmZRZpQ2MAarIQYU9vaX.jpg
6612,26755,https://image.tmdb.org/t/p/w300/AjumCYR6VPXGDKlYekGkx5jMdfi.jpg
6614,3101,https://image.tmdb.org/t/p/w300/8LdWJLUfEa5JeUJ7SljJQMIJikZ.jpg
6615,6466,https://image.tmdb.org/t/p/w300/f9ZASRUfl8Jlco7rgRx3ujPR0P7.jpg
6616,20210,https://image.tmdb.org/t/p/w300/3ijvfbWQYLaFQ2PaX6hywnMW3Hv.jpg
6617,2055,https://image.tmdb.org/t/p/w300/1mrNc88NrUEGtMtat4FD7sfpFrW.jpg
6618,11770,https://image.tmdb.org/t/p/w300/z6ZQqwoxWy9muIxwUP4K2zWw7BU.jpg
6619,14926,https://image.tmdb.org/t/p/w300/liazMoopc2fhWq1YlfwasQcvWu.jpg
6620,2771,https://image.tmdb.org/t/p/w300/rPLMxuk82AiqDiwEUVJ6E7WpjYs.jpg
6624,10923,https://image.tmdb.org/t/p/w300/fhK0mqqirPsckxkNisvi32A4lf6.jpg
6625,17745,https://image.tmdb.org/t/p/w300/5DmempuEgWyHCu5lMVyICTRgZUp.jpg
6628,21989,https://image.tmdb.org/t/p/w300/qJ4tVNjjapCLigrVJi3ZXNX6xvB.jpg
6629,18573,https://image.tmdb.org/t/p/w300/5Di30K5NzAtYMjBSAABwgZHV0Ro.jpg
6631,41759,https://image.tmdb.org/t/p/w300/dRDOrszc2X9bWsE2LhJuJ6WbVEp.jpg
6636,8992,https://image.tmdb.org/t/p/w300/a9cuohQn5kczi4htWZAZjEZvXkZ.jpg
6638,19053,https://image.tmdb.org/t/p/w300/mQSrU9jerYSIOWeLBqFA1gcUU59.jpg
6639,11206,https://image.tmdb.org/t/p/w300/cNW3ewCB52KkxzSE47PcE5Bqvmr.jpg
6643,18148,https://image.tmdb.org/t/p/w300/g2YbTYKpY7N2yDSk7BfXZ18I5QV.jpg
6644,54898,https://image.tmdb.org/t/p/w300/1E3pliSC7lXWw6zJhMvG6ba0UNX.jpg
6645,636,https://image.tmdb.org/t/p/w300/pPyEXW7h2SJRjTsHZqrIlXxOgW9.jpg
6650,11898,https://image.tmdb.org/t/p/w300/eBvpyRjD3DcCsWgdV6Y9oqPS7dO.jpg
6654,35072,https://image.tmdb.org/t/p/w300/u5fD2mfsovtW1Pn2Umtl2G3280w.jpg
6656,44585,https://image.tmdb.org/t/p/w300/tN8lARzROe06PIOFhEyB6nyT1D3.jpg
6658,9051,https://image.tmdb.org/t/p/w300/uUCr4WTogPnb7LOILL8opxSyxGw.jpg
6659,9362,https://image.tmdb.org/t/p/w300/cA4ggkZ3r1d5r9hOAUWC8x5ul2i.jpg
6660,19542,https://image.tmdb.org/t/p/w300/vPvpBWFWDvEXuQBkoYgA6A89GVp.jpg
6662,936,https://image.tmdb.org/t/p/w300/aCjJ0sKayks2uL7MJBzdp2i67NI.jpg
6663,12268,https://image.tmdb.org/t/p/w300/GGCch9LNAKwp4ZADAcNz1hd1dn.jpg
6664,10999,https://image.tmdb.org/t/p/w300/ollPAAAgZ7euU8VisfqU3cuXhZ6.jpg
6665,33521,https://image.tmdb.org/t/p/w300/gU0BMydJQV9HES5fRAEAPs2qw2M.jpg
6666,4593,https://image.tmdb.org/t/p/w300/zN4ILX2x64PvT2jIOAHXxCOi5WA.jpg
6667,34044,https://image.tmdb.org/t/p/w300/wJkMYVedNcwK7tzWL7k7Jp6tUPr.jpg
6668,12276,https://image.tmdb.org/t/p/w300/AbUmBTtVZDpchPA4Yfq4OpIs46X.jpg
6669,3782,https://image.tmdb.org/t/p/w300/dgNTS4EQDDVfkzJI5msKuHu2Ei3.jpg
6670,36629,https://image.tmdb.org/t/p/w300/4yK0mEONadsXSdeoZQAGn92ZrKp.jpg
6671,2891,https://image.tmdb.org/t/p/w300/sDICHxQRDkS4TvIDcUgO9URJxu1.jpg
6678,20815,https://image.tmdb.org/t/p/w300/cnkKQyRzoCMZliMaknTOXHqXKaz.jpg
6679,19433,https://image.tmdb.org/t/p/w300/h7oBhsEsiHUgZ1uflyqBafB6SoB.jpg
6684,6619,https://image.tmdb.org/t/p/w300/s81SuFBSqY8T5Lrn5R8ucX8LKxi.jpg
6686,10610,https://image.tmdb.org/t/p/w300/lbjFWKfe8WdS8Pj6WVPlyEKeVEo.jpg
6687,2830,https://image.tmdb.org/t/p/w300/6z6ehjP1GyMLFeja9pHGGZb9B2.jpg
6688,15920,https://image.tmdb.org/t/p/w300/A1RHlp8q0QxI4SREgSvUEe3asDk.jpg
6689,21413,https://image.tmdb.org/t/p/w300/l7PDR9rtbUN5b4gMVPSLMqIgfov.jpg
6691,16405,https://image.tmdb.org/t/p/w300/qhNlFTwlrte13wX3ntMQJSO7azG.jpg
6692,33255,https://image.tmdb.org/t/p/w300/j86fTZtXLGEYhOtBLLyfRonYJ5Z.jpg
6695,11351,https://image.tmdb.org/t/p/w300/u2ghDfjcs3y5c8ata3COc4pWiAN.jpg
6696,333,https://image.tmdb.org/t/p/w300/pXIVHT73QG70nZZdsVMwa0OgFUK.jpg
6699,22200,https://image.tmdb.org/t/p/w300/z4w08dm44L650QCegJQML4AyFTJ.jpg
6702,13778,https://image.tmdb.org/t/p/w300/eyn1WbZmUUIXU8QoorKWJTQ1iLg.jpg
6705,1415,https://image.tmdb.org/t/p/w300/4DVWGtV1OA3W8kZxiimdNsepS6O.jpg
6706,31094,https://image.tmdb.org/t/p/w300/lRkyqGbJC7omaeKgMid8LQcKsLt.jpg
6707,11547,https://image.tmdb.org/t/p/w300/vaUkSL7PbeeKfdFKOh9TYR9M1ds.jpg
6708,7270,https://image.tmdb.org/t/p/w300/cIWQzIoWOvx0piZM0UpiHMhzHWW.jpg
6709,1428,https://image.tmdb.org/t/p/w300/ETUpGxmLocsfER8GT8w5sOkRG0.jpg
6710,17906,https://image.tmdb.org/t/p/w300/ii8h0p26vhp4G6x5Hw86ka3ys45.jpg
6711,153,https://image.tmdb.org/t/p/w300/3jCLmYDIIiSMPujbwygNpqdpM8N.jpg
6713,33320,https://image.tmdb.org/t/p/w300/p44UXOFBCY5xbpCKEsWpi4filCD.jpg
6715,61054,https://image.tmdb.org/t/p/w300/hvXqvntgMKFxhwxt18sD7R0tuLq.jpg
6718,27590,https://image.tmdb.org/t/p/w300/8qHvL1w0NYemVeppB1UKlAd1pS0.jpg
6720,14603,https://image.tmdb.org/t/p/w300/mF0eKbtnPxMVTPiLeKquUziMW06.jpg
6721,10617,https://image.tmdb.org/t/p/w300/dkBQC0jmkmTOJJMgwsBdgkzZ6Ry.jpg
6722,10618,https://image.tmdb.org/t/p/w300/jvrQXnpgSpKXQ3fkz5p6RV8jZJa.jpg
6723,10619,https://image.tmdb.org/t/p/w300/8TmkTiHOTAyAjmbtDVi5f78a5ow.jpg
6724,11293,https://image.tmdb.org/t/p/w300/3GHG0kTcBWHKdXjj3RdK8GjBCd6.jpg
6731,8408,https://image.tmdb.org/t/p/w300/bi7SO5F4VyyGQTlxQirbH1dwKzW.jpg
6732,14030,https://image.tmdb.org/t/p/w300/aPZOt9BR3gnk1RyX924ySq81S4P.jpg
6734,2687,https://image.tmdb.org/t/p/w300/zbplzn4WrBkKDmmWlQkWdsacmNa.jpg
6744,19064,https://image.tmdb.org/t/p/w300/eK3dxRrMQGpZ1kLD9wdyOI8urFZ.jpg
6746,25241,https://image.tmdb.org/t/p/w300/j9mNz3y3UeGQydqBKBhcIPk5l6P.jpg
6748,28942,https://image.tmdb.org/t/p/w300/zSEt4QXRI4Gypd9xvzvucOmPNl5.jpg
6750,10739,https://image.tmdb.org/t/p/w300/bvyoWDh60R31ZE5L8TjZ8Qpv5xM.jpg
6751,12767,https://image.tmdb.org/t/p/w300/2AKitfwCoCmHU4PTtC5oF6LImlG.jpg
6752,22309,https://image.tmdb.org/t/p/w300/1Dd8TBA6G0n1x2N8KpJvIefy2sB.jpg
6753,13156,https://image.tmdb.org/t/p/w300/mYIMMAma7DCACRfiGhHAybPAdKa.jpg
6754,277,https://image.tmdb.org/t/p/w300/zsnQ41UZ3jo1wEeemF0eA9cAIU0.jpg
6755,9707,https://image.tmdb.org/t/p/w300/pKQBit5ZV7GEOTiMBSYC6xBn86K.jpg
6760,36791,https://image.tmdb.org/t/p/w300/denzE2tZc3TZ95vQNK3rKo0iDHn.jpg
6763,7288,https://image.tmdb.org/t/p/w300/mCQ4oO9djqcthBRD3ftTnR8qSP7.jpg
6764,10159,https://image.tmdb.org/t/p/w300/dJX06UwlLIwbLLt9UQ6DlkHF4jz.jpg
6765,10934,https://image.tmdb.org/t/p/w300/3vQUQwdtfPt1Sl2GZrIECWWA0dk.jpg
6768,5653,https://image.tmdb.org/t/p/w300/5Z3wlA8sKdd3tPTZW8N1q3YEd5f.jpg
6769,321,https://image.tmdb.org/t/p/w300/siYFoZUq0HOCksnOc7me8YT1AOo.jpg
6770,20,https://image.tmdb.org/t/p/w300/pFEtVPW88pWflYV84UFL0h1iJr3.jpg
6772,5168,https://image.tmdb.org/t/p/w300/mqB5QPNCmbF8DgsZqmyGQAGktUE.jpg
6773,9662,https://image.tmdb.org/t/p/w300/enw6C4fDw88g0nOQgIJXjgH3NHi.jpg
6774,837,https://image.tmdb.org/t/p/w300/qqqkiZSU9EBGZ1KiDmfn07S7qvv.jpg
6775,20303,https://image.tmdb.org/t/p/w300/5IYvqrrDRtEUiGS8M6w1GxGDdrM.jpg
6776,19666,https://image.tmdb.org/t/p/w300/yNX9lFRAFeNLNRIXdqZK9gYrYKa.jpg
6777,821,https://image.tmdb.org/t/p/w300/b6vYatvui1EXeFYfpDX4rcbueuP.jpg
6780,1358,https://image.tmdb.org/t/p/w300/A3sVrDThz8Xthfq2EglWoypKEfU.jpg
6782,11475,https://image.tmdb.org/t/p/w300/rYI5IAKwqOl6nPcAYL58VzI0EXN.jpg
6783,776,https://image.tmdb.org/t/p/w300/8JOzt7uFZyshcuzCBmYU6CDJL4D.jpg
6785,16563,https://image.tmdb.org/t/p/w300/hysjTnPNuO6OHWGjEorYSwwusbk.jpg
6786,11703,https://image.tmdb.org/t/p/w300/lbrn4gOjYKrLrINn3uUJRlV2NZO.jpg
6787,891,https://image.tmdb.org/t/p/w300/pCe6lfLxt1B58zPD4lgQrlnDS2j.jpg
6788,83714,https://image.tmdb.org/t/p/w300/A7B8snyynp1iOBYiGx76V3TOdKq.jpg
6789,12531,https://image.tmdb.org/t/p/w300/8EWKKGnAQPdTXhr2aRde1aLwPQn.jpg
6790,10881,https://image.tmdb.org/t/p/w300/y1iJWqwIn8rf6EN3pLM2jRoDjKU.jpg
6791,11832,https://image.tmdb.org/t/p/w300/3ibptSbnAHd0SUBnOKapNZQBpCl.jpg
6793,11806,https://image.tmdb.org/t/p/w300/aSZYXOmQ9SW27gLdHU02PJQGBMH.jpg
6794,10438,https://image.tmdb.org/t/p/w300/biH5hW1BRfEr13oCizuAzpdBf2l.jpg
6796,650,https://image.tmdb.org/t/p/w300/v4ox4aSCNT5vyLXl4Q71JiWwCXW.jpg
6797,10337,https://image.tmdb.org/t/p/w300/hSGncpMByW8zx2aOSXdZB0e70yA.jpg
6798,8446,https://image.tmdb.org/t/p/w300/j9BPl3jkNCFgsYe5poKrirUqrf8.jpg
6800,9874,https://image.tmdb.org/t/p/w300/rCN9c1NfxjfgMkTPFATOzUkNEyg.jpg
6803,29161,https://image.tmdb.org/t/p/w300/dhk14s8ogQkbf6re3HLKV2UBHjx.jpg
6804,21627,https://image.tmdb.org/t/p/w300/1bP8zmzcJiIqMwUAfpfYgP5IHif.jpg
6807,4543,https://image.tmdb.org/t/p/w300/9yavZ9WgEZIpWi2EbVW8At9RPdo.jpg
6808,11046,https://image.tmdb.org/t/p/w300/dnyiVS4Ad4w4rfS4Bm1YalEdonx.jpg
6809,11707,https://image.tmdb.org/t/p/w300/5WEGUQIFpwUh4T4ZMMdzECsvXNS.jpg
6810,7442,https://image.tmdb.org/t/p/w300/zaUkndJP8IClB1gMsbw13PoVeLS.jpg
6811,14425,https://image.tmdb.org/t/p/w300/xTToUzy9Im9nu2W8fz7TPWoDWN5.jpg
6812,6723,https://image.tmdb.org/t/p/w300/pr37i12Qe1gGxMBf6GTIDZvfFIT.jpg
6814,16969,https://image.tmdb.org/t/p/w300/gESRbXstISpeELPpYQYiTM3nRF1.jpg
6816,13339,https://image.tmdb.org/t/p/w300/8IKEBJdaFWVBxPmsmUx5eICRwKf.jpg
6817,28761,https://image.tmdb.org/t/p/w300/tbLYzI4rB7qQy0gete68v2gHVZV.jpg
6818,25237,https://image.tmdb.org/t/p/w300/qNbMsKVzigERgJUbwf8pKyZogpb.jpg
6820,9871,https://image.tmdb.org/t/p/w300/ozohDiJd7Oi65NEf8B0ya7lR9Fr.jpg
6821,33258,https://image.tmdb.org/t/p/w300/dnHmQgxeHqgc1A78hE3AdzhlJsW.jpg
6827,33783,https://image.tmdb.org/t/p/w300/tydslMVgc6DpEvwYT0MWW9byL1a.jpg
6832,11364,https://image.tmdb.org/t/p/w300/1gyViKAIpy1jAcM3B17iXNbiHrh.jpg
6835,39916,https://image.tmdb.org/t/p/w300/eCUSieEikP6vt0dBbIKnEGpyEK2.jpg
6836,31634,https://image.tmdb.org/t/p/w300/aOME46GMTef0rkseEi4phAo4gRf.jpg
6837,43739,https://image.tmdb.org/t/p/w300/2bKxlYgwKRQidS8S9DSPjpITPlv.jpg
6849,13765,https://image.tmdb.org/t/p/w300/eadjJGFdbZdhXSjtokmay7NjVHi.jpg
6850,12772,https://image.tmdb.org/t/p/w300/iqIKuwQYdvoKKGFjjEPdXlUKYvk.jpg
6851,47866,https://image.tmdb.org/t/p/w300/4klEYvGDHmv89NQRfAaDc8qHncs.jpg
6852,18900,https://image.tmdb.org/t/p/w300/sPEvsif5Y70mfVvtU39iOyrVJdF.jpg
6853,73265,https://image.tmdb.org/t/p/w300/cb5QF2UKeP6z6oEp0c0nIwl36sw.jpg
6856,3087,https://image.tmdb.org/t/p/w300/cqLLIyJFjLr6jGOxWVEHG11WGzB.jpg
6857,14282,https://image.tmdb.org/t/p/w300/qzZEnaXwv4wss2QalEo4Uf9BAwh.jpg
6858,11502,https://image.tmdb.org/t/p/w300/tkdeCwZhy9hzzVjZFjw0RPGWUIg.jpg
6860,21219,https://image.tmdb.org/t/p/w300/l7GfcGzH4UQzzP0Q3EfBiDbm5yu.jpg
6862,2116,https://image.tmdb.org/t/p/w300/zMExJ6RdJQmRMydvozhEBlOLX1m.jpg
6863,1584,https://image.tmdb.org/t/p/w300/zXLXaepIBvFVLU25DH3wv4IPSbe.jpg
6867,2056,https://image.tmdb.org/t/p/w300/kjJg6eJa9I9flfHaJG67ecEv8YX.jpg
6868,4997,https://image.tmdb.org/t/p/w300/mfG8S7D4rYeVqvTzjc3D36PAK3R.jpg
6869,8439,https://image.tmdb.org/t/p/w300/30v64yPfBbNSmnYHShExuWlXUJh.jpg
6870,322,https://image.tmdb.org/t/p/w300/hCHVDbo6XJGj3r2i4hVjKhE0GKF.jpg
6872,11059,https://image.tmdb.org/t/p/w300/jmRjnbrcP85xV6LBtsVTM1BVOxM.jpg
6873,11775,https://image.tmdb.org/t/p/w300/7K8hDwOWsZv0MluyrB8nWlhJOgB.jpg
6874,24,https://image.tmdb.org/t/p/w300/v7TaX8kXMXs5yFFGR41guUDNcnB.jpg
6879,11329,https://image.tmdb.org/t/p/w300/hpBot7sqaskTdZS264c7hOhGiQ0.jpg
6880,9373,https://image.tmdb.org/t/p/w300/781px1eOtfVt1RdIsL4Dt1s3x7R.jpg
6881,1550,https://image.tmdb.org/t/p/w300/qm3jGZwz2UkwwEFEFzSot8T0pz1.jpg
6882,5493,https://image.tmdb.org/t/p/w300/vM5VswPvFBhDd5tuQlQb21RKlqf.jpg
6883,28200,https://image.tmdb.org/t/p/w300/fEhrg0uQqhmHUDRqODxxvRPipfB.jpg
6884,10629,https://image.tmdb.org/t/p/w300/1aJYz1YjcZggKsTJhCcYJ3adtcm.jpg
6885,10944,https://image.tmdb.org/t/p/w300/c8Xg0yc8UQwDXooffBNLLs2BvQH.jpg
6886,9839,https://image.tmdb.org/t/p/w300/j7Upm2AtGuTzCs2Asq0GyBIMAxX.jpg
6887,13920,https://image.tmdb.org/t/p/w300/uQ6ci4iFHhB6TWB2f4wftR7AEly.jpg
6888,4256,https://image.tmdb.org/t/p/w300/lpNG1nx67rvYze1b1R9q0YoSzrC.jpg
6889,10009,https://image.tmdb.org/t/p/w300/otptPbEY0vBostmo95xwiiumMJm.jpg
6890,1807,https://image.tmdb.org/t/p/w300/1a4VU9z2hxEvugHMK7VsobB9xTX.jpg
6893,10536,https://image.tmdb.org/t/p/w300/8NOw3HPHkcBndJW2K6ofbcSb7WD.jpg
6898,1376,https://image.tmdb.org/t/p/w300/p5h50WEZQ4pRFffnSULqL4cEuLp.jpg
6899,31397,https://image.tmdb.org/t/p/w300/Al8v2ASozhufxTiA7HVL7GAxi3y.jpg
6902,20312,https://image.tmdb.org/t/p/w300/zZQt29qBWLoVVOo8HEFzFYRAgYQ.jpg
6909,10389,https://image.tmdb.org/t/p/w300/ux5xsVRBwusVrmOTlhV9zRhu93d.jpg
6911,31206,https://image.tmdb.org/t/p/w300/TA8OqACOphikMD16HLeohJqPk.jpg
6912,28658,https://image.tmdb.org/t/p/w300/6sdGOX0R1OVVT93kcZHz8xmOLOg.jpg
6918,897,https://image.tmdb.org/t/p/w300/qvR2Qs42WHwCEcuwhQnterU3gVY.jpg
6920,11657,https://image.tmdb.org/t/p/w300/w56La43IJnGpLepgqfGCAZsbQPp.jpg
6927,10922,https://image.tmdb.org/t/p/w300/zRgYzYpcXyXznlSc4swqNpXcnVs.jpg
6932,13537,https://image.tmdb.org/t/p/w300/bIFJ49tk79hiFr9Z6bF6QapTg66.jpg
6934,605,https://image.tmdb.org/t/p/w300/bkkS61w94ZVMNVd8KEyyJl2tnY5.jpg
6935,33222,https://image.tmdb.org/t/p/w300/6OeVe8oGS7vccKjsiuIGTwBlAFk.jpg
6936,10719,https://image.tmdb.org/t/p/w300/oOleziEempUPu96jkGs0Pj6tKxj.jpg
6938,23995,https://image.tmdb.org/t/p/w300/xMk6AQCjiBAva8ufU3vpCTQkM0r.jpg
6939,1277,https://image.tmdb.org/t/p/w300/7cjNxmJUmz3gaaN6LYRJuEYtaKe.jpg
6942,508,https://image.tmdb.org/t/p/w300/7QPeVsr9rcFU9Gl90yg0gTOTpVv.jpg
6944,11846,https://image.tmdb.org/t/p/w300/bU7HzJbJpY5OiLdqWhKSqGPtYii.jpg
6945,50314,https://image.tmdb.org/t/p/w300/flpuP2Y2qUkVGghsOYkxj0HkgB9.jpg
6946,10715,https://image.tmdb.org/t/p/w300/q0kntpdsHA0QdYjpQdNBqrVTdQq.jpg
6947,8619,https://image.tmdb.org/t/p/w300/s1cVTQEZYn4nSjZLnFbzLP0j8y2.jpg
6948,21525,https://image.tmdb.org/t/p/w300/dGJxjq8npqFZtuAtGsyjntip7uh.jpg
6949,14892,https://image.tmdb.org/t/p/w300/d6q6Sy1HoeBiRPuVNXIDYLz30Wa.jpg
6950,12146,https://image.tmdb.org/t/p/w300/86s5nw5F1G8lJtEowO0LBB4hoBW.jpg
6951,10588,https://image.tmdb.org/t/p/w300/uYYLz67e5xEQMsY858VSSCDsLU6.jpg
6952,4970,https://image.tmdb.org/t/p/w300/frSGNQcWx1ek8dCduFYCux1ho7n.jpg
6953,470,https://image.tmdb.org/t/p/w300/wZ0l6or5juuVWqDkLEgaghs4f9l.jpg
6954,11042,https://image.tmdb.org/t/p/w300/mqlgZiQHT3B5J8Q4mkgaCkt47uJ.jpg
6957,10147,https://image.tmdb.org/t/p/w300/rfClLIyeHqpMofmrPY8DaLe4z9x.jpg
6958,10756,https://image.tmdb.org/t/p/w300/lGi5yio4pdDz5PkSeZCbnMQz5vK.jpg
6959,9562,https://image.tmdb.org/t/p/w300/uOCIrFOT4U9QXML3SLlpCxGs7BV.jpg
6961,11012,https://image.tmdb.org/t/p/w300/alf3JOPP7EYP0iO24gwe5YfRnqo.jpg
6962,279714,https://image.tmdb.org/t/p/w300/8V261ENcng8kBBuWsE7hnBVwAJd.jpg
6963,30068,https://image.tmdb.org/t/p/w300/5bOMMSTIDv2YiWP7v3yOr3hHWzx.jpg
6965,158413,https://image.tmdb.org/t/p/w300/5PwUeC84t8KJTimflZQZPjHN0sk.jpg
6966,9556,https://image.tmdb.org/t/p/w300/9fxGRzlINIvfPFhizMgbQaDDrK.jpg
6967,13581,https://image.tmdb.org/t/p/w300/6bpPtLRMbfSkH0k6sLdJRIcEeq3.jpg
6969,19184,https://image.tmdb.org/t/p/w300/Ag3cM67YCiOIyc0MLVNnDZ0avf4.jpg
6970,24203,https://image.tmdb.org/t/p/w300/9gFerTRUGkIFn41mb3B1wb8ohtj.jpg
6971,9065,https://image.tmdb.org/t/p/w300/pyFtuYQReoSmhNs55kRJedA5wEJ.jpg
6973,4823,https://image.tmdb.org/t/p/w300/bQZT83mRoNINRsCaKtKOpUQQdY.jpg
6974,10168,https://image.tmdb.org/t/p/w300/tKeZDE3Hbne5w43k7ASFolDKroC.jpg
6975,10234,https://image.tmdb.org/t/p/w300/vUJxLlRGM6KfXQDeAHqyMyhrI59.jpg
6978,14022,https://image.tmdb.org/t/p/w300/f7Iov2nd0XX9bp2laQEPYPEhisc.jpg
6979,860,https://image.tmdb.org/t/p/w300/zZ1rN4LoPxKNfAp67Xl300WxVeD.jpg
6981,48035,https://image.tmdb.org/t/p/w300/c9Oef9uQEuadZlnvv8hphRmTIgx.jpg
6982,5000,https://image.tmdb.org/t/p/w300/nby91GNVXQAv1NmKvqlpEEdhcMQ.jpg
6983,22744,https://image.tmdb.org/t/p/w300/stD4BQiN4TLNf6P5ju95AVRPdto.jpg
6984,17831,https://image.tmdb.org/t/p/w300/mO8ezngn6ZYqpCQuhXUSEtDDwos.jpg
6985,780,https://image.tmdb.org/t/p/w300/tAgV9yxY6AC1bsPt3qJJQpD4s8.jpg
6986,31510,https://image.tmdb.org/t/p/w300/aCohFCJNxPner7VzjzyNN7H8BgV.jpg
6987,234,https://image.tmdb.org/t/p/w300/myK9DeIsXWGKgUTZyGXg2IfFk0W.jpg
6989,8289,https://image.tmdb.org/t/p/w300/xQFH7XlMk8pLPDzK5XVEj5McsRm.jpg
6990,11583,https://image.tmdb.org/t/p/w300/4LqLUNoCwoPQNmrRuDZa0zC3hT8.jpg
6992,6472,https://image.tmdb.org/t/p/w300/4QXsuHFw1teyR48mnXz8jk9P3Gq.jpg
6993,5143,https://image.tmdb.org/t/p/w300/gARgIRb2QFRFVrsziwWE389u1pK.jpg
6994,11384,https://image.tmdb.org/t/p/w300/k7RhWe8ebHGPp40DDTfFTEoL6CO.jpg
6996,8010,https://image.tmdb.org/t/p/w300/qxKeykPNGbKAK0DJijMUaZ5cVPo.jpg
6997,10410,https://image.tmdb.org/t/p/w300/aMGhaSkhkFwz33hKEsBrJ3ptx3g.jpg
6998,47095,https://image.tmdb.org/t/p/w300/cmZTyKkjlchMjhgzvnpfkxIglqJ.jpg
6999,10407,https://image.tmdb.org/t/p/w300/A9Ojij6kEwe8LSnMieiPyPCXShx.jpg
7000,9292,https://image.tmdb.org/t/p/w300/2AiR7HZuIOUdJp6LYOEOA8z7pF3.jpg
7001,11850,https://image.tmdb.org/t/p/w300/skS02wdeH2C0nrbCQP3qKwJdZtZ.jpg
7004,951,https://image.tmdb.org/t/p/w300/nKnHWwkXyvhzCYWm3FyRAv3qBrl.jpg
7005,10804,https://image.tmdb.org/t/p/w300/fRHq4KerVgNRLaDwwuYpCAHIQJX.jpg
7007,9319,https://image.tmdb.org/t/p/w300/glPswihcZYoAQ4YM2uJF4UACy8T.jpg
7008,1643,https://image.tmdb.org/t/p/w300/dNgdUdNOWfHsZI3lDu6Epig7H2P.jpg
7009,2007,https://image.tmdb.org/t/p/w300/suRf59zRu1h8Zq4Gxekn6UiLGaM.jpg
7010,10995,https://image.tmdb.org/t/p/w300/lgBGy8QaIFD9jQJWgi837czobEp.jpg
7012,2612,https://image.tmdb.org/t/p/w300/zlYxDFP9l1YcUnspNzuIa8KVo4N.jpg
7013,3112,https://image.tmdb.org/t/p/w300/rBka0nFWiHxabHRLr0KfIA8Yiaq.jpg
7015,2611,https://image.tmdb.org/t/p/w300/rfHLYKddffTEfPbnXNrp8Oc4Owj.jpg
7016,1825,https://image.tmdb.org/t/p/w300/a926UPf4EYbHfjdzf012M5YHiQ5.jpg
7017,10538,https://image.tmdb.org/t/p/w300/4VBN8pQxGHjeZWcNv1V1xSw0OKC.jpg
7018,11092,https://image.tmdb.org/t/p/w300/jSPWptOsqU1nxXQe6muSPB0kD3c.jpg
7019,18410,https://image.tmdb.org/t/p/w300/odUw1Th64wqGF8hQLyNJoKWbAXX.jpg
7020,14904,https://image.tmdb.org/t/p/w300/sDWGe24TVQOHy0ZBQ8yek4P8fZn.jpg
7022,3176,https://image.tmdb.org/t/p/w300/aLGKAQKgzWpJ6egyWzzC11jXBRJ.jpg
7023,9261,https://image.tmdb.org/t/p/w300/arWCA8lg0rbdlwHUMvI46LNDhnL.jpg
7024,5336,https://image.tmdb.org/t/p/w300/xnaDdiRfZlJaTf6JRc4in40eaeI.jpg
7025,23908,https://image.tmdb.org/t/p/w300/cOLBAnK2PvHxwjdEHQl4n3pZI14.jpg
7026,14671,https://image.tmdb.org/t/p/w300/s1Ad6q0XnVS6u1yoaYghHw5dskv.jpg
7027,11509,https://image.tmdb.org/t/p/w300/k6zurzegRKsNGMICXZ57VJDUzXO.jpg
7028,10729,https://image.tmdb.org/t/p/w300/8q0VQYwOhhuRFMsyzdZ5JoB676g.jpg
7030,20763,https://image.tmdb.org/t/p/w300/nQjCKrwWYH6ES0HrnkLkPXnOEp0.jpg
7031,2047,https://image.tmdb.org/t/p/w300/6sZTcKhLRNp07cVoqgcMZoK9Noo.jpg
7032,14249,https://image.tmdb.org/t/p/w300/83diOZcg6ZiY8voNy2k4BX9TsMf.jpg
7033,10021,https://image.tmdb.org/t/p/w300/7UizUgCGt2Vx48m3v2bOUEt51b2.jpg
7034,11634,https://image.tmdb.org/t/p/w300/ek5fMfwGVTyQ0N0VXBT1VWqan3U.jpg
7036,11824,https://image.tmdb.org/t/p/w300/bv9rY9eoue2Hat6tcvrKVQ0ow8v.jpg
7037,8222,https://image.tmdb.org/t/p/w300/xUpMr3ma8XMpdDhM27s4EuFxdyC.jpg
7038,20067,https://image.tmdb.org/t/p/w300/vTeEzAj0Uv8ySwdh894tEGvSh4s.jpg
7040,9846,https://image.tmdb.org/t/p/w300/2iW3pSihBIhXjnBQmUJ0mAiZbB5.jpg
7041,23719,https://image.tmdb.org/t/p/w300/A8SyaIUq9d83ZNAwsvVo6TrOA2U.jpg
7044,483,https://image.tmdb.org/t/p/w300/uLUFI5sJIfWrBUWB2Y1dEuyvvVy.jpg
7045,10166,https://image.tmdb.org/t/p/w300/mPYBjVkeHakkPGY7WaKyyNU4RWm.jpg
7046,6069,https://image.tmdb.org/t/p/w300/p5OivnZuXfy5E3BKKFIeSidmwys.jpg
7047,11018,https://image.tmdb.org/t/p/w300/c8SfIgwR5mfu0c0qTBKbsvBfecJ.jpg
7048,11676,https://image.tmdb.org/t/p/w300/umbzQyRMeB1oHTKiymTlH591xNB.jpg
7049,28293,https://image.tmdb.org/t/p/w300/zKBXy84eN6tgwXaYsiFSCgq0GBc.jpg
7050,28292,https://image.tmdb.org/t/p/w300/8crR3tx6JapNwH4WcrxDkOaDkRE.jpg
7051,3681,https://image.tmdb.org/t/p/w300/seKbiGx8mjF04Bx4LVBQk741Eqv.jpg
7052,43875,https://image.tmdb.org/t/p/w300/AKInVpVxnGQLSrmnOUoqTlCtdm.jpg
7053,31798,https://image.tmdb.org/t/p/w300/i4apYC87andlqfn5IhbxZN3b8Up.jpg
7054,43436,https://image.tmdb.org/t/p/w300/qrshhX8dywIOljtITGHGNK6TJcB.jpg
7055,20325,https://image.tmdb.org/t/p/w300/3iukS0hzUAmhwHdqWrgQuKwMnJY.jpg
7056,17687,https://image.tmdb.org/t/p/w300/vVxdaRMprQO2DM4AFyJ6C4qZSFO.jpg
7057,19075,https://image.tmdb.org/t/p/w300/jIdjacF7a1KTSWcheNEo6qFEY8K.jpg
7058,41465,https://image.tmdb.org/t/p/w300/6b7xRttshmonGW6xzSCDMrHMTjA.jpg
7059,17641,https://image.tmdb.org/t/p/w300/iUQfP3s967V3SIAbyomNT8z8MIf.jpg
7060,12545,https://image.tmdb.org/t/p/w300/2NQgIjHxYyMJZWeUFH5cuKhN4nh.jpg
7061,27972,https://image.tmdb.org/t/p/w300/fbbzkhKJAxaA6lpHbcJqQIBaI1d.jpg
7062,898,https://image.tmdb.org/t/p/w300/6EODLN11HTX4l2cmakAhWIoJLF.jpg
7063,2000,https://image.tmdb.org/t/p/w300/qMk93yMo82svW27FEjudgueBMUL.jpg
7064,648,https://image.tmdb.org/t/p/w300/iYSe3yrkma0e1B0wWPXgr8w5sDN.jpg
7065,618,https://image.tmdb.org/t/p/w300/pNpOXpQI5GSUfiWypubYtMh9928.jpg
7067,19120,https://image.tmdb.org/t/p/w300/NbN10moPWQiiIKDJsC7A3j4Mcy.jpg
7069,11316,https://image.tmdb.org/t/p/w300/35wNrDYuZjVCLurOmTZ5j490iuR.jpg
7070,3089,https://image.tmdb.org/t/p/w300/jyNTsAzrIWB441OtvfbgKtx1kFS.jpg
7071,29845,https://image.tmdb.org/t/p/w300/6EJ4JoTxnH1QmGTE9pPzgtW1cLW.jpg
7072,995,https://image.tmdb.org/t/p/w300/zgMnfnwWZ3nkx4t0bUDEKtW24O8.jpg
7073,1594,https://image.tmdb.org/t/p/w300/pR6tNqNLYIbRRYC5TFKWVWaVvvK.jpg
7074,32318,https://image.tmdb.org/t/p/w300/eFIbnDnBnIi1qnz15UUiMFmjRmL.jpg
7075,11839,https://image.tmdb.org/t/p/w300/pPCOAipDP0sm8SLChpTMBPdCiqB.jpg
7076,916,https://image.tmdb.org/t/p/w300/2ffzF1WmeXtH420fSUoCrecFvDA.jpg
7078,1976,https://image.tmdb.org/t/p/w300/xewvSLrr0Ru6qVMwVqVheFLaGm4.jpg
7079,31685,https://image.tmdb.org/t/p/w300/m6fsyHeqSQs4tktk9q3awgo7IzF.jpg
7080,3062,https://image.tmdb.org/t/p/w300/q4UEd8BL74zVsOOaJkKVMLMmdTg.jpg
7082,12708,https://image.tmdb.org/t/p/w300/eEG29x9cljGKL2GPmRK9IByyL9e.jpg
7083,42045,https://image.tmdb.org/t/p/w300/3BuTH2W1s2AQTZAfiLoUMTx1PmM.jpg
7084,11610,https://image.tmdb.org/t/p/w300/yZFz5rwrdVmEoHVkVU7EkZedDfz.jpg
7085,4939,https://image.tmdb.org/t/p/w300/hBnLdDRU4pDaY6WtmDJGNlY5yzj.jpg
7086,25016,https://image.tmdb.org/t/p/w300/dIrQHvgSEAfpaz3fBnrRpvo0e8u.jpg
7087,15927,https://image.tmdb.org/t/p/w300/rvBWlGRKte2U6qElHV13h6JvmSe.jpg
7088,40423,https://image.tmdb.org/t/p/w300/fJWzdNRnfjcJuaZiKqaSURFV6Lg.jpg
7089,7857,https://image.tmdb.org/t/p/w300/kS7i093sQpkLTawUEdgf4HVOHSc.jpg
7090,79,https://image.tmdb.org/t/p/w300/vxgZto2Cz7ILHAlmRXt50I2brB2.jpg
7091,13912,https://image.tmdb.org/t/p/w300/sndzhGYShAcSf3AaYGfiwl4YbgS.jpg
7092,70881,https://image.tmdb.org/t/p/w300/39bSsAvMGOgN8I5lt2rOQgAXsj7.jpg
7093,987,https://image.tmdb.org/t/p/w300/r4RtbJk8wVyZ1yk6yBZjzGD4ANU.jpg
7096,30140,https://image.tmdb.org/t/p/w300/6KmRx9auUqQ2bHCPGi32TS5VSYh.jpg
7099,81,https://image.tmdb.org/t/p/w300/tcrkfB8SRPQCgwI88hQScua6nxh.jpg
7101,11821,https://image.tmdb.org/t/p/w300/36yGVgFWg7PvDdZ10Csg1uHpcZd.jpg
7102,10023,https://image.tmdb.org/t/p/w300/77H17YDeHoJCHebpfGF1rY3Dfof.jpg
7103,51036,https://image.tmdb.org/t/p/w300/l8BBcinqXq50PeKObT2lvLdTkYb.jpg
7104,11519,https://image.tmdb.org/t/p/w300/52Bn5yC6IHQuVxPUza3Q6RZCZTu.jpg
7107,15659,https://image.tmdb.org/t/p/w300/mk3enoeLNRXRnYGxKcvPXYY1xci.jpg
7108,18857,https://image.tmdb.org/t/p/w300/1LzBLlptRC7ogT8OPi8cb0NrDQb.jpg
7109,33517,https://image.tmdb.org/t/p/w300/dFvjnu8NxaGlJUuNHTsaw4Ng5ee.jpg
7114,42740,https://image.tmdb.org/t/p/w300/iMiih5FGHwpUCAaJAIkYKl5Hffi.jpg
7115,20126,https://image.tmdb.org/t/p/w300/wq7RxV5gMvgO0EKeWpNhegnpJBh.jpg
7116,827,https://image.tmdb.org/t/p/w300/jE8ygUYBUGyUcM4sR6iinPqYeDK.jpg
7117,11811,https://image.tmdb.org/t/p/w300/9i6HjU4CZJytN37LKQUDrNguQg7.jpg
7118,20043,https://image.tmdb.org/t/p/w300/h5naABij9ghj6CLcpBYBkxMGYGX.jpg
7121,25431,https://image.tmdb.org/t/p/w300/k9gT6d2sDT9Jd4dvzHowTt3l6Zg.jpg
7122,17685,https://image.tmdb.org/t/p/w300/7RekNiu247cWDPfSqMyX77Yoez4.jpg
7123,2742,https://image.tmdb.org/t/p/w300/u01kh5jKUWjhom76mguRqUgdvja.jpg
7124,22010,https://image.tmdb.org/t/p/w300/hkWa0nrel8a1I5xDNHOX8S5q4zu.jpg
7125,51145,https://image.tmdb.org/t/p/w300/id2pAgtG5dNS7lguTpXbhCq9l3g.jpg
7127,48129,https://image.tmdb.org/t/p/w300/w4sxXgXpALEDFexRZE9cb3j8bb2.jpg
7131,18904,https://image.tmdb.org/t/p/w300/escHRIldvNphvBnxMcn6ybaJId0.jpg
7132,37719,https://image.tmdb.org/t/p/w300/A4YDGfJwaG7aMxDVrVJsOHJ7ufK.jpg
7134,9063,https://image.tmdb.org/t/p/w300/sfg5KUOdR4bfoPiDf63LVG7mlfw.jpg
7137,10744,https://image.tmdb.org/t/p/w300/gq3cZxo7SS6HAXdaxObLIyw9N1r.jpg
7139,10511,https://image.tmdb.org/t/p/w300/cUhMjWQyyApA0pFinogCsE2wy8g.jpg
7141,22289,https://image.tmdb.org/t/p/w300/nS6FmSnmG40W84xZVXyB5NLMMnL.jpg
7142,10028,https://image.tmdb.org/t/p/w300/gnY6d7BoddAAQ8s42fxCJK8lL1A.jpg
7143,616,https://image.tmdb.org/t/p/w300/a8jmJPs5eZBARmnuEEvZwbjwyz4.jpg
7147,587,https://image.tmdb.org/t/p/w300/tjK063yCgaBAluVU72rZ6PKPH2l.jpg
7149,6964,https://image.tmdb.org/t/p/w300/1cpdqe0SpiHzzbOLq9GDUUlZdSl.jpg
7150,1792,https://image.tmdb.org/t/p/w300/5TmPGPsOP4EgMo8X14pyywxB1j2.jpg
7151,3635,https://image.tmdb.org/t/p/w300/41DkOi1MvTgTQXt5BevVSzo94kk.jpg
7153,122,https://image.tmdb.org/t/p/w300/rCzpDGLbOoPwLjy3OAm5NUPOTrC.jpg
7154,11820,https://image.tmdb.org/t/p/w300/bg0VKsXnLjIZ0cHmZHZLs9gzrvm.jpg
7155,8696,https://image.tmdb.org/t/p/w300/yy2cPwrnUquMCmShrf8TbYu6emd.jpg
7156,12698,https://image.tmdb.org/t/p/w300/m1dEnkrdJGBSLeAyJepuGrU9sNI.jpg
7158,11093,https://image.tmdb.org/t/p/w300/hLxSOukLfC4j5pNbdE7lqaw8KgL.jpg
7160,504,https://image.tmdb.org/t/p/w300/sWPKG1GX0woLNBuvDZkwZC8Q3Ub.jpg
7161,11007,https://image.tmdb.org/t/p/w300/afclGGoQslTYFTnyW1LRMtJMiBp.jpg
7162,2289,https://image.tmdb.org/t/p/w300/j0AJeeR5CQPDFh0otyWyCWREHO8.jpg
7163,9620,https://image.tmdb.org/t/p/w300/h0BWaPnWYXwbCXF69DxS0YWcVy2.jpg
7164,10601,https://image.tmdb.org/t/p/w300/6QdU3TZZrIvXFzoHOwafZAynFjB.jpg
7165,52036,https://image.tmdb.org/t/p/w300/kZpURQjJuGvl2a0xI01J8uocCWW.jpg
7167,13433,https://image.tmdb.org/t/p/w300/bgazOSULGJSF2DNnyfWkOWn74ei.jpg
7169,14844,https://image.tmdb.org/t/p/w300/aGh5zpJSuxcx4lzFFbZ2QyY8wQP.jpg
7171,37088,https://image.tmdb.org/t/p/w300/6MJpX3xlQicN2zIBhPsjpyyIWH.jpg
7173,5966,https://image.tmdb.org/t/p/w300/7Tp16THdpHkMrqgoiDresDz9CWL.jpg
7175,10718,https://image.tmdb.org/t/p/w300/pY35tW8BMAjZewl87OxjXK8ui02.jpg
7176,40427,https://image.tmdb.org/t/p/w300/ivJ5lJ5laIuRMxVTzktWYQWy27p.jpg
7177,14757,https://image.tmdb.org/t/p/w300/pOKz4zpccIjdib2pfDRkg69Ojej.jpg
7178,11034,https://image.tmdb.org/t/p/w300/zCjwyhfDTFgunVVzBoEFzafpjbV.jpg
7179,25095,https://image.tmdb.org/t/p/w300/lV8zMPqaK8Qg39zKLzfvnYkiBiC.jpg
7181,30080,https://image.tmdb.org/t/p/w300/2LOe4Hu6Gxw6k76hLWhS8JVVILa.jpg
7184,65012,https://image.tmdb.org/t/p/w300/rWeUgrZ3YMIWfU8IGqPguWw3EyG.jpg
7190,131313,https://image.tmdb.org/t/p/w300/r8glQlKrMyVgWtRKXkU9zUXlWT9.jpg
7191,34151,https://image.tmdb.org/t/p/w300/aGyu2UhON2s0J0YdTWsTUvsFJ4g.jpg
7192,15797,https://image.tmdb.org/t/p/w300/pPWV5rBhCgzlzhwkpdRG7a7UZqt.jpg
7193,9548,https://image.tmdb.org/t/p/w300/u6accimG7LmroR8WgNklEJS7oFq.jpg
7202,11429,https://image.tmdb.org/t/p/w300/iS4oB4nQEdO86Fvszqf6P2ejK44.jpg
7205,14815,https://image.tmdb.org/t/p/w300/3QLqEZL1kBBfKjVz3nAm5vJruRZ.jpg
7206,427,https://image.tmdb.org/t/p/w300/wH6RyPiXFy8INLbViVkchLVOmBc.jpg
7208,3022,https://image.tmdb.org/t/p/w300/2GDdW84XSX3BYMJ9tmnFkZOGJyB.jpg
7209,778,https://image.tmdb.org/t/p/w300/r4F4tsU0Ajeh9ZYUkWOJSYmioj7.jpg
7211,23152,https://image.tmdb.org/t/p/w300/w7wdYUwie8kBsEojZCF5gbTfVii.jpg
7212,23567,https://image.tmdb.org/t/p/w300/gwliIJs9TWlZAcp6k0cx0I81W5e.jpg
7215,22584,https://image.tmdb.org/t/p/w300/m6EjBAY7gA6tx5RMutXGtZWFzyI.jpg
7216,27725,https://image.tmdb.org/t/p/w300/fkP6yy25Wja6Sn3AIlZ4F1BWsy0.jpg
7217,16227,https://image.tmdb.org/t/p/w300/dvwmiD6qQ05gojrFQRaFbdhbNDF.jpg
7218,980,https://image.tmdb.org/t/p/w300/1rzmL32QaewQbpO1zbhZKMDn5Gz.jpg
7219,16933,https://image.tmdb.org/t/p/w300/uF0X3IMhPIFgbwzlbayUsj4I6Tc.jpg
7222,37833,https://image.tmdb.org/t/p/w300/pLEy5EpJ09ilda44HDxkrGOQsKl.jpg
7223,18995,https://image.tmdb.org/t/p/w300/m7wZXWOt9XQKJT8r9pbAFo7jB46.jpg
7225,5205,https://image.tmdb.org/t/p/w300/24bh2SaydGoP9Jsi7eP2TkWGkLd.jpg
7228,14239,https://image.tmdb.org/t/p/w300/mqzRUHNtFwmgJCmSnvq3JnX0xgZ.jpg
7234,405,https://image.tmdb.org/t/p/w300/rwjbT0zlsUDMztaCcWjlWuxaEL1.jpg
7235,9696,https://image.tmdb.org/t/p/w300/k8j4YLZlda98dqp9ErymKzjYowG.jpg
7236,4917,https://image.tmdb.org/t/p/w300/dMbkoFzD5sEQvEaqRsIh4pTBJVq.jpg
7238,5055,https://image.tmdb.org/t/p/w300/nE8aqRvVnRQEqskiarnFhdJdk8g.jpg
7243,3059,https://image.tmdb.org/t/p/w300/lJCabs4TMOsKfnl0BmA5Hf16Ezb.jpg
7245,28586,https://image.tmdb.org/t/p/w300/8sGHAZVgizrAO2ixNliGVLDgZwg.jpg
7247,11708,https://image.tmdb.org/t/p/w300/wJ62FzGeCAs6PjCIK1as6xzdIY5.jpg
7248,27329,https://image.tmdb.org/t/p/w300/t7dh4Ex3xBJ1nwiPpRGxgCTUa3Y.jpg
7251,17736,https://image.tmdb.org/t/p/w300/6W7pwB1o601kN8zySjHNz5X3QDK.jpg
7254,1954,https://image.tmdb.org/t/p/w300/ea5iv7TWMh18fOKoRGgmtcg85Gx.jpg
7255,13476,https://image.tmdb.org/t/p/w300/5kXxbKlIEgMv0t8hLtZ3hfKLmG7.jpg
7256,11194,https://image.tmdb.org/t/p/w300/fsydA5H8FSDaYlYWddfMpMpDUX.jpg
7257,12634,https://image.tmdb.org/t/p/w300/l6tzLXXGubnC6TbFgg8acfcvGRO.jpg
7258,13505,https://image.tmdb.org/t/p/w300/xflTliVBvCztaLzTJx9luHnSqwD.jpg
7259,14114,https://image.tmdb.org/t/p/w300/nFwT3QisWFQa3Wlfnw1gC458xJn.jpg
7260,15708,https://image.tmdb.org/t/p/w300/uwzJL11Xp6h8stocOz6E8e2LWtB.jpg
7261,21301,https://image.tmdb.org/t/p/w300/n4sOe401udZJWJEOvKvSs3peZcB.jpg
7262,20483,https://image.tmdb.org/t/p/w300/vNZTtrzrIsIAHzqH3143oWIzFjG.jpg
7263,14292,https://image.tmdb.org/t/p/w300/mxtej2th8t8x0ufVBTyhsO6Htxj.jpg
7264,44539,https://image.tmdb.org/t/p/w300/gCfNIZuDMcKQTzcNDSCP4DkL3KK.jpg
7265,1278,https://image.tmdb.org/t/p/w300/gBb7GGaFYPu7nEUYvC8G4LaJJN1.jpg
7266,18841,https://image.tmdb.org/t/p/w300/nGUjqu7DotLx6yfakAeqaj8D1FO.jpg
7282,76176,https://image.tmdb.org/t/p/w300/xDWZQWzu3b4SryUxjfxoLebMLHk.jpg
7285,11023,https://image.tmdb.org/t/p/w300/uzTLlZrNF6rMPBh5mUQu6vLnTtX.jpg
7292,11221,https://image.tmdb.org/t/p/w300/uBXYsO3jUU3H59YBILMPHbN9wiP.jpg
7293,1824,https://image.tmdb.org/t/p/w300/lzUI2Cg7OMfcUNv3f7MywYNBjs6.jpg
7294,16784,https://image.tmdb.org/t/p/w300/xesXaNCtdGUO5FsMDYooPQAMHxQ.jpg
7297,11083,https://image.tmdb.org/t/p/w300/srIgymX8L1uYlNkRUVbOEYfcGex.jpg
7299,337,https://image.tmdb.org/t/p/w300/lS4hx9X5v6cpoCzzQohZs7zD881.jpg
7301,43376,https://image.tmdb.org/t/p/w300/mft7ZJqHxUyFaLL3ZYXX1MN2Gro.jpg
7302,28963,https://image.tmdb.org/t/p/w300/8t4CJ591N2FATf2yUiQNQk9p0tB.jpg
7303,2576,https://image.tmdb.org/t/p/w300/i7kUdUAF9eTxQG7GdR6lKUK96En.jpg
7304,22561,https://image.tmdb.org/t/p/w300/xRAnD7yd6Qx8NYXfoW5GN6K5jiC.jpg
7305,19345,https://image.tmdb.org/t/p/w300/iAlUN6XFuvSz1it58aH2cuEITrt.jpg
7306,14430,https://image.tmdb.org/t/p/w300/653dXbr6dXffXG0oN8OfZGShFRP.jpg
7307,12775,https://image.tmdb.org/t/p/w300/bjUYC4uC82oASTMPkb6iGCYOO2e.jpg
7308,9838,https://image.tmdb.org/t/p/w300/kpaW2gh0hjMPwoz30JL3gRKi2Ho.jpg
7310,2099,https://image.tmdb.org/t/p/w300/1Y2GgDyNJFELoSIVlRhFQSs23Uo.jpg
7311,42852,https://image.tmdb.org/t/p/w300/1M8yXsSglaW3CdUSX7uAxurwLtp.jpg
7312,40454,https://image.tmdb.org/t/p/w300/f9K6Opys2zr5B64EbfsnuxPmbRh.jpg
7315,8842,https://image.tmdb.org/t/p/w300/9CuODYTA3vvrGluaIl0hMPsEIK8.jpg
7316,11132,https://image.tmdb.org/t/p/w300/nQA9Ozh9ftLQyJvuKy6sl5zSlH2.jpg
7317,9352,https://image.tmdb.org/t/p/w300/iLdO4PwbZCCQSa9rchZMwuJm9xe.jpg
7318,615,https://image.tmdb.org/t/p/w300/rBM5o2HpmCfDejuIPybI09tkY3V.jpg
7319,11217,https://image.tmdb.org/t/p/w300/9slWyVotwxZNthMcKoeFaK3tgNz.jpg
7320,10677,https://image.tmdb.org/t/p/w300/5FnSCH592YIivbKtotq7YQanvmu.jpg
7321,13572,https://image.tmdb.org/t/p/w300/nfdfU9tYsEnjlFGoY2HabFMdHLi.jpg
7323,338,https://image.tmdb.org/t/p/w300/uHk1oGEbnvQGLnyiiYxTslZLoog.jpg
7324,2023,https://image.tmdb.org/t/p/w300/iGzENlBPYJEFWZnye4t3nqWSSp1.jpg
7325,9384,https://image.tmdb.org/t/p/w300/fmBYVkBjhVspPv3GGus84qhBo1a.jpg
7326,25935,https://image.tmdb.org/t/p/w300/pv2ocoAR3b4TJ4oGQMIy1CJx2wQ.jpg
7327,797,https://image.tmdb.org/t/p/w300/fVA5hTcAOlW2LJyelViQfWHxUcx.jpg
7328,42602,https://image.tmdb.org/t/p/w300/cr01316AyxUZyZrdLwzz3AXrgJc.jpg
7333,29084,https://image.tmdb.org/t/p/w300/6Oh4hCD2nni5JJpGGIhD3CutfNI.jpg
7335,25955,https://image.tmdb.org/t/p/w300/et4fY4BxLyAPwxvUFUbzCUrGsjR.jpg
7336,41876,https://image.tmdb.org/t/p/w300/ncrB07xLfGzbw10JE1vjQ7gQIT8.jpg
7340,24548,https://image.tmdb.org/t/p/w300/7ffvsRv8ueYYK0H3zocmNRPd8yN.jpg
7344,42989,https://image.tmdb.org/t/p/w300/jnmb49zPOeT0cvkvp35yN58SJwF.jpg
7345,17047,https://image.tmdb.org/t/p/w300/zlAltvp84rYVTYs3kdemqHBaiat.jpg
7346,10591,https://image.tmdb.org/t/p/w300/5mVyFHSY2rSsNgD4NfEwV82HigU.jpg
7347,1586,https://image.tmdb.org/t/p/w300/hvzw4wufKZkDCTPVeG71Z7pGfZh.jpg
7348,11169,https://image.tmdb.org/t/p/w300/rcdhS2g1d38NOoeh0PPAN2bLE7w.jpg
7349,49689,https://image.tmdb.org/t/p/w300/somDluLofBXeIu2y55mlG6Wc5JA.jpg
7352,156,https://image.tmdb.org/t/p/w300/bRrHJbr8kMb849IKBZ0RBk2Vmte.jpg
7354,10433,https://image.tmdb.org/t/p/w300/wmgmTe9uQ5mtudN6e4IVEGvSqg1.jpg
7357,43236,https://image.tmdb.org/t/p/w300/pSANpoBLMbejWTtiKz630eSaDpi.jpg
7360,924,https://image.tmdb.org/t/p/w300/ttquyxStEEctzghtA2f4PUGprDr.jpg
7361,38,https://image.tmdb.org/t/p/w300/5MwkWH9tYHv3mV9OdYTMR5qreIz.jpg
7362,11081,https://image.tmdb.org/t/p/w300/zeFGOS1kj0CxuZjGhtK3WlMCYsa.jpg
7364,16941,https://image.tmdb.org/t/p/w300/hQdFebtqcbwKELQHKf1hcjIHD0D.jpg
7366,9541,https://image.tmdb.org/t/p/w300/nMmMWoSooR6QmCjdT0AvZardof1.jpg
7367,5516,https://image.tmdb.org/t/p/w300/l4g9R39NCp6VaYFrw6q8JwKNW9x.jpg
7368,20304,https://image.tmdb.org/t/p/w300/nLN6zs2ySlekfdXS7mZ6uujTSBi.jpg
7369,11024,https://image.tmdb.org/t/p/w300/5BrXCJrs22bR5KR6mLHluYo6y4m.jpg
7371,553,https://image.tmdb.org/t/p/w300/lraVawavIXh5geMlVjpzCw9TGwR.jpg
7372,10544,https://image.tmdb.org/t/p/w300/xmGQsMbXKELzD4n78uMoCsgJPi4.jpg
7373,1487,https://image.tmdb.org/t/p/w300/lbaTEneOofwvAyg77R8HbFML2zT.jpg
7375,11137,https://image.tmdb.org/t/p/w300/2voUK98TW1cJ3w0qmDIdB16A3x6.jpg
7376,11358,https://image.tmdb.org/t/p/w300/2sdmKtRz2SlGSLxxZDePKm5zxus.jpg
7377,13573,https://image.tmdb.org/t/p/w300/60B0kXNSy3isCSZtM3vl2GWeKdE.jpg
7379,10733,https://image.tmdb.org/t/p/w300/aZrWYkxCCwSPKp4VjVvn46uHbIX.jpg
7380,14442,https://image.tmdb.org/t/p/w300/7AyNzwSEpJEG1gBdgwRfXi1cjs8.jpg
7381,2122,https://image.tmdb.org/t/p/w300/4fbglyCpPqK1u40fhncLXKAF74A.jpg
7382,25300,https://image.tmdb.org/t/p/w300/vTf4qR0OSuV4qBT8As4QoWxSJSq.jpg
7386,6844,https://image.tmdb.org/t/p/w300/3Ei59AR64x6dMZfWobPCkZjbqTL.jpg
7387,923,https://image.tmdb.org/t/p/w300/70MY8H0bLMvXf8ED2SgVMPhDVVM.jpg
7390,28026,https://image.tmdb.org/t/p/w300/qXXAJjWHcXbfwdlq96nHSTxCVHv.jpg
7394,10338,https://image.tmdb.org/t/p/w300/wcGELNaQ8TbiMUpAnkKLl5g09OO.jpg
7395,33839,https://image.tmdb.org/t/p/w300/sGj9auC0z18y25NObFbvWLt8gtX.jpg
7396,133919,https://image.tmdb.org/t/p/w300/ArKEdvJesIktFX8OAhcdKAOLl6I.jpg
7411,4365,https://image.tmdb.org/t/p/w300/51eGxEkyGMcHSGDLRjnf1oOKx2W.jpg
7414,65066,https://image.tmdb.org/t/p/w300/4TYdgaA6FV6PoKsJ34vQpzMlzMv.jpg
7419,10843,https://image.tmdb.org/t/p/w300/eamOBurHBu0MIxohTIVcfxmZ6Z7.jpg
7438,393,https://image.tmdb.org/t/p/w300/2yhg0mZQMhDyvUQ4rG1IZ4oIA8L.jpg
7439,7220,https://image.tmdb.org/t/p/w300/7rmA1HwYp2GKM85BL0cVwCaosGr.jpg
7440,33823,https://image.tmdb.org/t/p/w300/62E1tAw370MbsXWeTR10bg5VX5N.jpg
7443,126117,https://image.tmdb.org/t/p/w300/AbuKSyMOWOh3Yw1GOC454EAZD6K.jpg
7444,10096,https://image.tmdb.org/t/p/w300/iNZdSIfhSCMtRILDNyhLn8UKeSG.jpg
7445,9509,https://image.tmdb.org/t/p/w300/grCGLCcTHv9TChibzOwzUpykcjB.jpg
7448,10710,https://image.tmdb.org/t/p/w300/RMaKg5mVnGVI0z3SvIgS7hYPUt.jpg
7449,11058,https://image.tmdb.org/t/p/w300/lLncs8FEzKupj19wCqZ3sPmg3eU.jpg
7450,11141,https://image.tmdb.org/t/p/w300/6aqR0xwmK0mPOIVShDlT88Vo5W0.jpg
7451,10625,https://image.tmdb.org/t/p/w300/fXm3YKXAEjx7d2tIWDg9TfRZtsU.jpg
7454,7131,https://image.tmdb.org/t/p/w300/gsFun8nATm52aGHeT8ueAel98nE.jpg
7455,26899,https://image.tmdb.org/t/p/w300/daxDdN3vBBqx8KuOXNHBtu9QcbQ.jpg
7457,16428,https://image.tmdb.org/t/p/w300/piEqcDe7CTbxxPUSwswrsoKWzMw.jpg
7458,652,https://image.tmdb.org/t/p/w300/51auXjXepW1zblzhaN7CAhwvf5i.jpg
7459,8440,https://image.tmdb.org/t/p/w300/bkq8RsbCb7ugW0ZmsD8SYEvQWSp.jpg
7460,883,https://image.tmdb.org/t/p/w300/pfG02QCsutx3PIxFS8UY4iM9AsS.jpg
7477,10375,https://image.tmdb.org/t/p/w300/rn2Zu7zjOfNQCqQmqO7T1PDcBCq.jpg
7479,68440,https://image.tmdb.org/t/p/w300/6ZeyGqZEmK4JUbV0o5nBglEODoC.jpg
7481,11864,https://image.tmdb.org/t/p/w300/a3dr9L8VIjhEvivzQ2M12VQDere.jpg
7482,9461,https://image.tmdb.org/t/p/w300/fyrh2ULEcmLpGTVLPQqFW45hqr5.jpg
7486,18329,https://image.tmdb.org/t/p/w300/jIv3EiZIC2tkBmjQ747Lyf5c61b.jpg
7487,17993,https://image.tmdb.org/t/p/w300/cDMQLwT5LpdbA4dc4Twn43sbGRw.jpg
7492,26517,https://image.tmdb.org/t/p/w300/2UaQChRF3leBWlxYgVnUim7Conj.jpg
7493,28285,https://image.tmdb.org/t/p/w300/jqfTPqaGYlz1ZR7YHjz5RTgPa8U.jpg
7541,10035,https://image.tmdb.org/t/p/w300/sspDghFACtzitHyNV4sMBQcQKsg.jpg
7560,502,https://image.tmdb.org/t/p/w300/qrsj5hort5xkLOKw9NyraGMnlVP.jpg
7561,41965,https://image.tmdb.org/t/p/w300/ZblvybDhNSbEheAF9h8i0iUrdl.jpg
7562,10347,https://image.tmdb.org/t/p/w300/3rahpIHJBenGJKI1EfAHlGSfKEY.jpg
7564,30959,https://image.tmdb.org/t/p/w300/t9UMfViYl47SdZZatKQ1JKjjCgs.jpg
7566,20561,https://image.tmdb.org/t/p/w300/1MR6M5bX9r9HNf5SCWP9MRrEm8P.jpg
7569,667,https://image.tmdb.org/t/p/w300/9mvNd43HgTkbfPwX6MF6EoPIMIa.jpg
7570,700,https://image.tmdb.org/t/p/w300/yoosZitM9igSk3Sd0sBXIhKlAh1.jpg
7572,26976,https://image.tmdb.org/t/p/w300/1ONOsIo5gby9hABPdknL7OAYBLm.jpg
7573,36670,https://image.tmdb.org/t/p/w300/zhoAL4o1STGgLbLxJ9r1ijfyHC9.jpg
7579,43818,https://image.tmdb.org/t/p/w300/yoWwsLkuY5tMxUqkKMOHAJlImTs.jpg
7581,24650,https://image.tmdb.org/t/p/w300/2uo8tfSwzrDeRS5YpmLVSXHSjOl.jpg
7584,20640,https://image.tmdb.org/t/p/w300/A0Cf2GElBW2UfnQAFUqcqGYV7cY.jpg
7587,5511,https://image.tmdb.org/t/p/w300/5Fa6o5nfUPEatQ9b3OwEvdEdR7T.jpg
7614,13936,https://image.tmdb.org/t/p/w300/ztqT5GmJVI2o8vShGWRVVqykQqA.jpg
7615,294,https://image.tmdb.org/t/p/w300/klAHoWOZgL8sR74Tnl7K7z4Lziq.jpg
7616,11507,https://image.tmdb.org/t/p/w300/lRFm5P2AdOGpELwm3HHhmUz6k5I.jpg
7618,10435,https://image.tmdb.org/t/p/w300/Aeltt5tl02zrEj4GoMynHc94lWG.jpg
7619,1162,https://image.tmdb.org/t/p/w300/3dI6UVM5W1sz3MU9gNK5nVDcAyQ.jpg
7620,34328,https://image.tmdb.org/t/p/w300/tbF26J1sqfkZ5HaNhkRrrNbwjDD.jpg
7624,14684,https://image.tmdb.org/t/p/w300/h9u6VSyEPlF5L69QSzOh1eo4F5q.jpg
7636,13937,https://image.tmdb.org/t/p/w300/5vRn138vnZeUNFe32qTuPGKkVLR.jpg
7647,26670,https://image.tmdb.org/t/p/w300/aFWMbR5Qb7AxlPktsPslaHrT6rh.jpg
7649,10940,https://image.tmdb.org/t/p/w300/iFum9eQ5DztNMGE1c1CFm01SnJt.jpg
7650,31965,https://image.tmdb.org/t/p/w300/5QuF8YbNtOpLbcTlEFSAokUv5sp.jpg
7657,5842,https://image.tmdb.org/t/p/w300/dEk6Fpm4lkEBQBVpzTOLau7qgR9.jpg
7698,988,https://image.tmdb.org/t/p/w300/uHwwQIlt4XwpTFhX9ZT1A8xSW7F.jpg
7700,204,https://image.tmdb.org/t/p/w300/sNOvIp4X0fmCMfgEs2ww5IyMgFm.jpg
7701,9356,https://image.tmdb.org/t/p/w300/m409mVHmvDOZJltNzHJYigUthsW.jpg
7702,32430,https://image.tmdb.org/t/p/w300/e2REwGOzsD21acHSRcXcXzkQmUi.jpg
7704,16113,https://image.tmdb.org/t/p/w300/lW94s7xxkdOzYcueaqGJwcVVvjt.jpg
7705,33575,https://image.tmdb.org/t/p/w300/6hSJWY1ygsOVAtPEz9Nb5q5FeyA.jpg
7706,13913,https://image.tmdb.org/t/p/w300/qj7owFXzCtIbZC51O8NwLe4Kde4.jpg
7707,17956,https://image.tmdb.org/t/p/w300/5uYv11zTTa83WMWwI3B6EOZtI0Z.jpg
7708,18209,https://image.tmdb.org/t/p/w300/4POWJtOXt19PWfO18rHpw5GIQc6.jpg
7713,25508,https://image.tmdb.org/t/p/w300/zSNTDd5Q6No5BmY39Zp5BVgl8XE.jpg
7714,18978,https://image.tmdb.org/t/p/w300/1ohPMbfmQVg0Zzy9wkySm1w8Kr7.jpg
7716,27171,https://image.tmdb.org/t/p/w300/y6HWtKt6m41SMZuUeFcs94nWfHs.jpg
7720,12310,https://image.tmdb.org/t/p/w300/dm0ArEYWrrfyOkMUbKOE8ZnCc92.jpg
7727,37296,https://image.tmdb.org/t/p/w300/7iCRH6gcLhYCQBpiJisKNKuTqwE.jpg
7728,25736,https://image.tmdb.org/t/p/w300/3qdX948vUXi4q8raUUOHHlbP9q8.jpg
7730,25389,https://image.tmdb.org/t/p/w300/5Hkt61mL0yixpC6ML24R8gDdh8y.jpg
7742,52794,https://image.tmdb.org/t/p/w300/c77bDsP7jfMiEeRM5wd0UV0Aine.jpg
7743,9872,https://image.tmdb.org/t/p/w300/oFJosj5ECYjf1jkvpTEjGNzPx2x.jpg
7745,19552,https://image.tmdb.org/t/p/w300/p9lJFQ54IiNqN4fcmn5JxXdqQtR.jpg
7748,2786,https://image.tmdb.org/t/p/w300/i124H6iQB4CawrgFW9aZaZs7OBO.jpg
7749,8075,https://image.tmdb.org/t/p/w300/e9p8VdsAKXz1GoVXD36Lg5e3YKo.jpg
7753,26133,https://image.tmdb.org/t/p/w300/agRmUjQBHVA1b0QmZDWyS5o2f4d.jpg
7756,10235,https://image.tmdb.org/t/p/w300/lsTJYStIsnddwioD1L4FEmwj4Cx.jpg
7757,11533,https://image.tmdb.org/t/p/w300/xHVxIgqD5CxlOI5GHxvVSt5Zh5Y.jpg
7766,3777,https://image.tmdb.org/t/p/w300/zaZFMNxJST0TtPd68yF7fNt1he8.jpg
7767,11659,https://image.tmdb.org/t/p/w300/ltmcFRvTeAgBgMLUGa15KzDSQqs.jpg
7772,44098,https://image.tmdb.org/t/p/w300/7IyNoYoHcV5a52FhWj6QPxR8cBV.jpg
7773,16876,https://image.tmdb.org/t/p/w300/647kfvUPkDBXtIHQEhInJR2LUyX.jpg
7781,77780,https://image.tmdb.org/t/p/w300/f3Wf4mR6SmqzLae7extudBfpL4b.jpg
7782,9545,https://image.tmdb.org/t/p/w300/ayYsC7Jp2BxhCLWghOBWzZlO4FI.jpg
7786,28030,https://image.tmdb.org/t/p/w300/tEwdvxK2ntu6LGBPqCNFkXnwO1B.jpg
7789,1926,https://image.tmdb.org/t/p/w300/3DfDYe82PS4rDWpHKSSWeiPme8C.jpg
7792,17365,https://image.tmdb.org/t/p/w300/83mQRrNO9ewz0qLSJcGp4nGBRr.jpg
7802,11474,https://image.tmdb.org/t/p/w300/d6YZpBq4BhQr1K985J3CuL1cA8J.jpg
7810,10916,https://image.tmdb.org/t/p/w300/dWn0TBxBOBt45cbyefRSQ6Azu9R.jpg
7811,10921,https://image.tmdb.org/t/p/w300/bG8H9cnusrothe1HixryGGvSo9S.jpg
7812,10941,https://image.tmdb.org/t/p/w300/lGRkbsA4cqFBjvshNAnCnUg0uyV.jpg
7815,24798,https://image.tmdb.org/t/p/w300/sngF8cskFWz2cig7b63ZaDNaQXr.jpg
7820,11656,https://image.tmdb.org/t/p/w300/z70YM3Y4pNYZATMhFMKonngaeMC.jpg
7822,25009,https://image.tmdb.org/t/p/w300/sKc2pZhmTz3xfItLAci44vCTrYx.jpg
7826,40092,https://image.tmdb.org/t/p/w300/cctKBFz6VoDDW56PbuWiq4F9Nmr.jpg
7831,14589,https://image.tmdb.org/t/p/w300/zmOjn9qg9Cun7P9YAKr5ajNZBcK.jpg
7832,14594,https://image.tmdb.org/t/p/w300/xKnTU1LOeRU8AubY2LO5lGRiPpv.jpg
7833,14590,https://image.tmdb.org/t/p/w300/sYiasULoMJj84A5zheNyChGuhHY.jpg
7834,14588,https://image.tmdb.org/t/p/w300/1fkCHOffEkPOY0UwSrvzG6YKDVp.jpg
7835,14595,https://image.tmdb.org/t/p/w300/wlj6IQrYRtHAQdIY08gicGOBp49.jpg
7839,20644,https://image.tmdb.org/t/p/w300/kPsQ0CiQCEl4YItYh6t9ruyP0A6.jpg
7840,24965,https://image.tmdb.org/t/p/w300/opkVdHbKWJeCXzgFLba2geEIDak.jpg
7842,876,
7843,1583,https://image.tmdb.org/t/p/w300/z1AeFrBKkdZBUi4YvP7TsaQ7zoe.jpg
7844,17653,https://image.tmdb.org/t/p/w300/hdAqW3qn0Y9jNMjDob5ae0NRa0F.jpg
7845,11069,https://image.tmdb.org/t/p/w300/hvBYCgG62Fk8cYIsUtrfP5iw3K8.jpg
7846,10829,https://image.tmdb.org/t/p/w300/mnMryfLgC2fuW3nfY36QfWx0hBL.jpg
7879,57946,https://image.tmdb.org/t/p/w300/o3aHEzVZ16Vm8jMs4lcuAlVGdo.jpg
7882,29049,https://image.tmdb.org/t/p/w300/yFme66bZIpOzBlTNZvCxlQzuML.jpg
7883,27130,https://image.tmdb.org/t/p/w300/uoyBR8XNxPQRojujtczfG1qJezY.jpg
7884,8468,https://image.tmdb.org/t/p/w300/kUJNsyvl3yezjbWuQG2Mh7HtPmc.jpg
7888,22682,https://image.tmdb.org/t/p/w300/nxjgAm7fDMqUjbEbMKNYasEgAjB.jpg
7889,11577,https://image.tmdb.org/t/p/w300/o0LXWfTXoDOoeYzZw0u1KmZhVIL.jpg
7891,21159,https://image.tmdb.org/t/p/w300/m0zIz963wNxAqqxiKYdZS9cRScT.jpg
7894,336,https://image.tmdb.org/t/p/w300/nWmAtZf83qpOai0fzehf7Hn1S3R.jpg
7895,11942,https://image.tmdb.org/t/p/w300/gRWVf3InNlIlFT3WB9MnFdOwcYQ.jpg
7896,36206,https://image.tmdb.org/t/p/w300/oBdJliz2o88ZLPulL5KLdbRsQuf.jpg
7899,49636,https://image.tmdb.org/t/p/w300/upa8qI25kJrrQHgYz66IO2ccvoH.jpg
7900,3075,https://image.tmdb.org/t/p/w300/rLCCdYBhCm4ATkupOTf4yRbFgm6.jpg
7916,43096,https://image.tmdb.org/t/p/w300/i4aRCd5sRzYLb3TLm8iiUN0iJTr.jpg
7920,14262,https://image.tmdb.org/t/p/w300/kqEZ1CbxtrXtpAT1jeYfo52um3s.jpg
7924,30368,https://image.tmdb.org/t/p/w300/riBzUgeYawBDi2q9PjARjHrQM7Z.jpg
7925,1059,https://image.tmdb.org/t/p/w300/olO4vMPKNIJQxhJh54TPQFwKpad.jpg
7926,12493,https://image.tmdb.org/t/p/w300/tgNjemQPG96uIezpiUiXFcer5ga.jpg
7930,13122,https://image.tmdb.org/t/p/w300/8OWDBVmGdM7HwaDtbDsdn6Rlzqj.jpg
7932,14273,https://image.tmdb.org/t/p/w300/vBUU6cphXFQqGq9fgk1VZ4dfnZX.jpg
7934,11030,https://image.tmdb.org/t/p/w300/bfs67JaV4B5xVBvtXd3O4R7nk9G.jpg
7936,26372,https://image.tmdb.org/t/p/w300/cRJFOadujA7COrBV4HqB6bWcpLs.jpg
7937,11506,https://image.tmdb.org/t/p/w300/2KkHAsBVZVoMO1Zauvm5rFSxp09.jpg
7938,29455,https://image.tmdb.org/t/p/w300/wDxrEssdjFWYwIZLbr06RQNcg1q.jpg
7939,11602,https://image.tmdb.org/t/p/w300/rYD30Fm4vAcBqk1kTsxHw1s8P29.jpg
7940,29453,https://image.tmdb.org/t/p/w300/46DEYkr96MxzUmdwgmj2U7gWokZ.jpg
7943,14638,https://image.tmdb.org/t/p/w300/uXnuc6pW01s1MDwb6QwBWg2JQeX.jpg
7944,14703,https://image.tmdb.org/t/p/w300/3HY8MSeoj4s0uSWGW135Jlh7eSI.jpg
7951,20481,https://image.tmdb.org/t/p/w300/1ChluYH0BEvJo3gtYoFHnMZI660.jpg
7976,7090,https://image.tmdb.org/t/p/w300/p6ElNTWEbibYlobVeiIDHBvL1kF.jpg
7979,42632,https://image.tmdb.org/t/p/w300/wEB3c5Y5spAHOQaFWcsfFky3SWb.jpg
7980,5902,https://image.tmdb.org/t/p/w300/lszOk3Xmh7qpLaM9J4K9E6ADLk1.jpg
7981,10775,https://image.tmdb.org/t/p/w300/qdlwFWn2YdLzw5KHpMpzRY9BI7r.jpg
7982,4552,https://image.tmdb.org/t/p/w300/l3exwhwyGE0NnHJ3lFQ7eXoBSkH.jpg
7983,12762,https://image.tmdb.org/t/p/w300/oUgolImcg0PRiT33UNjK409aQoJ.jpg
7984,14510,https://image.tmdb.org/t/p/w300/zwmyxaKzIRLD4iUqZAQW940omdm.jpg
7986,15618,https://image.tmdb.org/t/p/w300/j8JgIZkmbpJ80HdR5mBT7fFpRSP.jpg
7987,24341,https://image.tmdb.org/t/p/w300/yEE9Ly5r9o2XR35wKiIlkLfvnx6.jpg
7988,10690,https://image.tmdb.org/t/p/w300/f0NNTJxBzAwC0wvqmBgD9pPiHnG.jpg
7991,13282,https://image.tmdb.org/t/p/w300/kwM8kkNGtv62gfPWVhD6qFxjDzg.jpg
7993,22642,https://image.tmdb.org/t/p/w300/fUZqTNinLruI6ZE7GQprY8t0Uwg.jpg
8008,18283,https://image.tmdb.org/t/p/w300/va3DcpyZDnnWdRB0FTPKzObo3Uz.jpg
8010,13823,https://image.tmdb.org/t/p/w300/xOVPMNaQvMNHt68vijC1gvy81my.jpg
8011,14108,https://image.tmdb.org/t/p/w300/fuTAf8DJkj2vljaprE5upLP3nWA.jpg
8012,4291,https://image.tmdb.org/t/p/w300/zTelT1xAO4Owxk1jHJM4puoei5N.jpg
8014,113,https://image.tmdb.org/t/p/w300/6SQQ5REuAz7k0FMQ9mSCT40T2LN.jpg
8015,28476,https://image.tmdb.org/t/p/w300/totkDxL4QApB4xFr7gc1EdGkz7J.jpg
8016,5916,https://image.tmdb.org/t/p/w300/8SvnGUJsr16zUJ2CN7ONX1ZWtZ8.jpg
8019,12205,https://image.tmdb.org/t/p/w300/iSq6J55RFLfwcceDKxYtMjOr1sz.jpg
8024,27804,https://image.tmdb.org/t/p/w300/xsxkXRFDYeGGMGkdvotCIhMJFPl.jpg
8025,46187,https://image.tmdb.org/t/p/w300/rnHqDzKmnrm47dzhQvLJtZKRVK8.jpg
8033,3001,https://image.tmdb.org/t/p/w300/xaf3pwmITJvfz9Ab8DiGM8OOtBC.jpg
8035,39434,https://image.tmdb.org/t/p/w300/ttgMlgv76nbh3vwRl91P4JkgroA.jpg
8042,203,https://image.tmdb.org/t/p/w300/9msfwOeGc9uL1iRRTBdEf15XonC.jpg
8043,38749,https://image.tmdb.org/t/p/w300/ujQp7d43MmENpjMG9qaZslMqD24.jpg
8044,29740,https://image.tmdb.org/t/p/w300/jer6lim61i8V6a5HOZq2i07UQQf.jpg
8045,10652,https://image.tmdb.org/t/p/w300/a84FDoIm64qcyKq6BEMB9Ycldpt.jpg
8057,33632,https://image.tmdb.org/t/p/w300/uA9tl4o8P1hNB3lDBhHKHcNGdtr.jpg
8092,3072,https://image.tmdb.org/t/p/w300/r5l1RDSOShMrUmRtiADxrq3ig00.jpg
8093,10355,https://image.tmdb.org/t/p/w300/7rmye0ThMHMT2VhZj7zdyCcHQVe.jpg
8094,14554,https://image.tmdb.org/t/p/w300/8EnhHjU0DyCckmZRtn46s3WXeEf.jpg
8117,250,https://image.tmdb.org/t/p/w300/v78NxEyzsElWnwSvGWpvf2DCzP9.jpg
8118,19086,https://image.tmdb.org/t/p/w300/9rBVHD1gYSx5bOwCgqSdljUXKY8.jpg
8119,15392,https://image.tmdb.org/t/p/w300/2sMo7gwZ8L7KttiW210T0ueJ2eX.jpg
8121,41277,https://image.tmdb.org/t/p/w300/s81LmEGSec8XcUfRmlCYL1ZAjP4.jpg
8125,631,https://image.tmdb.org/t/p/w300/5V9jDm4u2QemGHbqjUyP5HmFmzf.jpg
8126,25504,https://image.tmdb.org/t/p/w300/7jFI7GdduTss2SdgApcsiWtU5gA.jpg
8128,1786,https://image.tmdb.org/t/p/w300/lXP90Vx7OcviBfbbokcaG6zVnPG.jpg
8131,210937,https://image.tmdb.org/t/p/w300/9JT1wMRI3SToncVwhSLg4negF0V.jpg
8132,16219,https://image.tmdb.org/t/p/w300/w0YjBWVfu689txEXZG3xa4Aev3i.jpg
8136,48385,https://image.tmdb.org/t/p/w300/kcD0kG86GK2mUHjNf6QoDfwtnxd.jpg
8137,27545,https://image.tmdb.org/t/p/w300/6yU5PuyeXX7EHG5d1AdWMforNfn.jpg
8138,22718,https://image.tmdb.org/t/p/w300/n3dAhWfWxsNQJ5ZUcn8Q3mW8EIP.jpg
8142,11315,https://image.tmdb.org/t/p/w300/A8rgAigkv5RHi1abcQJ0oNNnwgJ.jpg
8143,35987,https://image.tmdb.org/t/p/w300/ycePcddfSvqaalyPxMvFYT5D8wV.jpg
8147,29146,https://image.tmdb.org/t/p/w300/uxGt80D4hxEEwGwdOJ5tdVvjXEC.jpg
8153,29592,https://image.tmdb.org/t/p/w300/rlK3LG3W41eF3N1tk0SEM7Dln2x.jpg
8154,439,https://image.tmdb.org/t/p/w300/dZ2v0DAX4aCZartCzZdg4ZinSW2.jpg
8157,823,https://image.tmdb.org/t/p/w300/63EMBxmcafkc4cWuUWQh2Ttd2jh.jpg
8158,20289,https://image.tmdb.org/t/p/w300/mYRGsAFhvPmH8umMhsO8EJmhLQX.jpg
8167,16905,https://image.tmdb.org/t/p/w300/Ae0ltppMl66pAH1odgDU1C4H1iq.jpg
8169,11548,https://image.tmdb.org/t/p/w300/8NkpnpdLd8J6zCR8ZGTeGTur4uO.jpg
8183,38291,https://image.tmdb.org/t/p/w300/xwxgiRzw2zxzWNIYp98faJ0rUy5.jpg
8188,20532,https://image.tmdb.org/t/p/w300/cOBsWxFtEoqXIPx4JZP5E7g1WEo.jpg
8189,2546,https://image.tmdb.org/t/p/w300/hl0loQ9fci2PMdRFuZIYoHTP8x8.jpg
8190,42791,https://image.tmdb.org/t/p/w300/zA9254usF2X0m0P5CeEXft7uzSe.jpg
8191,22522,https://image.tmdb.org/t/p/w300/u2p5SspAs1GqeuHXNXywryU3k37.jpg
8195,5165,https://image.tmdb.org/t/p/w300/7kUXAS8K7Ihw1T1mhARjnLuMVk3.jpg
8196,5722,https://image.tmdb.org/t/p/w300/eslylQSssnNIV4f06fHtfxPTH3I.jpg
8197,5544,https://image.tmdb.org/t/p/w300/zieczjWnvalaxwX5EQASEx0on5f.jpg
8199,14696,https://image.tmdb.org/t/p/w300/r8RiuKTIYIJBjczBVsfeP5C00CJ.jpg
8207,4909,https://image.tmdb.org/t/p/w300/vThgcb3JOj99yETg8WChuci4LV2.jpg
8225,19185,https://image.tmdb.org/t/p/w300/7WkSCClUvcAq8JNEp4pM4A9hiDU.jpg
8228,28257,https://image.tmdb.org/t/p/w300/zpE6gucVjusGXSS4lcSjqIWCeAj.jpg
8232,20643,https://image.tmdb.org/t/p/w300/vOqMLBf3AcTqjM1PFcYDDAgye23.jpg
8235,22596,https://image.tmdb.org/t/p/w300/fEt5HWJ32ek8ibef7zSZnA00Jp0.jpg
8236,36786,https://image.tmdb.org/t/p/w300/yxcHaWVdHXf6FbI0TYa43nnQeVo.jpg
8238,27459,https://image.tmdb.org/t/p/w300/i2QOxh6pwgy1MUF4bBYDVdPwbWa.jpg
8239,4497,https://image.tmdb.org/t/p/w300/mYPuSx5JwL8AdTwS1iQW4Un1cYP.jpg
8241,25224,https://image.tmdb.org/t/p/w300/l14qIp5XNV7AZ7En4xpbRHSDIpg.jpg
8253,15371,https://image.tmdb.org/t/p/w300/p7xL3WYeclgtGCLrWfBrXKdBV7d.jpg
8254,11044,https://image.tmdb.org/t/p/w300/jNhRjc1Q9l6tFo5aHdl8UZJPdKy.jpg
8261,41662,https://image.tmdb.org/t/p/w300/uL5Yg8MEgHGXymTaJBYXn9g0xsH.jpg
8264,17346,https://image.tmdb.org/t/p/w300/qFPj6Eh3ijA4ISRujHu4GKKeAWT.jpg
8266,13763,https://image.tmdb.org/t/p/w300/vkQmzaSuDj8QyXmwNhCceCAmwUe.jpg
8268,10498,https://image.tmdb.org/t/p/w300/m8hefEVK6WHiCbMUBeHU0yZbQLB.jpg
8270,11796,https://image.tmdb.org/t/p/w300/d0CCZOP1VILxL33O6OiVzUYVNPT.jpg
8275,34847,https://image.tmdb.org/t/p/w300/dUwk8qNkXb243JViqdVqOvUmiMt.jpg
8290,32303,https://image.tmdb.org/t/p/w300/14Afu2In8RPbdhTacNJl5kRechp.jpg
8293,41779,https://image.tmdb.org/t/p/w300/eRMf2zYV46rM9DB5S54PGTPGi55.jpg
8302,42814,https://image.tmdb.org/t/p/w300/1ZVA6L4a5HKIdvfpNcxDU38BHYd.jpg
8327,870,https://image.tmdb.org/t/p/w300/vQ9XBpH88jvO3hpHt9Zm5IHe5NP.jpg
8331,26319,https://image.tmdb.org/t/p/w300/3k6KVD9RKADkfFzHLE4ho9yWumO.jpg
8335,41059,https://image.tmdb.org/t/p/w300/zPl6TfnIIJzdPXk9g6QPwFwTIt.jpg
8336,39871,https://image.tmdb.org/t/p/w300/e6ZWWdyWkqiMq8g6KmXibtmSiVK.jpg
8337,10178,https://image.tmdb.org/t/p/w300/vuO4Z3wOWVlhq35MS9asZeT9rVp.jpg
8338,16391,https://image.tmdb.org/t/p/w300/jSbFWWbkUq5N5ikewJHNATcWnxS.jpg
8340,10734,https://image.tmdb.org/t/p/w300/uORr2GXQnyqgBOg6tVsRCJD2qxc.jpg
8341,10949,https://image.tmdb.org/t/p/w300/wkMdDqXI58MuW99wi9kotC8kCVM.jpg
8360,809,https://image.tmdb.org/t/p/w300/2yYP0PQjG8zVqturh1BAqu2Tixl.jpg
8361,435,https://image.tmdb.org/t/p/w300/Wr4HeYQRvwVCxzOV5TmGE7UkXq.jpg
8362,4599,https://image.tmdb.org/t/p/w300/ubZin4oGXYp6hCn3WU6nrBre62y.jpg
8363,12657,https://image.tmdb.org/t/p/w300/b5Rzb5JUwPinllWGYUYER3OV14F.jpg
8364,28219,https://image.tmdb.org/t/p/w300/mMFWMlNMFPSPDbYvKpBH7baDzjp.jpg
8366,13193,https://image.tmdb.org/t/p/w300/nmf2tFTcRJZVEQ9e3mgLH5gAQYs.jpg
8368,673,https://image.tmdb.org/t/p/w300/aWxwnYoe8p2d2fcxOqtvAtJ72Rw.jpg
8369,16617,https://image.tmdb.org/t/p/w300/uTTGRvnqCI9ZC7WkyP9u7XRiOaA.jpg
8370,246,https://image.tmdb.org/t/p/w300/iCIycswWbX1EDS6PYYBcR9ohrC.jpg
8371,2789,https://image.tmdb.org/t/p/w300/bVO1r90diKfFLzvZ5D3qK6Z558O.jpg
8372,8920,https://image.tmdb.org/t/p/w300/vqwTSWNLyH55g8kBT61s2DgNYEp.jpg
8373,9890,https://image.tmdb.org/t/p/w300/ygr0Wlmm1KmE16TUefNitIscVBG.jpg
8375,26254,https://image.tmdb.org/t/p/w300/2BcSbP8gjmCsCnugxPAM7dAmhUd.jpg
8376,8193,https://image.tmdb.org/t/p/w300/6Iv6Uwa2SBLN0dSGM00rdrwN4MJ.jpg
8378,26142,https://image.tmdb.org/t/p/w300/rExMpi701EIvEGu49FlOS8I0Kag.jpg
8379,42122,https://image.tmdb.org/t/p/w300/kPIeNAwdN2Ds77Bf7bfZAmDrzoh.jpg
8380,65137,https://image.tmdb.org/t/p/w300/xHndTwPS3CNjct7aE20dBa6764e.jpg
8382,35151,https://image.tmdb.org/t/p/w300/mbNJ7Qe33XtN2aenO0ildCOpG0y.jpg
8383,21544,https://image.tmdb.org/t/p/w300/wWRh4buz7yp7CinH7jGVvFkgUdN.jpg
8385,40894,https://image.tmdb.org/t/p/w300/uY5MvhzoH25LMTgEjRR2XtGLdMi.jpg
8387,11546,https://image.tmdb.org/t/p/w300/3517XQ9LpoEykyYq2TuDNS45MPP.jpg
8391,18387,https://image.tmdb.org/t/p/w300/zMOZoNszmmlf3jUivDUEFgCrReo.jpg
8402,52560,https://image.tmdb.org/t/p/w300/euB7qu0yqFWqWlPfgNeOTjEIZCD.jpg
8405,18333,https://image.tmdb.org/t/p/w300/jSqTnEP1x1OcOglqrInYvGSF1tL.jpg
8410,18398,https://image.tmdb.org/t/p/w300/v0eQfRMVJtvEkaJjBsSrd6ri1UI.jpg
8424,80708,https://image.tmdb.org/t/p/w300/zzu6IW9ilkUt6L4DL9SoNnwtAfy.jpg
8425,76516,https://image.tmdb.org/t/p/w300/j79gY4zUgtpcDNpYh8esIer2aWS.jpg
8426,33441,https://image.tmdb.org/t/p/w300/2DTREQNErBYtZd1isRqdqNbbXA8.jpg
8427,47819,https://image.tmdb.org/t/p/w300/1GlEFedxZecTLRkl0Naesikn4KR.jpg
8446,18712,https://image.tmdb.org/t/p/w300/utpy9JLuyhsxpw2E3yExw23f3eS.jpg
8447,831,https://image.tmdb.org/t/p/w300/2viRDpHmhzQoreZok2auLjkVbSE.jpg
8450,37658,https://image.tmdb.org/t/p/w300/9SPjkq5z86t80Q7XBw8AG2si2vQ.jpg
8451,26516,https://image.tmdb.org/t/p/w300/vPGvWlsMg4niyuGCSzvAiyjYNWC.jpg
8454,10573,https://image.tmdb.org/t/p/w300/6yzM7xSapMZfQEK9PDQ0lNc9IP6.jpg
8456,26451,https://image.tmdb.org/t/p/w300/vPTZwlq1IC4o1DCsEZEl2uGljzm.jpg
8458,54568,https://image.tmdb.org/t/p/w300/jDk2Y8U2C7KupYv4GKmMfgx0y2s.jpg
8459,28571,https://image.tmdb.org/t/p/w300/1oN0zsjw3iS1HaOLoZbmptzrD1W.jpg
8461,123665,https://image.tmdb.org/t/p/w300/94sBtA9bBLGQLCXfwFmK4F0c1DY.jpg
8462,43336,https://image.tmdb.org/t/p/w300/dQ5LdPOkRwlTTl3ocObuNGKB1of.jpg
8463,62000,https://image.tmdb.org/t/p/w300/lIkYFx7ZaU56iG507lgLoSh1GNR.jpg
8464,9372,https://image.tmdb.org/t/p/w300/zYkbqQaCuIHBxqBDGgnQCwJ9jIG.jpg
8465,41495,https://image.tmdb.org/t/p/w300/eT56vNkYEHo1rv4xhtI3aJLKuUp.jpg
8477,662,https://image.tmdb.org/t/p/w300/elGidsRHXkk8UyrtLbcMhaptDyp.jpg
8481,43805,https://image.tmdb.org/t/p/w300/d1J3K23jhEEt2uezEvYY0YtatWi.jpg
8482,16559,https://image.tmdb.org/t/p/w300/mfvcsmAzdie8YuWI0JpO2u1uzfF.jpg
8484,31217,https://image.tmdb.org/t/p/w300/q7godavx5XEbeVxEeqi4pmiOKdI.jpg
8487,19414,https://image.tmdb.org/t/p/w300/neSCV9m8R1ykTqicd53fdwQgQnJ.jpg
8491,15794,https://image.tmdb.org/t/p/w300/v7cPOHKKZI9qChi7HDUxNIhEcLR.jpg
8492,13188,https://image.tmdb.org/t/p/w300/sxLRt2u5xgUgkrIAPyE0KiiSVnX.jpg
8493,12651,https://image.tmdb.org/t/p/w300/epsraI4swsSu9Fyefj7vPPhsOHK.jpg
8494,886,https://image.tmdb.org/t/p/w300/s4Apy8FcF6a0lR1Qay1atpfwAv9.jpg
8495,9791,https://image.tmdb.org/t/p/w300/2OUOg9Pf5dZZr5RufM5liA4IUVK.jpg
8500,38582,https://image.tmdb.org/t/p/w300/ai92jga3nzkeWdPIeZBo6vyhUj5.jpg
8501,9542,https://image.tmdb.org/t/p/w300/89giuiFssSVCUxkCP386v66cry8.jpg
8502,17820,https://image.tmdb.org/t/p/w300/sk7s574pI9QAi6uVqbTg0bnLEUC.jpg
8506,37696,https://image.tmdb.org/t/p/w300/jOOfGiaZUMyrB9cZafFKjXErtoK.jpg
8507,136,https://image.tmdb.org/t/p/w300/fX2Wxd0W9E7eVClUd8kJTfennoV.jpg
8511,47653,https://image.tmdb.org/t/p/w300/f4xP9DvXKqpYKo0Fth5tKyZY8ej.jpg
8512,10970,https://image.tmdb.org/t/p/w300/AeaoOSqEU3elkpDAlKbIWcdKLJ8.jpg
8518,42812,https://image.tmdb.org/t/p/w300/zHsjA95g42xeBEPcWdF4s1BA53L.jpg
8521,3019,https://image.tmdb.org/t/p/w300/mZtQORzQWkCSqeeHApH6vJDA1D2.jpg
8526,10204,https://image.tmdb.org/t/p/w300/bBiMw6Jtg8tSTcEq8jFV7qk9TRW.jpg
8528,9472,https://image.tmdb.org/t/p/w300/r8KbNHkkwFXLjV1suGwm0Qjure5.jpg
8529,594,https://image.tmdb.org/t/p/w300/cPB3ZMM4UdsSAhNdS4c7ps5nypY.jpg
8530,8981,https://image.tmdb.org/t/p/w300/5YRDvaBWBbhTKBYYc7BoOWdW01N.jpg
8531,12153,https://image.tmdb.org/t/p/w300/aHTUpo45qy9QYIOnVITGGqLoVcA.jpg
8532,1944,https://image.tmdb.org/t/p/w300/2elMSIcQ9wDuFz1uzLU72AAKFOF.jpg
8533,11036,https://image.tmdb.org/t/p/w300/rNzQyW4f8B8cQeg7Dgj3n6eT5k9.jpg
8534,1997,https://image.tmdb.org/t/p/w300/5I2pRuJI3SZVsxP5iaorGaczzkI.jpg
8535,15237,https://image.tmdb.org/t/p/w300/QBqiBQW7MGqlDSyvid4fKzS0Xz.jpg
8542,11939,https://image.tmdb.org/t/p/w300/2TYWSyAMbaFN3p3ewwmzweDUSLC.jpg
8571,26520,https://image.tmdb.org/t/p/w300/8fDLuB1q3JycYJPK0F65OYO3lAX.jpg
8574,21386,https://image.tmdb.org/t/p/w300/kv5qk7wSVKu7G2mRdj2KnQCXkkV.jpg
8575,24908,https://image.tmdb.org/t/p/w300/kS0D6cQ30kt1lz3YuRrBJnfwxzF.jpg
8577,25783,https://image.tmdb.org/t/p/w300/gJjwog4k9ricwM9oi0rc0CsOrXr.jpg
8578,8991,https://image.tmdb.org/t/p/w300/jwXrKFO20FTvA7mHqnTvMXSznDS.jpg
8580,23378,https://image.tmdb.org/t/p/w300/8KI9Blf9VDBdWSqkEVhvZ0RPehq.jpg
8581,3293,https://image.tmdb.org/t/p/w300/rdAMdi7iFN7EP0zuaPp3mESBOH8.jpg
8582,36947,https://image.tmdb.org/t/p/w300/2Izpz5pgB5ScVrXkIxK4TXDxZLn.jpg
8587,61487,https://image.tmdb.org/t/p/w300/1vRVeVhozMozvQSubTlcmQlHKK0.jpg
8588,14365,https://image.tmdb.org/t/p/w300/pgfFJw7mqAmJdZizrJ6oOK0ejOZ.jpg
8591,10606,https://image.tmdb.org/t/p/w300/loKzciPI19uLZ6GeSYjInzdGg60.jpg
8593,16136,https://image.tmdb.org/t/p/w300/hfXFPMhNjLnCugBHMN0nrtKW7Ra.jpg
8596,6081,https://image.tmdb.org/t/p/w300/pvFiI8Kkq6JIf9uxDUU5FEvet7f.jpg
8600,13696,https://image.tmdb.org/t/p/w300/k23E4UAcow8eczLRmVCMdukL4Mx.jpg
8601,44494,https://image.tmdb.org/t/p/w300/oQcGB9BGj9LPTWcEdij47McotKY.jpg
8604,2330,https://image.tmdb.org/t/p/w300/egBxj3ude84theXc3cLbBHrWOkQ.jpg
8605,2334,https://image.tmdb.org/t/p/w300/6Yk3O5mNIYpIKIKaB2l4TJBDdlS.jpg
8607,13398,https://image.tmdb.org/t/p/w300/sPC66btzQlzuRdPKiSDYZ5Hvxgc.jpg
8609,701,https://image.tmdb.org/t/p/w300/cAEdL6RzfDSbPO51izl01Njzikx.jpg
8610,10631,https://image.tmdb.org/t/p/w300/psPV28pJfFXN3RNxPe2CPkZwUMl.jpg
8611,43466,https://image.tmdb.org/t/p/w300/k6RlWveQEKiVY7vFAPCi70Zisv0.jpg
8614,10780,https://image.tmdb.org/t/p/w300/v9MVFgUTvNRXmm2WWOzST6UXb5x.jpg
8617,23724,https://image.tmdb.org/t/p/w300/zwMaEBrNWFv9I9NiJVNTQ8znAM4.jpg
8620,29264,https://image.tmdb.org/t/p/w300/qqZXHvBFxUpo8Pfbyvgh4SYMiWm.jpg
8622,1777,https://image.tmdb.org/t/p/w300/cZ7M343iuiMDc36fSeSm699XQFv.jpg
8623,11584,https://image.tmdb.org/t/p/w300/c2XSGkpAIIof6Oi8Sr6wBvwt1Lk.jpg
8626,26811,https://image.tmdb.org/t/p/w300/ccQtFSAGievlTYpuS88PCTHzLu7.jpg
8632,161080,https://image.tmdb.org/t/p/w300/sZ4HeEoyOkzmv6848exsbDfsNVJ.jpg
8633,11884,https://image.tmdb.org/t/p/w300/A7oAHTjtYnIEQjJs62IONRufooq.jpg
8636,558,https://image.tmdb.org/t/p/w300/aGuvNAaaZuWXYQQ6N2v7DeuP6mB.jpg
8638,80,https://image.tmdb.org/t/p/w300/4sW5XH9ZfYXpvFzev00S1IGAEbg.jpg
8640,9477,https://image.tmdb.org/t/p/w300/iKLZEAnjzr51Ij7TJtNejc5CN3i.jpg
8641,8699,https://image.tmdb.org/t/p/w300/mhZIcRePT7U8viFQVjt1ZjYIsR4.jpg
8643,11247,https://image.tmdb.org/t/p/w300/ukwP7gDPWxj1R1dW5iN3mnxkL3D.jpg
8644,2048,https://image.tmdb.org/t/p/w300/efwv6F2lGaghjPpBRSINHtoEiZB.jpg
8645,436,https://image.tmdb.org/t/p/w300/30CImATfvHWLXy6a3KmHXnYXB6c.jpg
8650,43004,https://image.tmdb.org/t/p/w300/b7cu92b2sAJix1WFiLZiHSkZY1r.jpg
8656,10754,https://image.tmdb.org/t/p/w300/k7sk4yNdoXY7iwp1M9QTZuBDiJS.jpg
8665,2502,https://image.tmdb.org/t/p/w300/jupG9sFT64YwM8PSkwkUD2wHcYD.jpg
8666,314,https://image.tmdb.org/t/p/w300/pvnPgukFyEKgCzyOxyLiwyZ8T1C.jpg
8667,18923,https://image.tmdb.org/t/p/w300/o1YC1V30LR0LJzGR6JtbzpDSTYy.jpg
8670,12206,https://image.tmdb.org/t/p/w300/tc2ET7j6X066VCjdHblSwLr8sEz.jpg
8677,68064,https://image.tmdb.org/t/p/w300/5vT3VkTpdLQ2Me1WWbLHA7QCLr4.jpg
8684,15244,https://image.tmdb.org/t/p/w300/gkoZ8fFib24zhB2DKpjQ09SK9FU.jpg
8685,62395,https://image.tmdb.org/t/p/w300/3kC93MPfNxFGqATbRDQ4fFh6TSW.jpg
8690,24559,https://image.tmdb.org/t/p/w300/gM2q9pGW9x2zdEMPRsXLBgTDDFH.jpg
8695,27437,https://image.tmdb.org/t/p/w300/eeBn5yhOBMBq2qQ9x2xQHyP1ZJk.jpg
8711,32294,https://image.tmdb.org/t/p/w300/smKM575W3FLvWHna5YaWWeN5po8.jpg
8712,41463,https://image.tmdb.org/t/p/w300/3xTqYTF0ObiYPoXzVHBChv4lilG.jpg
8713,19051,https://image.tmdb.org/t/p/w300/a9o3WEzGjr36YjqTnzuikxHvyET.jpg
8714,43485,https://image.tmdb.org/t/p/w300/mrlKsBUxPwxGr8M8xupI96qrA8j.jpg
8718,62694,https://image.tmdb.org/t/p/w300/wLO2TVjM4UUQUwOq7RqfS8PCdMC.jpg
8720,53287,https://image.tmdb.org/t/p/w300/grkfopMr14odyBGTZQFiBXZ6K5Z.jpg
8724,1040,https://image.tmdb.org/t/p/w300/riSUxwoK3xjkOgy6YJSvPhi7cO6.jpg
8727,5122,https://image.tmdb.org/t/p/w300/m4T7R448djzbDbURK4eQgo5TllF.jpg
8730,1783,https://image.tmdb.org/t/p/w300/4fXRE02M2EckpGPZNbuZIo05dmL.jpg
8738,31522,https://image.tmdb.org/t/p/w300/xrZu21hriGJQY3qY8nifh2smVHu.jpg
8743,22976,https://image.tmdb.org/t/p/w300/9dsO33VTBp265IQDcLG2HNFtUdO.jpg
8748,42801,https://image.tmdb.org/t/p/w300/uRJuHGtdNES7OgCoBpTXkOTO9IL.jpg
8753,41316,https://image.tmdb.org/t/p/w300/gsQDE2q03eFNHPESb8ZRy87vLFY.jpg
8754,5179,https://image.tmdb.org/t/p/w300/lEZdKL17yneFK4dbbWPKcbkRbqM.jpg
8755,53198,https://image.tmdb.org/t/p/w300/hygBynLFPb4YWStH6ha3vbU7pAM.jpg
8765,16703,https://image.tmdb.org/t/p/w300/wfbRnfY1PQTRlDxZ0XEAw5zSeKn.jpg
8771,20408,https://image.tmdb.org/t/p/w300/cjGgLJ2GViKy0bla8OfaAhOBAJw.jpg
8772,13580,https://image.tmdb.org/t/p/w300/lN3PWv6cW22mqXDcgGZgK1Aa2gh.jpg
8773,18706,https://image.tmdb.org/t/p/w300/50qLIyhdWrDxcZE0bmHhUaxb2FP.jpg
8774,34327,https://image.tmdb.org/t/p/w300/rWcMZ8IZWeYZDcW6Acoiz1gG3tn.jpg
8778,20417,https://image.tmdb.org/t/p/w300/oD4z3ON2ciLMv6obEH2K8tGThWG.jpg
8781,14462,https://image.tmdb.org/t/p/w300/4xEWtEbKK2EXMZ8UPff8hDCSiVW.jpg
8782,14623,https://image.tmdb.org/t/p/w300/1jH0vADEIvuRlkvJzLUW5nVO96d.jpg
8783,6947,https://image.tmdb.org/t/p/w300/v7UvYtKfIVaHLaHwVgfalyrK7Ho.jpg
8784,401,https://image.tmdb.org/t/p/w300/h3iqYiGS6F3y7GxaS4AT8nFxZ2i.jpg
8795,23305,https://image.tmdb.org/t/p/w300/wXYKA6s6iFSYerh0nwb2zySFKvB.jpg
8796,17768,https://image.tmdb.org/t/p/w300/h3S9DZMUZNsAqd8ZNBed7ttPWXk.jpg
8798,1538,https://image.tmdb.org/t/p/w300/nV5316WUsVij8sVXLCF1g7TFitg.jpg
8799,14846,https://image.tmdb.org/t/p/w300/c6TD54dLIryqhQAOdGExy8Lie1l.jpg
8800,2577,https://image.tmdb.org/t/p/w300/ijayvLrCAwOVizi9OY8LZWq5SRW.jpg
8804,41975,https://image.tmdb.org/t/p/w300/gIBOAemklR8MVYP0Vn5RE0MYYWT.jpg
8807,11282,https://image.tmdb.org/t/p/w300/5vO7R4xYlDipTp8gzfRbWegO8eb.jpg
8808,11130,https://image.tmdb.org/t/p/w300/5XToqGcE4qdfOSaCPWI7kAb1bm7.jpg
8809,14389,https://image.tmdb.org/t/p/w300/7rL1WDYxTIPouUFDbdtcyqTyywu.jpg
8810,395,https://image.tmdb.org/t/p/w300/ySWu5bCnnmgV1cVacvFnFIhgOjp.jpg
8813,23601,https://image.tmdb.org/t/p/w300/rBxDYB5nVssDh5VF0YDXHvpsBMF.jpg
8814,10762,https://image.tmdb.org/t/p/w300/bSQBfHDzyfzxrCLepjegVb5F8j8.jpg
8815,11026,https://image.tmdb.org/t/p/w300/4b7Mhc4HZN7XzMMLukaQ9C0x1Dx.jpg
8827,20120,https://image.tmdb.org/t/p/w300/t685Vbw4q2PxgnrlBFpgZO607D0.jpg
8830,11237,https://image.tmdb.org/t/p/w300/apAZ6o1SyYgcC8R2LqTCYnBe1lK.jpg
8831,8080,https://image.tmdb.org/t/p/w300/sIIahTE5sfOJtieytf252kB9RcS.jpg
8832,14797,https://image.tmdb.org/t/p/w300/gvf2IHzIpiAMEv09pdlsniFpsm0.jpg
8833,11632,https://image.tmdb.org/t/p/w300/6GCjrrd1XIl8VSwjKo8c94LTwtd.jpg
8835,15644,https://image.tmdb.org/t/p/w300/m9swmQKxrbRTYY3wN2bWmRiebM4.jpg
8836,11208,https://image.tmdb.org/t/p/w300/gRKEluSpV1wBrZVTvLLaCSkzqcf.jpg
8838,16153,https://image.tmdb.org/t/p/w300/A99yzz1W3NCG6zR2HXSwn2kWlse.jpg
8840,42694,https://image.tmdb.org/t/p/w300/zcH6pKZKeImwcBtIH7fSdUyoQ2e.jpg
8844,42164,https://image.tmdb.org/t/p/w300/l4n9LXUanIKdlKTCfRqrhwQbtVe.jpg
8848,12548,https://image.tmdb.org/t/p/w300/boqcM6bhQICnNue4pkgmauj9JN3.jpg
8860,9759,https://image.tmdb.org/t/p/w300/AhD3qVfVmxz5CXDxctXwK5nmrOp.jpg
8861,1577,https://image.tmdb.org/t/p/w300/way9dOm4dM2sm9UMcu2PEXMTX0q.jpg
8864,16232,https://image.tmdb.org/t/p/w300/g7CNkytZsZzQ8ZEr8F4SmrhjI5y.jpg
8865,5137,https://image.tmdb.org/t/p/w300/cO73CS7XKRPfGYh6G36StnhswQc.jpg
8866,11823,https://image.tmdb.org/t/p/w300/agiItFfsvNsjpinLGwjfpYOhLaX.jpg
8869,13969,https://image.tmdb.org/t/p/w300/iUZ3hDMo8SGY2IoujCKwVt8ukm9.jpg
8870,10145,https://image.tmdb.org/t/p/w300/gANKh0Vm00CTE1Hf2aTh2IIXn8X.jpg
8873,1653,https://image.tmdb.org/t/p/w300/qz2aBYT8CAiJYvX4fRZpJ5G0Oz1.jpg
8874,747,https://image.tmdb.org/t/p/w300/dgXPhzNJH8HFTBjXPB177yNx6RI.jpg
8875,84214,https://image.tmdb.org/t/p/w300/3hg3c6TVFVGuoqmHi0Yw25qvpRu.jpg
8879,4176,https://image.tmdb.org/t/p/w300/x7E9iNMi5iFTdUNJvEZ1x8YNEZ2.jpg
8880,11177,https://image.tmdb.org/t/p/w300/dBYzEETDHNyt12VCD5owVW6bpEC.jpg
8894,12707,https://image.tmdb.org/t/p/w300/uSascD0pN3n5d6BlyFdce0hRVzz.jpg
8905,1492,https://image.tmdb.org/t/p/w300/3effmbI6BbGW9i0HzEDfVGuOsvz.jpg
8906,8689,https://image.tmdb.org/t/p/w300/otxZzMh53TsN7yYFqSZ3rwH1yMd.jpg
8907,10555,https://image.tmdb.org/t/p/w300/r08DpyPyhXcJTfNZAICNGMzcQ8l.jpg
8908,11128,https://image.tmdb.org/t/p/w300/aJWQNUUHVcI7kvlVdUzPS9J8XHt.jpg
8910,1599,https://image.tmdb.org/t/p/w300/h27ytqXyOrAB6KmRx2abOp8p2W.jpg
8911,14024,https://image.tmdb.org/t/p/w300/3waZREH25DZ8XqZSndCxZ7IiVzR.jpg
8912,11045,https://image.tmdb.org/t/p/w300/eLDoNLJHZPcavTT1vJqZoGydoWB.jpg
8914,14337,https://image.tmdb.org/t/p/w300/xEoq2WmDzpzxhkHEsmOYOg6BPg6.jpg
8915,26108,https://image.tmdb.org/t/p/w300/q3rTkp6d8NG2dPdb3Ert3C0YojK.jpg
8916,4380,https://image.tmdb.org/t/p/w300/aGIyiQv08Gw1HO5BV1yrwCWtGHC.jpg
8917,3989,https://image.tmdb.org/t/p/w300/m1Q2VFe1DVVbjfu1LDZe7tlp9yb.jpg
8918,16358,https://image.tmdb.org/t/p/w300/u56l2hEhbiVHT4wcjBapcVtAtY6.jpg
8919,25313,https://image.tmdb.org/t/p/w300/hcf2pZUjtqa6BpV84VwNZvZf6mg.jpg
8920,2438,https://image.tmdb.org/t/p/w300/7LdXybdZcTdZo7lkkrFQKf7byZf.jpg
8921,65550,https://image.tmdb.org/t/p/w300/3W3dgP2l24JJWq6sVEl6TddLwbe.jpg
8928,3053,https://image.tmdb.org/t/p/w300/oexVZ419LUVBiZnBYgDfnUS1Ufv.jpg
8933,18499,https://image.tmdb.org/t/p/w300/j5Bi5lr7Z2tr9fEJI0YuS0AS2iG.jpg
8934,36616,https://image.tmdb.org/t/p/w300/uuUHtdsxLqr79QlCCnJNwPkOTTB.jpg
8937,13416,https://image.tmdb.org/t/p/w300/8HIqpOgqShRc3TAleabnYispDl1.jpg
8938,1435,https://image.tmdb.org/t/p/w300/7zeQapdvD8poOizcaHwzmPxN9Km.jpg
8939,11099,https://image.tmdb.org/t/p/w300/hZ1G1uuZ1etwEhogwMDkXQRGWAO.jpg
8943,18701,https://image.tmdb.org/t/p/w300/wiJp4pN2bYgtWQqZYZhGNLeFmx8.jpg
8946,15566,https://image.tmdb.org/t/p/w300/8jHtvFpCOOqp2U2qwI3L3h10cUv.jpg
8947,1970,https://image.tmdb.org/t/p/w300/7vPAVPKYexQVmvC578wPLn2CGCL.jpg
8948,8849,https://image.tmdb.org/t/p/w300/dvKvkoc2d06cOSheq5hQ7G4FJJX.jpg
8949,9675,https://image.tmdb.org/t/p/w300/zOsaxYLgvZVU7cJBpPn8CuE0MrP.jpg
8950,4553,https://image.tmdb.org/t/p/w300/diAYqR4xdF9Hnj7qun6DEQhRrT2.jpg
8951,11109,https://image.tmdb.org/t/p/w300/556fElboCLlEmP8UULaYosU45Bc.jpg
8952,48678,https://image.tmdb.org/t/p/w300/k4jG2E1C5ER9YQIEVIYhcIWyh5Q.jpg
8954,126148,https://image.tmdb.org/t/p/w300/w029ZDkxyi8Lf0Hps3loJ8857Qt.jpg
8955,16131,https://image.tmdb.org/t/p/w300/dWjsI848P3kPT0wbVYZ8huydJPW.jpg
8957,176,https://image.tmdb.org/t/p/w300/rLNSOudrayDBo1uqXjrhxcjODIC.jpg
8958,1677,https://image.tmdb.org/t/p/w300/tSPC7sO2XYNL9QcMmK88tuUALL5.jpg
8959,10740,https://image.tmdb.org/t/p/w300/z70iQ61WqhxETAz8ar2oD8pkIM.jpg
8961,9806,https://image.tmdb.org/t/p/w300/2LqaLgk4Z226KkgPJuiOQ58wvrm.jpg
8964,47959,https://image.tmdb.org/t/p/w300/oDtTHHmwZPDI9f9NQJ7NS5GAli0.jpg
8965,5255,https://image.tmdb.org/t/p/w300/eOoCzH0MqeGr2taUZO4SwG416PF.jpg
8966,11184,https://image.tmdb.org/t/p/w300/cODCjWNRcZkwe4ONQs1GzRqYtRb.jpg
8967,11249,https://image.tmdb.org/t/p/w300/vd9K93gQ9whMKjXzADZanxWpIXM.jpg
8968,10589,https://image.tmdb.org/t/p/w300/ldor5Ep0B01TCfwZ2vWWA8VPT6U.jpg
8969,9801,https://image.tmdb.org/t/p/w300/zDthRXkGnwFIWI0zWcJyS7h6lUl.jpg
8970,866,https://image.tmdb.org/t/p/w300/5JyDPH4qdr0I6pF7Bjh1Qrf1Jhh.jpg
8972,2059,https://image.tmdb.org/t/p/w300/hVnCnOsyTRCe6Y27pCJ855FMcAK.jpg
8973,140,https://image.tmdb.org/t/p/w300/du716YH0PKiL2kZgIPLkEblgHLX.jpg
8974,11836,https://image.tmdb.org/t/p/w300/1rvzKV1d18EbDVaEd4VDzK3cgnY.jpg
8977,1966,https://image.tmdb.org/t/p/w300/jrwQu72sGwGqwE8Ijne89PSIvhp.jpg
8978,13673,https://image.tmdb.org/t/p/w300/q866vL3KhAjbkZH1enT7AoxmRHx.jpg
8979,174787,https://image.tmdb.org/t/p/w300/59xLyJBAK046RE1Ji9jK6DeX7Ue.jpg
8981,2288,https://image.tmdb.org/t/p/w300/fGGaokx4k00S0J603VG53Qlr9jz.jpg
8982,15397,https://image.tmdb.org/t/p/w300/cPoiPR15ylyBCNIr9zmUAzEb1Jm.jpg
8983,9550,https://image.tmdb.org/t/p/w300/93feGsGiCtG5ymrRcErUgBsdo6v.jpg
8984,163,https://image.tmdb.org/t/p/w300/pE5anFf7nf6ah7V3VRezQ1KSovi.jpg
8985,36648,https://image.tmdb.org/t/p/w300/6f7iXvPOnf83MaLB1JmPzUor1rr.jpg
8987,33377,https://image.tmdb.org/t/p/w300/zNtFRhDmQfe2Fnl5YmiCndXaFOu.jpg
8989,41253,https://image.tmdb.org/t/p/w300/iSw0Fb4pdXDqm9Bl8iqsSwfn5u7.jpg
8998,33740,https://image.tmdb.org/t/p/w300/uao9fRNFxBXC6mqA8WyO01RU4dJ.jpg
9004,16248,https://image.tmdb.org/t/p/w300/87huhTOQijJy0pLhusZfest1MoZ.jpg
9005,15613,https://image.tmdb.org/t/p/w300/rTFrjAp1YV49DSTUGCyKSkaEHC8.jpg
9008,28421,https://image.tmdb.org/t/p/w300/hJmmgKnY0NaJKVP7Glb4ciAzXWr.jpg
9010,8424,https://image.tmdb.org/t/p/w300/vvjC5LSMANKvGGDHjIWj1YomPdN.jpg
9018,18889,https://image.tmdb.org/t/p/w300/pm6Tvrh3XC2mOwwCB8AQWcpBg1K.jpg
25746,18987,https://image.tmdb.org/t/p/w300/3oheTQrTuqS1jPUW6GOc65ZbM5u.jpg
25750,992,https://image.tmdb.org/t/p/w300/1G9r3rqtbFAQuyWKOZm4Y5J5s7Q.jpg
25752,42359,https://image.tmdb.org/t/p/w300/3531lJNSMhrpcNWXrDIYYoYH6Rp.jpg
25753,1405,https://image.tmdb.org/t/p/w300/eur2vc2BGiOocBuBLVPXySO7lRh.jpg
25757,939,https://image.tmdb.org/t/p/w300/wr8Pt1GO87cwB3210TO3JTNDsUc.jpg
25769,25768,https://image.tmdb.org/t/p/w300/zygJMsmXxeyDc1N67OCZc8xtq4I.jpg
25771,626,https://image.tmdb.org/t/p/w300/obvE7ElAvCUhKtWFwDSvNbPw9PV.jpg
25773,27899,https://image.tmdb.org/t/p/w300/1K3Q1tAHHA5Sdtja2pPALBQevA7.jpg
25782,48365,https://image.tmdb.org/t/p/w300/hCRUtli9TCrekxSysHJ15QhMk44.jpg
25788,877,https://image.tmdb.org/t/p/w300/y4E5oRiHMTFkEB12IIcpbKbKzDW.jpg
25795,39130,https://image.tmdb.org/t/p/w300/p9V2dIMqC1g1S9bDgvxqUOJDfp6.jpg
25797,31511,https://image.tmdb.org/t/p/w300/sXsUJsW9fcVT15hfBu9LyU22qmG.jpg
25805,43904,https://image.tmdb.org/t/p/w300/yDTHSZGk1G33Q3nBNqhnpgmkyk7.jpg
25825,14615,https://image.tmdb.org/t/p/w300/u1kjLTUqmqjDMlRxcwCqWagjf6r.jpg
25826,31773,https://image.tmdb.org/t/p/w300/mu2zGdHZJ9IASvnQktjGLZ4kU13.jpg
25827,24807,https://image.tmdb.org/t/p/w300/20p5Cxib8wX0AyGl5i1uwPm6UwC.jpg
25833,43874,https://image.tmdb.org/t/p/w300/78p9egiU16QpJNvmSVa4Vnr0JUK.jpg
25834,16515,https://image.tmdb.org/t/p/w300/qhJNHLwIcMqDKBwsr9uMDOumO33.jpg
25841,43864,https://image.tmdb.org/t/p/w300/p4zqAKoJAtmkK71IyeWHc6spEKB.jpg
25850,16274,https://image.tmdb.org/t/p/w300/vTswoixIge9o84NLlWGaWl5lrHO.jpg
25855,37698,https://image.tmdb.org/t/p/w300/nkymdElqwJBm2bl3F6hJp4xJggD.jpg
25856,3084,https://image.tmdb.org/t/p/w300/pwHdSzXwlUFAcYGcFutKcPcX2OW.jpg
25865,17801,https://image.tmdb.org/t/p/w300/fe43qXp2sRAZbPDKX1puKGEwOon.jpg
25870,38914,https://image.tmdb.org/t/p/w300/k6gmIV3hTSCG2JBh2zPMLogZ5y3.jpg
25886,22387,https://image.tmdb.org/t/p/w300/x5W3FOGmifwK3e8IhLDQYvURIw2.jpg
25887,27655,https://image.tmdb.org/t/p/w300/oKH3Vfx9cPmhD74iAaKLdGdk32w.jpg
25898,41391,https://image.tmdb.org/t/p/w300/jEOqbGLFo8fxHHgYoZVTMVYMoQG.jpg
25905,42879,https://image.tmdb.org/t/p/w300/rf2OgScEs3zsJL0Gp4ZMsR2ScdN.jpg
25906,43307,https://image.tmdb.org/t/p/w300/7qqEkoPqC9ImQzPoVdVhI6NFGti.jpg
25923,14320,https://image.tmdb.org/t/p/w300/ynaFuVvW2jaG06pMV67dOhzMYfJ.jpg
25927,20246,https://image.tmdb.org/t/p/w300/bzjoPScBLUWpSu10m3GbSbSwVhS.jpg
25937,29380,https://image.tmdb.org/t/p/w300/aLgvafQvb6D6at4khC0b7kn0h8f.jpg
25940,3766,https://image.tmdb.org/t/p/w300/whqdqWavNMSoeXTx1X3DauO1LG6.jpg
25946,41609,https://image.tmdb.org/t/p/w300/jOkXsC1NjkNOxNyooRhTIf1nxsn.jpg
25947,33115,https://image.tmdb.org/t/p/w300/kJ5lV3SuD1yHgBPOfKQaJcoR09z.jpg
25952,45578,https://image.tmdb.org/t/p/w300/bSfwTLt2K8IeEeppsiDq7svikbV.jpg
25959,25209,https://image.tmdb.org/t/p/w300/c2ZLeqZVI2FYctcrFwm5C86zkLH.jpg
25962,43388,https://image.tmdb.org/t/p/w300/s5T4Da7d3f255YRyaWfhMWfoBKK.jpg
25963,800,https://image.tmdb.org/t/p/w300/cDCvmYoyqFg4CuSMtGMvCpfOIEw.jpg
25996,3111,https://image.tmdb.org/t/p/w300/zpg2SzpYhZk1D1seDfIIlwaqAxT.jpg
25999,28696,https://image.tmdb.org/t/p/w300/ne8nuvqjczy4xPMMpYwNLuSp0ka.jpg
26002,44026,https://image.tmdb.org/t/p/w300/hoBfh3jmA3XDDx9tGgMwdGd37GE.jpg
26003,803,https://image.tmdb.org/t/p/w300/2iWYQia8enOai7QEO3TvenleD7r.jpg
26038,43137,https://image.tmdb.org/t/p/w300/nScpsAfMBj0ehlisTOuwivnulH5.jpg
26048,34528,https://image.tmdb.org/t/p/w300/7jfv1C4t06VGenQxf3HbmLVmUHZ.jpg
26052,690,https://image.tmdb.org/t/p/w300/kxpvceDv9fhFc4OAs82fmdzu17Y.jpg
26059,36872,https://image.tmdb.org/t/p/w300/miGb5TwM8SIK5URe0mPMOYZqr3g.jpg
26073,34530,https://image.tmdb.org/t/p/w300/pag7gyxSFe7vTl6riHfZ5Xci6q7.jpg
26078,17185,https://image.tmdb.org/t/p/w300/hdLQlarvUmZVtrbME6y4t6Km9ZC.jpg
26082,14537,https://image.tmdb.org/t/p/w300/zK7HsOC7QxW1ldKIeFG8YJ5F2Eb.jpg
26084,13671,https://image.tmdb.org/t/p/w300/4yo6qaqVF1IThXMapo4yW9BRWjV.jpg
26085,11085,https://image.tmdb.org/t/p/w300/caxk06SANEacvycZFiApv1LA6Kl.jpg
26095,52705,https://image.tmdb.org/t/p/w300/oBL7ragSWtX8rHswM25BkdzQzWZ.jpg
26116,10299,https://image.tmdb.org/t/p/w300/hwVGNaVXFblluLwUjGcJ7RgW1rV.jpg
26122,3763,https://image.tmdb.org/t/p/w300/xyPLG53OodhJtvfQEfcmC43l16O.jpg
26124,7348,https://image.tmdb.org/t/p/w300/a3MBNEoquGKZT5UYbq9o509dzTV.jpg
26131,17295,https://image.tmdb.org/t/p/w300/2p3AFtOHFvP6OeVMqlnL1zLKOqL.jpg
26133,13187,https://image.tmdb.org/t/p/w300/vtaufTzJBMJAeziQA1eP4BLU24C.jpg
26142,29715,https://image.tmdb.org/t/p/w300/afdhdupMyfn3tDoL3XosgQF82gX.jpg
26147,42731,https://image.tmdb.org/t/p/w300/tXPsmtVy3T5Whz20LwiscprCdCT.jpg
26150,895,https://image.tmdb.org/t/p/w300/jUihkn16SwPPIjuOyo6orHWUep6.jpg
26151,20108,https://image.tmdb.org/t/p/w300/lkLO1HDzzaXpTXtAgnGpVqIQkvF.jpg
26152,2661,https://image.tmdb.org/t/p/w300/zzoPxWHnPa0eyfkMLgwbNvdEcVF.jpg
26158,789,https://image.tmdb.org/t/p/w300/oKiOhsSRWO6fRqxtvda8WuCiXBm.jpg
26159,45706,https://image.tmdb.org/t/p/w300/dkscSldTB6FGUMMLnInUfKYLfPR.jpg
26169,17905,https://image.tmdb.org/t/p/w300/asiSCq1SFrCV4gy7PJzw8c3m0yL.jpg
26171,10227,https://image.tmdb.org/t/p/w300/kQOrS0DLUXYsqPMedM2G6NJcJBq.jpg
26172,26039,https://image.tmdb.org/t/p/w300/4y8yNXdcP9KQJXd0cIUmQ0t3ezB.jpg
26176,41212,https://image.tmdb.org/t/p/w300/hAJOSqWB4FeVV7yi0fRSYFoCwvM.jpg
26183,9929,https://image.tmdb.org/t/p/w300/gNpKAmWFsCiWKKx39Ap8pF7EWQg.jpg
26184,20873,https://image.tmdb.org/t/p/w300/iwVRDsZAuJmulnPKeYxhezzpr9A.jpg
26195,50789,https://image.tmdb.org/t/p/w300/wxfNcj87BORjRYYKhY1jGMnVPLo.jpg
26198,27983,https://image.tmdb.org/t/p/w300/ejbrAFkAHP5W5mzI8wA0zUTcDdg.jpg
26225,2860,https://image.tmdb.org/t/p/w300/wekWNf0Nj6fkfR6pOjPojMAqz69.jpg
26231,26606,https://image.tmdb.org/t/p/w300/yKuqk84TtTpj0nYZS5m680JmprG.jpg
26236,20848,https://image.tmdb.org/t/p/w300/m0dWCKMtZAlPERK7Wsq7DH2BS4M.jpg
26237,2998,https://image.tmdb.org/t/p/w300/uelo2oMg4fM51LAm4eEArEwOHXZ.jpg
26242,839,https://image.tmdb.org/t/p/w300/w9Vk1Txx14vWvACELFYFlixrsfr.jpg
26249,9394,https://image.tmdb.org/t/p/w300/qY7iV4BJD5IXJU4iXlcZxKN8s9w.jpg
26258,13041,https://image.tmdb.org/t/p/w300/fKoNBTATc94rUYLq8VyypS24LUw.jpg
26265,18250,https://image.tmdb.org/t/p/w300/g0YtuuuMpBHN11qDhQvQnmVGESy.jpg
26283,27331,https://image.tmdb.org/t/p/w300/qPG2VPNA72he1Kczm2yFmslPNZN.jpg
26285,1410,https://image.tmdb.org/t/p/w300/aiqLBiH0IWrog2Q78dZTT8Ad9Sp.jpg
26303,22307,https://image.tmdb.org/t/p/w300/hqxzpgJse54AcX1Mt1c6raXS290.jpg
26308,21035,https://image.tmdb.org/t/p/w300/eqnlXShKgQbF3prxU6XYrC53z6F.jpg
26313,32044,https://image.tmdb.org/t/p/w300/sohTpACV6S7Af07XKkRUUvLNf4k.jpg
26317,24402,https://image.tmdb.org/t/p/w300/kFq1ffM4ruQmWH6C3SjVWJoqMi6.jpg
26322,16246,https://image.tmdb.org/t/p/w300/3n1hYXD21Ofa7Br10AE8Dtv7Q37.jpg
26326,8327,https://image.tmdb.org/t/p/w300/mP5FGQbNjFkrjcZ6AVHrvokPRe5.jpg
26340,9385,https://image.tmdb.org/t/p/w300/7cZQZOYZFJcLjZnxWjO5PcUtmDZ.jpg
26344,10711,https://image.tmdb.org/t/p/w300/iy7nCQQuw2qQVyyhblSLR9JQ0kP.jpg
26347,43430,https://image.tmdb.org/t/p/w300/zlkG0yVVamCyBnLLbD2zOaHMJEz.jpg
26350,9652,https://image.tmdb.org/t/p/w300/A8jYH43plz70dNmHy82zAHGTqxN.jpg
26357,38783,https://image.tmdb.org/t/p/w300/nE4ih0nzpqz0x154Vig0QJUc6Sr.jpg
26359,3870,https://image.tmdb.org/t/p/w300/deWzfCC59tmtEQvKSmflDe14FvR.jpg
26365,10640,https://image.tmdb.org/t/p/w300/sH5b8w52rEt8iqc1ibt1SwU5P.jpg
26366,33324,https://image.tmdb.org/t/p/w300/p0cyMNsoP5ap0omfhakhImBWTRw.jpg
26375,11558,https://image.tmdb.org/t/p/w300/gY1a4k9dalGx83D7TJ2C76xBprS.jpg
26386,12535,https://image.tmdb.org/t/p/w300/hCazLbbAveK7Ohc2xT3b3GioNjR.jpg
26391,12637,https://image.tmdb.org/t/p/w300/1nD40aUcPAxYdE1WxERrTjZuFGe.jpg
26394,61280,https://image.tmdb.org/t/p/w300/6CD90BQEDexEIMqIwMSnbJStF5x.jpg
26399,13481,https://image.tmdb.org/t/p/w300/z446TqbbOb7emtN1S8iOrwTHz7Y.jpg
26401,13514,https://image.tmdb.org/t/p/w300/uv8gmLKluvZBEnKI4cRnQ7r4iKs.jpg
26409,98851,https://image.tmdb.org/t/p/w300/tFAQLUDuoa2XVAVYMhLTXFh5bGD.jpg
26413,11537,https://image.tmdb.org/t/p/w300/oCt4990zVSNILSU0Q6DStmdbpIA.jpg
26422,10654,https://image.tmdb.org/t/p/w300/z0ctToyPWCB2RgIkMpD6RhRKAeH.jpg
26429,18966,https://image.tmdb.org/t/p/w300/e4RDjX46zJ0sfh5wZW1rrKkezXJ.jpg
26444,64353,https://image.tmdb.org/t/p/w300/paOaEgnRu6eWraEwrpaE4yggpj5.jpg
26464,6341,https://image.tmdb.org/t/p/w300/tYoCkgVHGUAd5BgvRMWrAScY549.jpg
26467,7012,https://image.tmdb.org/t/p/w300/brieV17D6R6HcubOqehLNYuxnvs.jpg
26471,15251,https://image.tmdb.org/t/p/w300/qnNXoflFXeUg692kulMKVJVRzYf.jpg
26472,17435,https://image.tmdb.org/t/p/w300/bgpz7gTpWmmBb26CcjVtiPE7Kfo.jpg
26492,15301,https://image.tmdb.org/t/p/w300/sDWARc5aYTUKE8Y2FIGVgWXuI4K.jpg
26498,63418,https://image.tmdb.org/t/p/w300/xTKs2ztBMnwHog8hnzS65gKLmli.jpg
26504,48677,https://image.tmdb.org/t/p/w300/v42bfxsJwujF8L892RXXqiYslZ1.jpg
26510,1884,https://image.tmdb.org/t/p/w300/4GrECLKaJhYA6ooSTOG0XEuPnSl.jpg
26523,27414,https://image.tmdb.org/t/p/w300/ypj2JwAN4vWcc4zSqFCTgUwMbJV.jpg
26524,33138,https://image.tmdb.org/t/p/w300/icHnX0RALT9Mn8CVhtqBl04jqXi.jpg
26527,8221,https://image.tmdb.org/t/p/w300/eMgvMt3fV57JmNpsaEQefjvw1hl.jpg
26528,17663,https://image.tmdb.org/t/p/w300/z1owlDzKO3DQpFKNFBnuQlPF891.jpg
26539,12615,https://image.tmdb.org/t/p/w300/tIRmjfaLmVHjGFaIcNGD3hggvbO.jpg
26542,10372,https://image.tmdb.org/t/p/w300/ntgKdekb7xMKscyh2Hei706LBLf.jpg
26547,9056,https://image.tmdb.org/t/p/w300/1eFB0Iy1TMU4VO5hMcoCE064JAT.jpg
26554,10176,https://image.tmdb.org/t/p/w300/6uvRcSy1DCh0zONGMRO4bEj44hq.jpg
26555,9080,https://image.tmdb.org/t/p/w300/s0Sx8nd9Irq0aCPbsN78s0DYVlG.jpg
26562,16082,https://image.tmdb.org/t/p/w300/ampweVzwwWQHSwFvz2YTyRIrJza.jpg
26564,14670,https://image.tmdb.org/t/p/w300/8aNGnEsvLBldNvaBkfYkGGgZDhe.jpg
26567,26555,https://image.tmdb.org/t/p/w300/y79MRJPUH5zV8doA9uunDV0G9PU.jpg
26578,24657,https://image.tmdb.org/t/p/w300/8JMh27z075ZHbFE85XYkdXF2QkK.jpg
26585,11471,https://image.tmdb.org/t/p/w300/uxZIWxOm2yonHyjLARzW37aEZjF.jpg
26590,17421,https://image.tmdb.org/t/p/w300/gADRX5uks0nIsgEzwNpkCIHukBN.jpg
26593,22572,https://image.tmdb.org/t/p/w300/7ry5Sh2oFBUj8zqWzAx5Xm8j79i.jpg
26599,4043,https://image.tmdb.org/t/p/w300/tAKaUaYGPCUStvlOaLwsJldrOJQ.jpg
26603,8852,https://image.tmdb.org/t/p/w300/jjcAOhtGuX4p8XvlVn1WXUT1jWi.jpg
26606,30421,https://image.tmdb.org/t/p/w300/oZitiEjIm1jjsB4bTIEZkawhMpx.jpg
26612,18305,https://image.tmdb.org/t/p/w300/e8352Dw1SeM4rNAGYDZVkQ0aenz.jpg
26622,49314,https://image.tmdb.org/t/p/w300/uSxAr4qqJmLOZz3hhgGa54LShx5.jpg
26629,16296,https://image.tmdb.org/t/p/w300/lHdAk5T42ofyi3NTjmrdyR7xPmY.jpg
26630,13192,https://image.tmdb.org/t/p/w300/3GwTPQkAcgDeAirRpEuJG8HDdRz.jpg
26631,18917,https://image.tmdb.org/t/p/w300/8o460rJZt7GY3j7QmLPeJrQWNwD.jpg
26645,4271,https://image.tmdb.org/t/p/w300/nYLueszPL3jydtdyXY0f6rNeFA5.jpg
26662,16859,https://image.tmdb.org/t/p/w300/Aufa4YdZIv4AXpR9rznwVA5SEfd.jpg
26676,25943,https://image.tmdb.org/t/p/w300/7QDWGSVBzGUWhN1PTnQlZcPjS2A.jpg
26680,9768,https://image.tmdb.org/t/p/w300/d2QusoWfW4azJtHtJkyLMGSv33n.jpg
26681,11909,https://image.tmdb.org/t/p/w300/zsLcRua8Jt5RtD8l8NAq1voXDfg.jpg
26686,10485,https://image.tmdb.org/t/p/w300/vYNIUUkJSZixxrfpMLFgVlagbaf.jpg
26694,41821,https://image.tmdb.org/t/p/w300/ejvX1lukPZZ10jatUWmKaXbhjGI.jpg
26695,21344,https://image.tmdb.org/t/p/w300/e7GqmnQJRWXYs8Y8uXma6p7Amcw.jpg
26696,9399,https://image.tmdb.org/t/p/w300/h4hdR6YSe0zRg8JuTpvW9kqXXlN.jpg
26700,11131,https://image.tmdb.org/t/p/w300/adcFqqwa7df4LzvnI8Z0e90rI5H.jpg
26701,14571,https://image.tmdb.org/t/p/w300/dp3CNNo7Oj704cQKiwM4MJqlW0I.jpg
26704,1662,https://image.tmdb.org/t/p/w300/dNMeRLY3MeY2FFeh639plHai3F1.jpg
26712,20562,https://image.tmdb.org/t/p/w300/blgrNJpi1jdGhKCKqRjKCl1u9qT.jpg
26713,18311,https://image.tmdb.org/t/p/w300/g0nbZt1eFlL8FqG8r524iXnpoQV.jpg
26717,1483,https://image.tmdb.org/t/p/w300/y8GbJny4bBUimJxUGXqq3l3k4OV.jpg
26726,25330,https://image.tmdb.org/t/p/w300/diBUesRJ2w6ilSbAizpk062Sajh.jpg
26729,4539,https://image.tmdb.org/t/p/w300/nVMCtL3r2nj4fySihDDvamaVkfx.jpg
26732,12776,https://image.tmdb.org/t/p/w300/5scWsRsH5MUJEgXB52w0fM6I2gM.jpg
26736,17467,https://image.tmdb.org/t/p/w300/dzG0PAbBDLbJSYuv2SM2Mjxw2MH.jpg
26741,34376,https://image.tmdb.org/t/p/w300/3OOpLGW4Nz113XVyUCes6wm8M7E.jpg
26743,15080,https://image.tmdb.org/t/p/w300/tOSnFE9e82iH3ZAzSTtuOkBsabJ.jpg
26745,6463,https://image.tmdb.org/t/p/w300/obnOuFa2yJRorRM3rab3rXZFfEh.jpg
26750,9588,https://image.tmdb.org/t/p/w300/sRgeovNyj1pARroKclXzJhOwPbW.jpg
26764,13995,https://image.tmdb.org/t/p/w300/vdHrLFfHcJX9nlvUfG3LK2a2hq4.jpg
26765,11198,https://image.tmdb.org/t/p/w300/r34w8z6H08lKMfCAXsYLr47ORD2.jpg
26776,11621,https://image.tmdb.org/t/p/w300/8mIvSvnVBApfORL9N6S38Q7wD6A.jpg
26777,47714,https://image.tmdb.org/t/p/w300/fkFYNR4iCz5n1j5Drf0jejKmNVb.jpg
26778,19087,https://image.tmdb.org/t/p/w300/gC0DmdJu7rHaqYjyXeo8GLLJ2Oa.jpg
26782,40082,https://image.tmdb.org/t/p/w300/yAMYoODA6FzHPwycrBwwrjKv1A4.jpg
26791,31962,https://image.tmdb.org/t/p/w300/wAnvljbemUQluLjCcjgTZs0PXW1.jpg
26792,22590,https://image.tmdb.org/t/p/w300/p4n2gLg7Iqko72GMJwfaHHCdVg4.jpg
26796,48150,https://image.tmdb.org/t/p/w300/nwYKkV2SbrAfZEFOfafnPYZiFr1.jpg
26797,41778,https://image.tmdb.org/t/p/w300/62ry0lNv4gQRuusC1EkUkOmTuUY.jpg
26810,14135,https://image.tmdb.org/t/p/w300/fERbcofifizJmDt892lFcrIYhFh.jpg
26812,27678,https://image.tmdb.org/t/p/w300/v8StvvS5thbpsidFFPUth6vMziS.jpg
26819,12088,https://image.tmdb.org/t/p/w300/evjpqWPUY4VpOdyLpeRfkGU8DiR.jpg
26828,19371,https://image.tmdb.org/t/p/w300/gSRSvh9kSEgCOsPR7yrH0ueh4lC.jpg
26838,12664,https://image.tmdb.org/t/p/w300/t5sgHOd9NmfyGPWDbv6MoT0f9qM.jpg
26840,7500,https://image.tmdb.org/t/p/w300/mX9E4fEuG17L2e7bZmhBc0XdRbw.jpg
26854,18998,https://image.tmdb.org/t/p/w300/kEQ6FWjvDnIl6sK88LCDcTwwjWr.jpg
26861,17796,https://image.tmdb.org/t/p/w300/enQ9FBLo4bd7AHX78geP6qRSl9U.jpg
26865,17809,https://image.tmdb.org/t/p/w300/Aqa1Yuog2OFrduwSffxZc2w4Tnk.jpg
26870,11067,https://image.tmdb.org/t/p/w300/2QAb0gZusyMsZ1W5ce85plVciDp.jpg
26871,10486,https://image.tmdb.org/t/p/w300/qOP80oUZRTT7EsV7EZA9aBa95dQ.jpg
26875,19223,https://image.tmdb.org/t/p/w300/bAd56dYln4cgoJBa1r60cb9S5xR.jpg
26900,51038,https://image.tmdb.org/t/p/w300/21y2esavPVdSgPGtew5vn8GyGDM.jpg
26901,30718,https://image.tmdb.org/t/p/w300/7GkP9w87TAFSXLzJdqxTt0ymbJE.jpg
26903,37797,https://image.tmdb.org/t/p/w300/5FROLD8zpWFs9ja7aYho1uOMJHg.jpg
26913,12613,https://image.tmdb.org/t/p/w300/dZ1rqmE4eIhPbUCr7sn2Pw2wwGW.jpg
26928,37563,https://image.tmdb.org/t/p/w300/l3syqgYqqfqPVheINI5jOBN5hXL.jpg
26940,30330,https://image.tmdb.org/t/p/w300/8qDU1GxN5jOkA0s4rwgaMu9hfNs.jpg
26947,2061,https://image.tmdb.org/t/p/w300/9Myfvq4e2BySE5aosX8UzV9cUME.jpg
26958,12254,https://image.tmdb.org/t/p/w300/oBs9SdyQZXe4E9D1Na8iAA7qvLD.jpg
26965,16992,https://image.tmdb.org/t/p/w300/wsbNQWMQV4HwwqXtvQUoBfiBzK8.jpg
26974,18415,https://image.tmdb.org/t/p/w300/tMdoCRx0XIPR5uYBwxbxR7WCNBb.jpg
26985,8765,https://image.tmdb.org/t/p/w300/1UXk8P1qY3PadOdSj5qk1qBXWMy.jpg
26999,9732,https://image.tmdb.org/t/p/w300/sWR1x6UCMCGN9xEf8RGhPS934X0.jpg
27003,5470,https://image.tmdb.org/t/p/w300/ktX5naCHfERaoDVaCUOITPIFrFd.jpg
27006,50008,https://image.tmdb.org/t/p/w300/v8Z4ENMOAT5OpiMeS1PBNPui3X0.jpg
27008,12095,https://image.tmdb.org/t/p/w300/wX129q3nFVTQVaJSHqFnTVfoIG9.jpg
27020,14533,https://image.tmdb.org/t/p/w300/8KxvKGl8lQembejIadDP03qjEYT.jpg
27022,9812,https://image.tmdb.org/t/p/w300/pbfBCMSzmKlAHZUDwsrtmG7GZP3.jpg
27032,8697,https://image.tmdb.org/t/p/w300/9YDKLbBmWGpxG5bO3TBawtNNOAr.jpg
27074,27260,https://image.tmdb.org/t/p/w300/6fQP7c3TPOvi84onjU5XMbOcbeP.jpg
27075,11508,https://image.tmdb.org/t/p/w300/XtfNBKnLDpg1waJhDF5FAd5OEX.jpg
27105,23356,https://image.tmdb.org/t/p/w300/lNbVYDqrsMsPJSBYONcao8CkDZG.jpg
27124,17985,https://image.tmdb.org/t/p/w300/lNF10v7Db2zq53kBcwKGlVcd8Er.jpg
27134,9597,https://image.tmdb.org/t/p/w300/3wkhE9fgX1rZbk4oQuzSd5Hoizz.jpg
27140,12485,https://image.tmdb.org/t/p/w300/sqr0imYSvDu8Q5nZLNjgAXppVSt.jpg
27155,17074,https://image.tmdb.org/t/p/w300/dQxwNGQ6pQLCUE5vaI9PwIZK6UC.jpg
27156,18491,https://image.tmdb.org/t/p/w300/j6G24dqI4WgUtChhWjfnI4lnmiK.jpg
27176,29587,https://image.tmdb.org/t/p/w300/vgW7eMrK8Y8u91vG9R9iff4tsIP.jpg
27178,3716,https://image.tmdb.org/t/p/w300/4OHEgTFNy6G0rkPEOKD2tM6VBwY.jpg
27186,21348,https://image.tmdb.org/t/p/w300/9RNrozaagFmpm6m0CP7q4XDcIXj.jpg
27193,2332,https://image.tmdb.org/t/p/w300/z0js1eYtKxfw4RBxiTukO7q66Rf.jpg
27246,28031,https://image.tmdb.org/t/p/w300/1bwmJfLJVoxmj96qKVuE9oSmEUS.jpg
27255,43423,https://image.tmdb.org/t/p/w300/tzrqZungDYA3Djp61NWUm7DtxNI.jpg
27266,844,https://image.tmdb.org/t/p/w300/jIN65qw0Giplo4CshzMrxz204Wn.jpg
27306,53048,https://image.tmdb.org/t/p/w300/swYfLGplXAle5CenmWVYpRSomCp.jpg
27311,16234,https://image.tmdb.org/t/p/w300/cY30YkhK84E18ROghF4osi67EYT.jpg
27317,11075,https://image.tmdb.org/t/p/w300/zwGaUMm0wAqi0wkO7LJDlwoA5LP.jpg
27320,16171,https://image.tmdb.org/t/p/w300/gTzWCN5g1eSS7pLH6lgVzLdr25J.jpg
27328,36246,https://image.tmdb.org/t/p/w300/ha06SfVtGPaRdMuBxe9IcPo8SzY.jpg
27329,17208,https://image.tmdb.org/t/p/w300/18ixOKgqZGmfALD5080MdZN4dxi.jpg
27368,2899,https://image.tmdb.org/t/p/w300/5gMmVSkY7RAxb5xRk7ej7JVhXyl.jpg
27369,44756,https://image.tmdb.org/t/p/w300/KCRALQVraaSSfK9STb7lrnbwmS.jpg
27370,18088,https://image.tmdb.org/t/p/w300/3aRREJVPJFQGCv2PqNeeANnspjk.jpg
27373,20536,https://image.tmdb.org/t/p/w300/hAbxkPCC8pWYZy4kcftS3H3oku7.jpg
27397,2440,https://image.tmdb.org/t/p/w300/lTpdrei4eWsEsCi4tYYKwdYCFxw.jpg
27408,10955,https://image.tmdb.org/t/p/w300/eVhycD9GBWPwnttygKYDi9hllAy.jpg
27416,10978,https://image.tmdb.org/t/p/w300/nwx3W0NAv7OOgODBoYHh62yaKDs.jpg
27420,81540,https://image.tmdb.org/t/p/w300/bd3xzqCTVKkR0i8eZSwCkaxF9VA.jpg
27426,11847,https://image.tmdb.org/t/p/w300/fPW4Qn9wm82uOexHMB3TC8x6lRU.jpg
27434,11056,https://image.tmdb.org/t/p/w300/e7Y1syIbxcG5Xb2tByPOIz2NhZL.jpg
27441,919,https://image.tmdb.org/t/p/w300/uRwR5lcl55n5JSaTiYPwp5KjP6A.jpg
27450,10046,https://image.tmdb.org/t/p/w300/zDq2epiQUALGfYum0ijn51Re41o.jpg
27473,10726,https://image.tmdb.org/t/p/w300/mYBvrIV78mckZGdT5gpHtXOKVc2.jpg
27478,9298,https://image.tmdb.org/t/p/w300/pjKvQrVpekshVM6DUDOt3ImhAVH.jpg
27480,13899,https://image.tmdb.org/t/p/w300/hEi5PhfgInQPL9Z0r3jijuYN8Im.jpg
27482,437,https://image.tmdb.org/t/p/w300/bEqqwtwUP7lm56VyeVONhv9JtYu.jpg
27491,27324,https://image.tmdb.org/t/p/w300/c3zEimDraIyMSasPMGDaNOrhnzn.jpg
27513,9025,https://image.tmdb.org/t/p/w300/s0W8wsed1RaUr3A69dy3pCJ3zkI.jpg
27523,11178,https://image.tmdb.org/t/p/w300/grFSgOnSt8saknfRUY05wLGVJ7T.jpg
27537,10981,https://image.tmdb.org/t/p/w300/vefWBq6xpeMYtF7ROgGfXLdp5Qu.jpg
27539,10918,https://image.tmdb.org/t/p/w300/zAXWOj1qznqWWVcXpZ0JZOgvSp2.jpg
27549,36222,https://image.tmdb.org/t/p/w300/7wHsgK1dvFdp6pv3ok3BHDY33Op.jpg
27555,13984,https://image.tmdb.org/t/p/w300/95f3BiuBTKhemHLVe7Nyh8AhuEa.jpg
27563,16184,https://image.tmdb.org/t/p/w300/8iIei17w5DVEz4P9OjxIM10f7Jh.jpg
27584,11427,https://image.tmdb.org/t/p/w300/7zEQIztSdusobBMM2TNHcffaldp.jpg
27592,4689,https://image.tmdb.org/t/p/w300/uj42ubGbgVL65T10SvPVr0p9mJc.jpg
27595,16209,https://image.tmdb.org/t/p/w300/iYAiPgkzaCAlMwQ7hyAr0h3D2uF.jpg
27604,12720,https://image.tmdb.org/t/p/w300/oMjWlKHzR9cwhf3oCUy9j57o67O.jpg
27611,206216,
27618,10077,https://image.tmdb.org/t/p/w300/mdO0UpJEmSZJqauMbNrfzwKlxoR.jpg
27619,11430,https://image.tmdb.org/t/p/w300/u2hN0WT7Dz46HfhQbr6uzSYfVW4.jpg
27627,26955,https://image.tmdb.org/t/p/w300/aaajiBpeBVbVwovpSQKaMfKRGKw.jpg
27644,38970,https://image.tmdb.org/t/p/w300/3GcAGqAtaSfD8V2ULGV1v6CROPj.jpg
27660,55931,https://image.tmdb.org/t/p/w300/eDjIG2hAeMU5cxLrd6oiQqdqoZt.jpg
27664,12703,https://image.tmdb.org/t/p/w300/bGzU4TgdqmMjIfPIgf2MjDW6H7c.jpg
27667,32250,https://image.tmdb.org/t/p/w300/d5B5mXNPOtsrZWDMjyleqi1gFAr.jpg
27674,9282,https://image.tmdb.org/t/p/w300/3TFB0Doe92l9Jgc5qtUnE6r9rqt.jpg
27683,10891,https://image.tmdb.org/t/p/w300/yhh1zMGoy6nYSXMgrsYoNRbclJn.jpg
27685,12540,https://image.tmdb.org/t/p/w300/slevjvJcGRvFZ3vwfbDdRfdLHG1.jpg
27689,60672,https://image.tmdb.org/t/p/w300/hvQZKLVzW3cYfR5bjgGTGZuCuHs.jpg
27692,24241,https://image.tmdb.org/t/p/w300/aPXm56o3tEQdk0QTR6sZzmyw4f5.jpg
27695,11556,https://image.tmdb.org/t/p/w300/Y5O3hU5DpH4Kz1wcPDumGjTkxb.jpg
27704,3177,https://image.tmdb.org/t/p/w300/sKoVS6wVmIY0fCDcJYZZ1y3yOK3.jpg
27705,19277,https://image.tmdb.org/t/p/w300/vE2fYcP07fbIHoouATNErRQuNrw.jpg
27706,11774,https://image.tmdb.org/t/p/w300/76Xi8z7Whv5WFIdfzzvC5tKSicd.jpg
27716,4972,https://image.tmdb.org/t/p/w300/plIr2NknxxvzY9nkR8AgnuLl4mK.jpg
27721,2841,https://image.tmdb.org/t/p/w300/jZ3Ir3d69dsyxif8dTVh3DjKzKH.jpg
27722,11606,https://image.tmdb.org/t/p/w300/pN6e9bMNfFNsIJZqb924KKu8lq4.jpg
27728,12140,https://image.tmdb.org/t/p/w300/1ZJRbLDVr90KLtKdmTT4WZhT26E.jpg
27731,15370,https://image.tmdb.org/t/p/w300/pqyY7IEWkCWNZ7EuRStQaJITEta.jpg
27741,12496,https://image.tmdb.org/t/p/w300/bB2M8UF8wc9flfGWkcgkTTf8Mzr.jpg
27744,29987,https://image.tmdb.org/t/p/w300/1yeh5uQ6KgvxnInUYE0SYSUWd22.jpg
27746,10361,https://image.tmdb.org/t/p/w300/no1Qw1jMGrH77fIuWxwYZ7BIhHa.jpg
27762,25757,https://image.tmdb.org/t/p/w300/v0uYgoh74LYr6QMz23vurLD7bMP.jpg
27768,21200,https://image.tmdb.org/t/p/w300/yutL7HnWZoeXZAACXq0Hl5Ic0C7.jpg
27769,40876,https://image.tmdb.org/t/p/w300/x5A0RdsKe8qnX9ntPXL4dsPGvMl.jpg
27772,11838,https://image.tmdb.org/t/p/w300/6q1hlBC6rudc3mHwXsbMBR2xAT6.jpg
27773,670,https://image.tmdb.org/t/p/w300/pWDtjs568ZfOTMbURQBYuT4Qxka.jpg
27776,25500,https://image.tmdb.org/t/p/w300/68FX0iIQVqtRotg4RqxTYTEZNN4.jpg
27778,12583,https://image.tmdb.org/t/p/w300/tQ17krYhctcHnnslqq90zzGkhg7.jpg
27784,9694,https://image.tmdb.org/t/p/w300/8ujSEEePCVMyi7Mt1RQMXd6SWmy.jpg
27788,9667,https://image.tmdb.org/t/p/w300/bt89UfRhjAvJDAO9CWJnRFXAN3p.jpg
27790,13373,https://image.tmdb.org/t/p/w300/rypaIocIovS3ICLKKakMvHDDQ0T.jpg
27793,10304,https://image.tmdb.org/t/p/w300/9iqrqOjLaFcGNnSQlJxYLfgrhqn.jpg
27801,9316,https://image.tmdb.org/t/p/w300/oagqAwp48dMPoCT94yDJUDOCVPi.jpg
27802,11647,https://image.tmdb.org/t/p/w300/q9MCjc4CMXju59slJEzYEtr7F3W.jpg
27803,1913,https://image.tmdb.org/t/p/w300/mQW1JJKCUg02cmWBzr9JFu9vM1V.jpg
27808,2539,https://image.tmdb.org/t/p/w300/x3OTaBvjqzhRL53Q39fOoIYqxyO.jpg
27815,5528,https://image.tmdb.org/t/p/w300/hUl7gSvkGygyk9wt3zy5NqpC5bb.jpg
27816,10105,https://image.tmdb.org/t/p/w300/A4LgmMTiRpkEzC6pxRcxE28IDov.jpg
27820,1114,https://image.tmdb.org/t/p/w300/c3SAAO5hNJqLWLlJr9TZ6CQ8eGI.jpg
27821,179,https://image.tmdb.org/t/p/w300/wTidq3J9fh8sEOAlD8WZFHVLSuB.jpg
27822,83,https://image.tmdb.org/t/p/w300/7Gy5N0Yp7ocaKBR860v9KDbpYHj.jpg
27826,55177,https://image.tmdb.org/t/p/w300/8FIovz3tPvxXvBY0bySbuo6cbwD.jpg
27829,26766,https://image.tmdb.org/t/p/w300/ger5wIjr4HLymG9FaAvifOC6wAO.jpg
27830,24747,https://image.tmdb.org/t/p/w300/wzbV4jsCWZqOEAmyjjGemLNZbK7.jpg
27831,4836,https://image.tmdb.org/t/p/w300/rDOxXteqxALBaSa3V3zTjGJuyWB.jpg
27834,11190,https://image.tmdb.org/t/p/w300/7V8iHBs34cPYw7ohpLqliF9x8Gv.jpg
27837,11866,https://image.tmdb.org/t/p/w300/pj3nKoouBhLkO94XUg8y5IeZ32c.jpg
27838,12281,https://image.tmdb.org/t/p/w300/nlU3SJzt5focTIkhLcO0ggnvbpW.jpg
27839,10320,https://image.tmdb.org/t/p/w300/bHbz7z2pecTawhkqLpuC2m0qywe.jpg
27846,11420,https://image.tmdb.org/t/p/w300/aN7LHIKHkq6x16a4pXlaiB7PHiP.jpg
27850,3396,https://image.tmdb.org/t/p/w300/lbwXEMe4fz6hj3ySwgstRJx38Wz.jpg
27865,5889,https://image.tmdb.org/t/p/w300/3pnMViIDP6whWXnTBq7ibQipSyS.jpg
27866,1126,https://image.tmdb.org/t/p/w300/tnFvXenEmwfESsw401SE6N9oFQp.jpg
27869,11658,https://image.tmdb.org/t/p/w300/efc2MwDwvQsYsbxLXaXtlmOJ7LZ.jpg
27873,11401,https://image.tmdb.org/t/p/w300/pnsRHqjrYbVUJXsPIDNsKV7gRmc.jpg
27878,1392,https://image.tmdb.org/t/p/w300/e7OWmWptBRCnUKj6MJ2qbxj5ZY5.jpg
27879,1843,https://image.tmdb.org/t/p/w300/lTE7ODSgIvYUBNhkSnW3qL2h4mi.jpg
27882,291,https://image.tmdb.org/t/p/w300/8L3ir0KNqSqpps2oVAeCUPVTPhr.jpg
27899,8357,https://image.tmdb.org/t/p/w300/ghoM9gorKvgAcqkSJ6TDQcsObWN.jpg
27904,3509,https://image.tmdb.org/t/p/w300/lUKudOpHICDj6A6SO7DdaZM4W48.jpg
27905,11662,https://image.tmdb.org/t/p/w300/naIjHWfQFge69GqeehgsekwDkbl.jpg
27912,13372,https://image.tmdb.org/t/p/w300/5SodI4NHGIHghH6HGfqryiNlMSA.jpg
30707,70,https://image.tmdb.org/t/p/w300/jcfEqKdWF1zeyvECPqp3mkWLct2.jpg
30745,12487,https://image.tmdb.org/t/p/w300/mo5L0XzMYmLhdsvgA40qlYiHhAF.jpg
30749,205,https://image.tmdb.org/t/p/w300/p3pHw85UMZPegfMZBA6dZ06yarm.jpg
30793,118,https://image.tmdb.org/t/p/w300/iKP6wg3c6COUe8gYutoGG7qcPnO.jpg
30803,1280,https://image.tmdb.org/t/p/w300/mejeTOe8aGWyAAjaGj7Mi66Vtfc.jpg
30810,421,https://image.tmdb.org/t/p/w300/qZoFLNBC78jzboWeDH6Ha0qavF2.jpg
30812,2567,https://image.tmdb.org/t/p/w300/lx4kWcZc3o9PaNxlQpEJZM17XUI.jpg
30816,9833,https://image.tmdb.org/t/p/w300/aTsp2VTaCBiGs8w05OTXfD97FRZ.jpg
30818,6478,https://image.tmdb.org/t/p/w300/wIewPJNyyTIMI5rQzcElc23jenW.jpg
30820,9692,https://image.tmdb.org/t/p/w300/4fDgLcc35A0IpxhMyJMP33bSDXj.jpg
30822,1901,https://image.tmdb.org/t/p/w300/5H3fbU4NlHPbLf3MUFZwPdmD3nS.jpg
30825,693,https://image.tmdb.org/t/p/w300/59fXm6N2x7QSbvt6BaBxTNBXGL8.jpg
30846,842,https://image.tmdb.org/t/p/w300/5jOOvAVvP0XtwC5yYQpQCy4cjq1.jpg
30848,9953,https://image.tmdb.org/t/p/w300/7HoqdnUpIcK1CnFDNNONPZ9PBoi.jpg
30850,11162,https://image.tmdb.org/t/p/w300/bvpPg5oTD1qT7hjY3BOsoniYdHG.jpg
30883,15045,https://image.tmdb.org/t/p/w300/biA3teAO8xZQfdBfLIK9ATdfOkJ.jpg
30890,42420,https://image.tmdb.org/t/p/w300/vQJtW76ln4tbOYlhkwoV1LkPy7m.jpg
30892,1853,https://image.tmdb.org/t/p/w300/lKxzlejHu8ApBZohNHMfbmIGzZd.jpg
30894,11804,https://image.tmdb.org/t/p/w300/ncB9SvOclmXYALlcAsF1jRIuISl.jpg
30898,11354,https://image.tmdb.org/t/p/w300/iS9lP4poDyvSGXyh199ZEXMPHrY.jpg
30994,47876,https://image.tmdb.org/t/p/w300/clqmOwegCW2YeIxxl6Aoo1omQMq.jpg
31000,66600,https://image.tmdb.org/t/p/w300/asLW0DZYI0BFc1o4IiMVmgV9i1P.jpg
31030,43442,https://image.tmdb.org/t/p/w300/oqiq3Zm6NeiVvd08gpUUu3WrihA.jpg
31038,33766,https://image.tmdb.org/t/p/w300/tPfGFKRXD0sVOGhwjxPHadTa8Y1.jpg
31049,120328,https://image.tmdb.org/t/p/w300/hNZHSsF7HPzldLv5SJnRD2BLpAF.jpg
31083,39472,https://image.tmdb.org/t/p/w300/3hpxleh58Ln1jLcF9hczRTWxtP9.jpg
31086,34326,https://image.tmdb.org/t/p/w300/qQmEEj5B3bTQI8Dq8u4zq80Z7JL.jpg
31101,18927,https://image.tmdb.org/t/p/w300/qZdbA5MScI0dDeeyI2BzuI2lfut.jpg
31114,25350,https://image.tmdb.org/t/p/w300/tHMgJGkovOFpHi2lnQ9xTrIaR7N.jpg
31116,16442,https://image.tmdb.org/t/p/w300/54LTgyRHSixyeeFhLtCFj0SMAQ3.jpg
31123,7229,https://image.tmdb.org/t/p/w300/cVmCfQJ1U744FsWWJmeK5bujy2d.jpg
31150,16220,https://image.tmdb.org/t/p/w300/jeAxoYepnVirGe0H7pmwviSZYul.jpg
31162,10609,https://image.tmdb.org/t/p/w300/eZHnSd73L5v5FDZdBpGhQPLUZGW.jpg
31184,11633,https://image.tmdb.org/t/p/w300/mtSmeCDTexb0uWhVedouJ4SeD6c.jpg
31221,9947,https://image.tmdb.org/t/p/w300/gC6s6NKHneSrOKyQZnUMb443RKU.jpg
31223,6439,https://image.tmdb.org/t/p/w300/epDsuf5oUdzTFYHqV2IRcyy8Rwc.jpg
31225,7214,https://image.tmdb.org/t/p/w300/y3HOTTyM5nLsdUzXFtFCohG28qj.jpg
31260,42390,https://image.tmdb.org/t/p/w300/jGwKOZvPItNSocHFAg1USbhKR6c.jpg
31297,43892,https://image.tmdb.org/t/p/w300/utP30vhi3le9X3STgoUIKaOLIqG.jpg
31309,8422,https://image.tmdb.org/t/p/w300/pngL8AraChIDOiWnKF2o3S9kJzJ.jpg
31364,11423,https://image.tmdb.org/t/p/w300/jcgUjx1QcupGzjntTVlnQ15lHqy.jpg
31367,10694,https://image.tmdb.org/t/p/w300/lEmGW4Fc9wMRLIKq6NRojZnTbdp.jpg
31410,613,https://image.tmdb.org/t/p/w300/cP1ElGjBhbZAAqmueXjHDKlSwiP.jpg
31420,8978,https://image.tmdb.org/t/p/w300/oBpsRvMN1ONl8oFHuWt1rasDYFJ.jpg
31422,11637,https://image.tmdb.org/t/p/w300/guDkMD4wrZ1BGUO7DFFBVzaiGij.jpg
31424,12142,https://image.tmdb.org/t/p/w300/bSxrbVCyWW077zhtpuYlo3zgyug.jpg
31427,11096,https://image.tmdb.org/t/p/w300/orY4PX3TNFdCbdVwhKY32UKMvoA.jpg
31431,8968,https://image.tmdb.org/t/p/w300/5KffN0UcuAKJdUAcOvZ21OrqXc8.jpg
31433,6961,https://image.tmdb.org/t/p/w300/x3o3VMEdwct54uLZmuzI4iyi2Zh.jpg
31435,31165,https://image.tmdb.org/t/p/w300/2umd8KCnjamgEk9RpSUDQ9TltbW.jpg
31437,2517,https://image.tmdb.org/t/p/w300/kDUUdWrbBBVqzSmm27pHFJcTvCU.jpg
31445,11413,https://image.tmdb.org/t/p/w300/9OJGGE1fdLxHGZTporORoxHpJoH.jpg
31522,661,https://image.tmdb.org/t/p/w300/tXjZEzlf4WQwZ4Dt53gXeJVuO7p.jpg
31545,29259,https://image.tmdb.org/t/p/w300/xyZhiOz5NHVBUKlpioxjwajy7pm.jpg
31553,2436,https://image.tmdb.org/t/p/w300/9ZTYSD8ZesYMKqLRbmVfZUW1FiE.jpg
31590,27430,https://image.tmdb.org/t/p/w300/svG2UuJ3SPrCp8O0RGPaKbECilq.jpg
31610,34561,https://image.tmdb.org/t/p/w300/hAc6iJYzfq6aI56k5K7cclgGzVp.jpg
31617,16638,https://image.tmdb.org/t/p/w300/a6DY3LDlXFUDuXm47zXTOfiisxP.jpg
31658,4935,https://image.tmdb.org/t/p/w300/13kOl2v0nD2OLbVSHnHk8GUFEhO.jpg
31660,8953,https://image.tmdb.org/t/p/w300/wszfXaMx74a91yRTBgO1fwSvMj3.jpg
31664,10951,https://image.tmdb.org/t/p/w300/oZzsnCPFfGg9uoRLRwQLZxju4d.jpg
31685,8488,https://image.tmdb.org/t/p/w300/x3W9H3nhGQbWSlyI8Amp2F6Z6cz.jpg
31692,32588,https://image.tmdb.org/t/p/w300/pDFuadX5kpzzUnwiPCB178AF03j.jpg
31694,57825,https://image.tmdb.org/t/p/w300/yqqo00GZqyG0dijKCqBbdQLUvht.jpg
31696,561,https://image.tmdb.org/t/p/w300/vPYgvd2MwHlxTamAOjwVQp4qs1W.jpg
31698,10214,https://image.tmdb.org/t/p/w300/Adgnfhm9B8YAQmC0osuP4zO9SRc.jpg
31700,17880,https://image.tmdb.org/t/p/w300/oMUFS7HmIyTeui5xuoIEkPYTWC8.jpg
31702,8340,https://image.tmdb.org/t/p/w300/iNJxHYyFpmqRjgZ4oa5qQna904i.jpg
31737,1942,https://image.tmdb.org/t/p/w300/zsZ2PAMMyBhkn5OSC8Qnror2KCA.jpg
31804,3040,https://image.tmdb.org/t/p/w300/mWdfItjr9tZtsSgjkqB8YhORF8T.jpg
31851,43128,https://image.tmdb.org/t/p/w300/4ojrxP6qiyDOQ5jHQlh7Yn59wJt.jpg
31867,13498,https://image.tmdb.org/t/p/w300/anBhlqCABytNvybE2Xr3tvsCOTp.jpg
31878,9470,https://image.tmdb.org/t/p/w300/exbyTbrvRUDKN2mcNEuVor4VFQW.jpg
31903,19765,https://image.tmdb.org/t/p/w300/s4jFr3bnf8d5WYCSrf0N3e7G9ez.jpg
31909,37527,https://image.tmdb.org/t/p/w300/xd2gbzKxJSdKgNDMHYehfl4xt8j.jpg
31921,29578,https://image.tmdb.org/t/p/w300/95IzjZIzXVDpojBuMWaeAmJzIDs.jpg
31923,2926,https://image.tmdb.org/t/p/w300/6qjW1e31k2XhcWpzGz6lgHcRt5W.jpg
31925,54302,https://image.tmdb.org/t/p/w300/rx5DYndn3ua5Pe3yz492kqERH19.jpg
31952,5204,https://image.tmdb.org/t/p/w300/rEf7jXTm4oaI4YWTLlqQCukn63j.jpg
31973,8016,https://image.tmdb.org/t/p/w300/sdxegsjrrvujXvv2GLPENyDlWDI.jpg
32009,16186,https://image.tmdb.org/t/p/w300/4w36ckDhsWFPD9XaHOOJb1ru7JZ.jpg
32011,10012,https://image.tmdb.org/t/p/w300/em45jL4CfTMyj5V83kj7rhdorJu.jpg
32017,10022,https://image.tmdb.org/t/p/w300/ayVLPibrtazh7U5FliWRLDMmG3d.jpg
32019,4551,https://image.tmdb.org/t/p/w300/ekKCH7Zkb5ZTr1f1AczZY23FH.jpg
32022,30856,https://image.tmdb.org/t/p/w300/iu1Qydj27eeVu7kvWzAjQGiNdEK.jpg
32029,2026,https://image.tmdb.org/t/p/w300/vjhLmtjO2pMQXRgkxcwZoq2Ma8n.jpg
32031,9928,https://image.tmdb.org/t/p/w300/fnKCh67l2DDG9NxxIlk9IpsXQ99.jpg
32058,15771,https://image.tmdb.org/t/p/w300/9BOsvZL2DuE2JFGYOssynTjs8K6.jpg
32060,76804,https://image.tmdb.org/t/p/w300/pblghrfHa2XvNE5lDYq2vVMyVoh.jpg
32116,38148,https://image.tmdb.org/t/p/w300/c5h3BXUQfOPPaKMaq3nsOi5H1Bl.jpg
32139,36815,https://image.tmdb.org/t/p/w300/4ZiwyXtyxYDmMnNiVemCPgxY8X6.jpg
32160,31835,https://image.tmdb.org/t/p/w300/lHZcuD5pEoyoNHqeTEUEyDEDVKi.jpg
32179,1093,https://image.tmdb.org/t/p/w300/jgeZS97po2luaeElfUh07VAbVfV.jpg
32213,438,https://image.tmdb.org/t/p/w300/m5ODgUYh5lMvRumBY63QJ4eVYp5.jpg
32234,42222,https://image.tmdb.org/t/p/w300/qHtPzs9eVCilp88c1arq73gH6xk.jpg
32243,11196,https://image.tmdb.org/t/p/w300/gN38rJZ77dtnVqbIGTkNtF4glX2.jpg
32289,13374,https://image.tmdb.org/t/p/w300/oLWeyvu0ZJrpxDsRrzsMeaGzyZp.jpg
32291,9688,https://image.tmdb.org/t/p/w300/3cLNqq5dpblYG0QkPgwn763DvJB.jpg
32294,228890,https://image.tmdb.org/t/p/w300/9L2UklEAv0i4Sxjh7RVRCAv4HOS.jpg
32296,10040,https://image.tmdb.org/t/p/w300/gcYoIHND3ugn2VH1cNHHNQasEyI.jpg
32298,11638,https://image.tmdb.org/t/p/w300/8BF6qSAANBvhEPZxQVTUiZbfiOy.jpg
32300,540,https://image.tmdb.org/t/p/w300/cMwLTcG5aVBYeh5W6SVSfowboAf.jpg
32302,77120,https://image.tmdb.org/t/p/w300/oXN9NoSY1UJesrtyOzLeO86yZod.jpg
32314,48463,https://image.tmdb.org/t/p/w300/hsBmbcL4KiZerEwFJO4BHlvnbA8.jpg
32371,26038,https://image.tmdb.org/t/p/w300/ejXHWJRTYfvPFGQnwOZevqoNU6H.jpg
32387,19884,https://image.tmdb.org/t/p/w300/yjHbIihqpuAXlZVoPbWdqaukllB.jpg
32392,37748,https://image.tmdb.org/t/p/w300/f8tqwtxk0xUJA8fHaKqxZ0G8ey4.jpg
32440,22434,https://image.tmdb.org/t/p/w300/rTjcoGpHONeacV4zewHi1oSttW.jpg
32442,12778,https://image.tmdb.org/t/p/w300/5OpvMU6CTXe4pRAQUVWcVJeZCSS.jpg
32456,15283,https://image.tmdb.org/t/p/w300/gyoJmFf24MOUc4TTu97sd0cHIQF.jpg
32460,158,https://image.tmdb.org/t/p/w300/oiaGyQtjI5rnFDI7BVngXyfmVhc.jpg
32469,5996,https://image.tmdb.org/t/p/w300/UsrZkcoj95K8ZVf7FMnTiZ5P4C.jpg
32511,44154,https://image.tmdb.org/t/p/w300/y0VDLox8ufaR4Ry1mFceELYJbKq.jpg
32515,28448,https://image.tmdb.org/t/p/w300/1C0oYAeNjIBLuj7CVWz3HTIUdeP.jpg
32554,42994,https://image.tmdb.org/t/p/w300/e0HIBRiKS5dWmXkxWvEh6JQZcc2.jpg
32582,17592,https://image.tmdb.org/t/p/w300/kBLgd1Ep3oUItLHj23s6vGHAO80.jpg
32584,17113,https://image.tmdb.org/t/p/w300/jhID43WmWf3HeH3M3tBCPTSeBOi.jpg
32587,187,https://image.tmdb.org/t/p/w300/i66G50wATMmPrvpP95f0XP6ZdVS.jpg
32589,14177,https://image.tmdb.org/t/p/w300/3y5I9WKlfeNnSQbOvS4l3mVPqri.jpg
32596,7364,https://image.tmdb.org/t/p/w300/kyY1onYxkKBDlJsheRsVbMaoQEM.jpg
32598,11431,https://image.tmdb.org/t/p/w300/xwJBEOM5BVElAgQIA82KBLX10fu.jpg
32620,51945,https://image.tmdb.org/t/p/w300/aLDY62kgrEWrD4ll9ChS5JAGEQJ.jpg
32632,26332,https://image.tmdb.org/t/p/w300/6813vVr0az8JHSebRULwg3ttX9F.jpg
32649,42229,https://image.tmdb.org/t/p/w300/jzRn7N1mFowkQ5IkUkfWoxXJtYU.jpg
32657,49565,https://image.tmdb.org/t/p/w300/tEzdXghDipM4b8Qs1mzt4mvXT6l.jpg
32659,2029,https://image.tmdb.org/t/p/w300/hTSALpAPB5ANmplvBqwChgv1Hun.jpg
32666,44181,https://image.tmdb.org/t/p/w300/mOCAfLSo6hkAIdWRCvNwquwsPwy.jpg
32728,19971,https://image.tmdb.org/t/p/w300/qlH7atDoN2iOmq6pNsoFIlebhgA.jpg
32743,9674,https://image.tmdb.org/t/p/w300/nuhEWlaoMD00rTDCiYxdEc7d1tD.jpg
32770,3875,https://image.tmdb.org/t/p/w300/faViDuoxyQ3qJsCbLclqBp4oK4y.jpg
32799,9653,https://image.tmdb.org/t/p/w300/xCyjsv32kZ3F1BgZqJOEIKCDFiv.jpg
32862,39225,https://image.tmdb.org/t/p/w300/lftVCP4BmMvikPBJ40391htsyUS.jpg
32875,4595,https://image.tmdb.org/t/p/w300/x1wwNdrBywcmZSfIsO8qcaZxYWR.jpg
32892,31442,https://image.tmdb.org/t/p/w300/trY9ADhXgSExH3DLlFhV5C8aDtw.jpg
32898,775,https://image.tmdb.org/t/p/w300/9o0v5LLFk51nyTBHZSre6OB37n2.jpg
32906,50183,https://image.tmdb.org/t/p/w300/hJOju5XZfmq4Lg5dPa8IPVY3mDt.jpg
32914,7342,https://image.tmdb.org/t/p/w300/knjeEeeyIwDkUtZwDfJOcUIuNdB.jpg
32917,45267,https://image.tmdb.org/t/p/w300/7ZkRvQr0HspqEDBDVBHs16noFxd.jpg
33004,7453,https://image.tmdb.org/t/p/w300/yr9A3KGQlxBh3yW0cmglsr8aMIz.jpg
33085,10065,https://image.tmdb.org/t/p/w300/4D246dpe7yy2GvHI2IbpeqkUXry.jpg
33090,30863,https://image.tmdb.org/t/p/w300/f6doYuJsaciPllLKy2VGWGLWXaV.jpg
33124,9393,https://image.tmdb.org/t/p/w300/dhTTscZkiQefuq6OeYp9rnvhCBW.jpg
33126,16972,https://image.tmdb.org/t/p/w300/j2Oo1Ds4Vbns5WP4BfSnU3wXwpn.jpg
33132,13409,https://image.tmdb.org/t/p/w300/plp9AHFlFghfmMESJyPmsJnhQao.jpg
33138,13073,https://image.tmdb.org/t/p/w300/yqcNYtm3F7GhCgAnTcQslKzMFOf.jpg
33145,8976,https://image.tmdb.org/t/p/w300/6xrF9zwEbYiYBOalMO14RAWBLLj.jpg
33148,27360,https://image.tmdb.org/t/p/w300/lH8Nugl7DnMaMHfOChEFNXXQ3zX.jpg
33154,13020,https://image.tmdb.org/t/p/w300/zezeOElCxlPui9SFGj5ToZ4W1Nh.jpg
33158,11679,https://image.tmdb.org/t/p/w300/nL9J0N3HJSdZTKRsd5xcE6IzL5s.jpg
33162,1495,https://image.tmdb.org/t/p/w300/rNaBe4TwbMef71sgscqabpGKsxh.jpg
33164,10066,https://image.tmdb.org/t/p/w300/aCLSgw1DaqkRvosYc3YUttBTtpT.jpg
33166,1640,https://image.tmdb.org/t/p/w300/86BdPC6RDX88NC880pLidKn2LCj.jpg
33171,11171,https://image.tmdb.org/t/p/w300/wgSwDqhl6Rt3cuSCwt5sNpPna3x.jpg
33188,14750,https://image.tmdb.org/t/p/w300/ejZ2AUQKnKiSoLegCQXT2Rdjm7r.jpg
33201,53116,https://image.tmdb.org/t/p/w300/3RwzIMMaZEmvGWzvOrZZfWctdvx.jpg
33237,43881,https://image.tmdb.org/t/p/w300/zQF1UDB0ck4dRfKAn4XixGrCkjx.jpg
33294,9463,https://image.tmdb.org/t/p/w300/5Ni9RhIs6cLUrBLwdrqZ2fUFimS.jpg
33310,26810,https://image.tmdb.org/t/p/w300/j9mUn7MfTUWdM4VthTcTPQE4Bdo.jpg
33312,20625,https://image.tmdb.org/t/p/w300/xfiyCaWDfftKHzft2MKxAFFwHYL.jpg
33421,10913,https://image.tmdb.org/t/p/w300/2IF19Tcx5D9d8iUWa0PxFhO6MYZ.jpg
33435,38643,https://image.tmdb.org/t/p/w300/wmzGSQktsLf2JvfkhBaLSdG4G3Z.jpg
33437,10027,https://image.tmdb.org/t/p/w300/gghvmS3UxtOw1UHIgYjpeZNxHil.jpg
33493,1895,https://image.tmdb.org/t/p/w300/xfSAoBEm9MNBjmlNcDYLvLSMlnq.jpg
33495,9981,https://image.tmdb.org/t/p/w300/4erPZ5V0yzNXRB2IcypOACMEgOA.jpg
33499,4379,https://image.tmdb.org/t/p/w300/iRqcGkIPdRbEaW0xMEA5kgceUF8.jpg
33558,14694,https://image.tmdb.org/t/p/w300/1UlHIWfqjkizc2qem0IPZBG6nn5.jpg
33564,20271,https://image.tmdb.org/t/p/w300/vZbdSpUFyFiDBBTY0AiSrN9f303.jpg
33615,953,https://image.tmdb.org/t/p/w300/zMpJY5CJKUufG9OTw0In4eAFqPX.jpg
33629,13064,https://image.tmdb.org/t/p/w300/4TPCzvOoQmmParPjgHCiqqiVYIJ.jpg
33639,14358,https://image.tmdb.org/t/p/w300/1wDU19PTEdR30QdnLFw93scXto7.jpg
33644,12700,https://image.tmdb.org/t/p/w300/nEkB6Y7DdEvWNCKWsHis76XYciR.jpg
33646,9291,https://image.tmdb.org/t/p/w300/nbKcVBcxF96ARW2oKHqDYAcLdu.jpg
33649,19316,https://image.tmdb.org/t/p/w300/7XbbgkKi4nEMOu9iwiANXpjKKhe.jpg
33660,921,https://image.tmdb.org/t/p/w300/wkeOjIcpuqLMW4GnVowlM9VI0JE.jpg
33669,9779,https://image.tmdb.org/t/p/w300/wNshlUT6IZEz2AF3iZrlb2mX0pR.jpg
33672,9787,https://image.tmdb.org/t/p/w300/k2NiPfydLSwmk28C6qpvpJPuqtq.jpg
33677,23825,https://image.tmdb.org/t/p/w300/9yyIDpDoq5MBVFqZGvaPg4dAeAK.jpg
33679,787,https://image.tmdb.org/t/p/w300/kjD700RtyhveN3ZbOnSvUSne0Qj.jpg
33681,14199,https://image.tmdb.org/t/p/w300/xpFbHSkRgOxOoutKqXob9T8iBPA.jpg
33683,10226,https://image.tmdb.org/t/p/w300/vKeFa7CqSxmWsQDjHP6SJXKoDbj.jpg
33725,12109,https://image.tmdb.org/t/p/w300/4AvbVwbejmSMKGEdLmVYDLAss1i.jpg
33779,13589,https://image.tmdb.org/t/p/w300/mwvsA31Ei0vYaOPRjF8FBL9For7.jpg
33781,11620,https://image.tmdb.org/t/p/w300/dqF1dattMNiwGjPSphu2VSi558Q.jpg
33794,272,https://image.tmdb.org/t/p/w300/sPX89Td70IDDjVr85jdSBb4rWGr.jpg
33801,15767,https://image.tmdb.org/t/p/w300/21lWA4YyYppVnwAPOiBkGrt2FGr.jpg
33815,15648,https://image.tmdb.org/t/p/w300/s1zaWMtjzw1hm5tPXm2GLFJaCfY.jpg
33826,25248,https://image.tmdb.org/t/p/w300/3MdWgqUunIBWnc7mYi2dtZrD54Y.jpg
33830,11451,https://image.tmdb.org/t/p/w300/7lTfTZ8CDfXw09eAv3OOvsbCVgs.jpg
33834,11683,https://image.tmdb.org/t/p/w300/xxp0qcZ3n2YA53SIzWilDSfIaA4.jpg
33836,9722,https://image.tmdb.org/t/p/w300/8lx4EXmAZo8ogh4128UBZRQfCjI.jpg
33838,2287,https://image.tmdb.org/t/p/w300/bx7UAcyumQZuNj3dZFK7Wh4dbRl.jpg
33880,1382,https://image.tmdb.org/t/p/w300/hrj9VsInHnqSDBhEc2FvY0qd79F.jpg
33893,9534,https://image.tmdb.org/t/p/w300/1wOWudCNA550cLNk3JFoqhxLOGB.jpg
33896,33908,https://image.tmdb.org/t/p/w300/r0UzUF15suxLatzvNK3TQKxp10h.jpg
33903,276,https://image.tmdb.org/t/p/w300/jpiXFtvBYemLbAktLPNx5xDGvJn.jpg
33966,12574,https://image.tmdb.org/t/p/w300/2z2AcI1VyPnRtHrvfpk1YDItdmB.jpg
34018,22553,https://image.tmdb.org/t/p/w300/dJsDjHYfOemGvVtHTdivU0Tl0YK.jpg
34048,74,https://image.tmdb.org/t/p/w300/6Biy7R9LfumYshur3YKhpj56MpB.jpg
34072,1667,https://image.tmdb.org/t/p/w300/o9xJ1xG1WKlHkl8ACqq0LShOuMu.jpg
34129,7233,https://image.tmdb.org/t/p/w300/4l0Q1lAf4aV3h1LJQ00EpxVQefr.jpg
34143,9009,https://image.tmdb.org/t/p/w300/cm4M9xaBu78IjuAVNG4LCXdXsg.jpg
34148,1553,https://image.tmdb.org/t/p/w300/w4Y1WJMUP6w2hZo5FnQdZL3OWjN.jpg
34150,9738,https://image.tmdb.org/t/p/w300/4YMcYEFS8sFuW3soP1HVmgR3cSm.jpg
34153,14278,https://image.tmdb.org/t/p/w300/qxaXzZnGsHaAJpSaF72nDhhL58n.jpg
34162,9522,https://image.tmdb.org/t/p/w300/lFM3lk2zVzC1YFnKm0r6LbFPyRu.jpg
34164,14922,https://image.tmdb.org/t/p/w300/76Hq3Buq6SIOe5Z7f5APwh1s7vU.jpg
34271,10476,https://image.tmdb.org/t/p/w300/yO5QTMZ2Oex6mwsgJuwRuINGuOQ.jpg
34292,11309,https://image.tmdb.org/t/p/w300/ybauOsdo6ColZ1WsALqIYjpUg4X.jpg
34312,31063,https://image.tmdb.org/t/p/w300/eug0h5nFQZTClWpmuf3E3xovsgS.jpg
34319,1635,https://image.tmdb.org/t/p/w300/9MaZYEyFmQwNeDTxZGQEN8E0e4p.jpg
34321,13341,https://image.tmdb.org/t/p/w300/ja1yrgfYAGmwnridioMY3MV0GDm.jpg
34323,1696,https://image.tmdb.org/t/p/w300/drZz4AuI7trq6BxlH9Xa4v4O0Pb.jpg
34326,1665,https://image.tmdb.org/t/p/w300/btbp47CHXgLhw30kyDoVfNFLB3g.jpg
34330,9775,https://image.tmdb.org/t/p/w300/6K52ZhGL1XfD4Ds33WZIYHFpNum.jpg
34332,11459,https://image.tmdb.org/t/p/w300/nBB0XNMwvYvWpo67EcxQqKMoMKf.jpg
34334,10048,https://image.tmdb.org/t/p/w300/cVtQHyTwaDhYFVRFXSuDthC2bXH.jpg
34336,11648,https://image.tmdb.org/t/p/w300/252PdRj3y2S05DC4oSf2qk2vva3.jpg
34338,15258,https://image.tmdb.org/t/p/w300/Ag25aONVwWspQAuEPwNKmwUOvce.jpg
34359,42719,https://image.tmdb.org/t/p/w300/2v6ezHOqJM2HpSHiGWqLj0Mqs78.jpg
34397,37632,https://image.tmdb.org/t/p/w300/4zvDsEfIbbAy6rKLOI2UerX1um1.jpg
34405,16320,https://image.tmdb.org/t/p/w300/4sqUOaPFoP2W81mq1UYqZqf5WzA.jpg
34437,308,https://image.tmdb.org/t/p/w300/gd8JNjwgiM6ZgGm6NFAkovQWoYn.jpg
34450,25074,https://image.tmdb.org/t/p/w300/70OnveJQzlYji1TOoODNGrU9Mjj.jpg
34482,39946,https://image.tmdb.org/t/p/w300/fRlXkYgQc6QfwYMAlv2neKhRswl.jpg
34520,6519,https://image.tmdb.org/t/p/w300/2ZrNyYJEgE0VIqhelQPqFTR20xF.jpg
34523,13919,https://image.tmdb.org/t/p/w300/uMb26IjDgdq8p4H3XNO1CAsjT4m.jpg
34528,1444,https://image.tmdb.org/t/p/w300/asC6UOPrR6OlNMiyXbeXWu08SOG.jpg
34530,11453,https://image.tmdb.org/t/p/w300/yXdQ4UGDFCsPrynJOdIk20AYLus.jpg
34532,9913,https://image.tmdb.org/t/p/w300/wHmubdzrVw8oq7htzrf364wsJNp.jpg
34534,8292,https://image.tmdb.org/t/p/w300/8cO39cnWSZQi2ncPG5TxL3YRzKc.jpg
34536,13922,https://image.tmdb.org/t/p/w300/k5Q76tzV2T4RtDdYwNj64c1qQ16.jpg
34540,14166,https://image.tmdb.org/t/p/w300/oTbmRS9OBqACIlgRkTqHIc1n6lO.jpg
34542,501,https://image.tmdb.org/t/p/w300/zuZWpcuye25rpsiZ4XzsAvmLDHG.jpg
34800,17824,https://image.tmdb.org/t/p/w300/temhAEeniTralG3G9NyjPmTgzIe.jpg
34811,11328,https://image.tmdb.org/t/p/w300/qxvyw5NZBphzWliVdSzn7gSxUel.jpg
35015,15907,https://image.tmdb.org/t/p/w300/opoDxQW9S6SaiP8rY7urw16QVTL.jpg
35347,11848,https://image.tmdb.org/t/p/w300/lhLp9a0jBIPLMAdUFNlYjCuS72Q.jpg
35807,43313,https://image.tmdb.org/t/p/w300/v2G1Vh14X9NslrHR9zGlGoV1i4M.jpg
35836,6957,https://image.tmdb.org/t/p/w300/mVeoqL37gzhMXQVpONi9DGOQ3tZ.jpg
35957,11460,https://image.tmdb.org/t/p/w300/osLMnQIjDMmzLvXmOlIOlou9olp.jpg
36276,445,https://image.tmdb.org/t/p/w300/vTzjRi0Uhy0tt3Rjw8SARZZJHlX.jpg
36289,9564,https://image.tmdb.org/t/p/w300/sJ4zNakOuWcsW6ssH1qk80JehQ2.jpg
36363,20874,https://image.tmdb.org/t/p/w300/b38fRsOD7LoPGQSmKeB2jQvVkGx.jpg
36397,14175,https://image.tmdb.org/t/p/w300/tSRO8wukDlGMlrkmRpqL2nWhgPs.jpg
36401,4442,https://image.tmdb.org/t/p/w300/iPrey2UYrA5Fqa8L3KnxqMqfmSq.jpg
36477,13169,https://image.tmdb.org/t/p/w300/9V1ASfnxMZxrkqIvVQYySE5qSwd.jpg
36509,9042,https://image.tmdb.org/t/p/w300/gMfJo22XulGLA8h8yAjiLhdQusv.jpg
36517,1985,https://image.tmdb.org/t/p/w300/nkXq7V7mmJVbvwZGr3nxkHo7HkS.jpg
36519,9335,https://image.tmdb.org/t/p/w300/cdm17vK8PxHfTi7ayZf6WKbOgUO.jpg
36525,9007,https://image.tmdb.org/t/p/w300/2cLbyVNhEEaUJGg7rfbLtX6454I.jpg
36527,9777,https://image.tmdb.org/t/p/w300/h5z4JWhaPYMMXhYzwuK7SUgjmMm.jpg
36529,1830,https://image.tmdb.org/t/p/w300/3MGQD4yXokufNlW1AyRXdiy7ytP.jpg
36533,10092,https://image.tmdb.org/t/p/w300/7OQ2McKYgnyfIHHkm0jBxQnu7ou.jpg
36535,340,https://image.tmdb.org/t/p/w300/gk469Y3fJTlbcAkSNMZc4OtETOK.jpg
36537,1546,https://image.tmdb.org/t/p/w300/fBLjXNRkH0KuC5JEnGBUZx3SQw3.jpg
36708,65215,https://image.tmdb.org/t/p/w300/pgbMydwYuHlGcaASQMA963qpSH3.jpg
36850,10753,https://image.tmdb.org/t/p/w300/kjq1FXtHh9i2sIuM0JaoYf43FDU.jpg
36931,11636,https://image.tmdb.org/t/p/w300/kWUTyIao0b8DxVrO6L0LnpJVYWV.jpg
37211,22575,https://image.tmdb.org/t/p/w300/di0laTicoduEdp1WS10T8Poss7r.jpg
37240,14286,https://image.tmdb.org/t/p/w300/kfOmnlwt1rrhxmxc05X3i9mHSOs.jpg
37380,8814,https://image.tmdb.org/t/p/w300/y50lH061yWOvEstoZRn7lYs0huk.jpg
37382,9923,https://image.tmdb.org/t/p/w300/pZdIfYkM5kV5BaUDYzwzgmpUxno.jpg
37384,7553,https://image.tmdb.org/t/p/w300/h3NJDiaaliUH35ApXPu8PFKZwWz.jpg
37386,8202,https://image.tmdb.org/t/p/w300/5958Nt4QX6aRSUdQnvNw8wqjTJQ.jpg
37444,3118,https://image.tmdb.org/t/p/w300/cNZxL0yeDZ37YVCf05us8nbhhjF.jpg
37475,1947,https://image.tmdb.org/t/p/w300/7ugLG1yF1l8HWYhmdmHHSC3kJ8b.jpg
37477,9074,https://image.tmdb.org/t/p/w300/bnofwLKvg2g7Ky9sSpyTHaan37n.jpg
37495,16133,https://image.tmdb.org/t/p/w300/plk0CXzSH9SeWCnbj2hoQEJJmy4.jpg
37545,10319,https://image.tmdb.org/t/p/w300/lxJThwhfqvyIRD6VszknCNCSokK.jpg
37720,8643,https://image.tmdb.org/t/p/w300/qMN0HIP34f736kkQcfvTfmL9TP3.jpg
37727,9315,https://image.tmdb.org/t/p/w300/oNjZFzbe7PfF3TxztNHDkinOPyB.jpg
37729,3933,https://image.tmdb.org/t/p/w300/3RAoVTxUk1OzZClscAsynuu670p.jpg
37731,8923,https://image.tmdb.org/t/p/w300/oTxHFRSbFcCWdfJB4ozA41Yq57c.jpg
37733,59,https://image.tmdb.org/t/p/w300/3qnO72NHmUgs9JZXAmu4aId9QDl.jpg
37736,257,https://image.tmdb.org/t/p/w300/zhPdYZ3x2uanhM1SyBj4CuL6hSa.jpg
37739,15487,https://image.tmdb.org/t/p/w300/kh4vd6wKa6j9xVFzxhQrsT0p2YN.jpg
37741,398,https://image.tmdb.org/t/p/w300/tzsxkZMnJvozpHQEl1KzO8KwWu.jpg
37830,647,https://image.tmdb.org/t/p/w300/pTIXM2yu8McSlcQVs1VjVSNC45x.jpg
37844,14544,https://image.tmdb.org/t/p/w300/lStFr3EHTNbnyOdOk2QDCqYGnlR.jpg
37853,11968,https://image.tmdb.org/t/p/w300/h5oXcjRu0EOiAxSxYuGq58897tu.jpg
37857,14517,https://image.tmdb.org/t/p/w300/itIJU3NKbdgScA1WPIxXzOlm0Uj.jpg
38038,533,https://image.tmdb.org/t/p/w300/cMQ2lNd7sBe6PCf6zF5QxrKzbRG.jpg
38061,5236,https://image.tmdb.org/t/p/w300/aWfjIkpENFX6Uw82pET7EQ6jnrd.jpg
38095,11344,https://image.tmdb.org/t/p/w300/iqUGAIQqHMMscatykpR6hVBxezA.jpg
38159,31056,https://image.tmdb.org/t/p/w300/kLAMz50Or2So1aEzHYv0R8iXo46.jpg
38164,43807,https://image.tmdb.org/t/p/w300/j4KbLsCLnJVALXuV3djKOI8sUfc.jpg
38294,5471,https://image.tmdb.org/t/p/w300/49s4KMmF2YBJhHYTqwdvikpTztt.jpg
38304,19082,https://image.tmdb.org/t/p/w300/lqOo4nyRS56Goi8InZqLFKGEJR5.jpg
38388,9763,https://image.tmdb.org/t/p/w300/9YZhJGoIbJtrjDYbENGhR6f6SZE.jpg
38583,10017,https://image.tmdb.org/t/p/w300/vHrNnqqRYWzkkrJV8MtmUGgC4Kk.jpg
38798,11931,https://image.tmdb.org/t/p/w300/gmd2n3TuXewrbINp8Jfhwd5Jw6S.jpg
38886,10707,https://image.tmdb.org/t/p/w300/9NbXn1NMdfGM491V3EFjZADR9SX.jpg
38992,9910,https://image.tmdb.org/t/p/w300/5SedPYdGLrp6LX9C2cWXLx38w1D.jpg
39183,142,https://image.tmdb.org/t/p/w300/aByfQOQBNa4CMFwIgq3QrqY2ZHh.jpg
39231,9621,https://image.tmdb.org/t/p/w300/mOdlzAQxhMgiaazRzif1YtJzg9s.jpg
39234,9701,https://image.tmdb.org/t/p/w300/upxUN4zmX79o49mBW9htKZDeNq7.jpg
39292,3291,https://image.tmdb.org/t/p/w300/w4QSEno2xxHqMtSr3mPUhJpO3F2.jpg
39307,12920,https://image.tmdb.org/t/p/w300/7Z5FuLTrP5myJ2Dl9VzDRa6q0CG.jpg
39381,16608,https://image.tmdb.org/t/p/w300/bbSHSJuO5XjrIKMh6QXXLTg3Yzr.jpg
39400,791,https://image.tmdb.org/t/p/w300/v9vt49PUDJGkrMVjhb3yiYo7H4Y.jpg
39414,2610,https://image.tmdb.org/t/p/w300/mEpnYHytC1MuLECf4N0g4Xql2t8.jpg
39427,8066,https://image.tmdb.org/t/p/w300/nrLZVP8jG0KBcabahRPp6UP7Oy2.jpg
39435,1656,https://image.tmdb.org/t/p/w300/93iEBX1QbsxAv8eSybe8lhLXY1A.jpg
39444,6963,https://image.tmdb.org/t/p/w300/oQilVzOxLPxvBn9hAuvGpKTpONM.jpg
39446,215,https://image.tmdb.org/t/p/w300/gTnaTysN8HsvVQqTRUh8m35mmUA.jpg
39449,2313,https://image.tmdb.org/t/p/w300/gz17H1jiLI9OrTo8ruS31WkP9Am.jpg
39516,16729,https://image.tmdb.org/t/p/w300/o5kErZoLG5eAQ5IqZxUoIzNmlJ1.jpg
39715,8274,https://image.tmdb.org/t/p/w300/6BgKeWEGROpWwEWvpw7vwfTCr9C.jpg
39801,42000,https://image.tmdb.org/t/p/w300/xk96VmT0IC2nvWJG9iRWJrzEpmB.jpg
39869,1951,https://image.tmdb.org/t/p/w300/6HYoHEcLNgETHlJDyQrC4Y7e01.jpg
40148,10851,https://image.tmdb.org/t/p/w300/cXJYFEIGNxiNTCekP1A68ICzJen.jpg
40278,25,https://image.tmdb.org/t/p/w300/6vdj47RAWOUZBkeQmqToeZ7eaio.jpg
40339,9982,https://image.tmdb.org/t/p/w300/87FpA4b90eTaw3U6zmCNikoPLir.jpg
40412,12877,https://image.tmdb.org/t/p/w300/sCbXlGHmonE3QEOeM7I2PRkG8y6.jpg
40414,11661,https://image.tmdb.org/t/p/w300/9Ka8lKCIiWjnZiMslPQeakS5UhW.jpg
40478,38761,https://image.tmdb.org/t/p/w300/wF8paiOb7E1JWb6mvec0TCTNq5W.jpg
40491,7974,https://image.tmdb.org/t/p/w300/zHfabvr3RKEbNfksFBs2Cder91i.jpg
40578,46917,https://image.tmdb.org/t/p/w300/8CoqruUTwDldSP8iNSKvmhq2sOC.jpg
40581,10033,https://image.tmdb.org/t/p/w300/lh2EUTVOcESkdEOcsjYEW6qS1U0.jpg
40583,231,https://image.tmdb.org/t/p/w300/mO3hWUTOxmLJxihvDU0YFkb0Mb5.jpg
40597,68098,https://image.tmdb.org/t/p/w300/mDhfS9JmPpLz1LrCrbvT7eIT2JS.jpg
40614,8999,https://image.tmdb.org/t/p/w300/bcCoOkwEBHUS5Y7Rm1u1oTLUHdb.jpg
40617,8555,https://image.tmdb.org/t/p/w300/w5oxV6MDEfL48FMK9BmYTD2wQRm.jpg
40629,4348,https://image.tmdb.org/t/p/w300/o8UhmEbWPHmTUxP0lMuCoqNkbB3.jpg
40723,9885,https://image.tmdb.org/t/p/w300/545PYpfCeDwVgdgydHCQqXFr168.jpg
40732,9392,https://image.tmdb.org/t/p/w300/mxFPI4KYBk5ri9cPteIS8jiDFgj.jpg
40815,674,https://image.tmdb.org/t/p/w300/fECBtHlr0RB3foNHDiCBXeg9Bv9.jpg
40819,69,https://image.tmdb.org/t/p/w300/p8lPTjvjOjTfvC1E9pmMwcF9vkn.jpg
40826,1833,https://image.tmdb.org/t/p/w300/fomBrfOHWxlaVcjPk4yCQgIwAnh.jpg
40851,6795,https://image.tmdb.org/t/p/w300/gDb5BW2NLqZ9cvg9nyzkZVvmgze.jpg
40870,11421,https://image.tmdb.org/t/p/w300/AoFk3zmjnfSQC7LkE0aqkzZlOPZ.jpg
40946,16156,https://image.tmdb.org/t/p/w300/uKuAGLz9eUWw3tnuXPRChpK7lYI.jpg
40955,1420,https://image.tmdb.org/t/p/w300/14tmdb1PiLNDZf3VD29S2nUKVV0.jpg
40959,9005,https://image.tmdb.org/t/p/w300/8N2X2u6nPoPEwRLIZbKacJw1xrC.jpg
40962,13499,https://image.tmdb.org/t/p/w300/1SfsoUYXRRrfL31br8q4DlTYvKK.jpg
40966,7548,https://image.tmdb.org/t/p/w300/3eiFFCwIXbWUEE4D31bDu5sz9sG.jpg
41014,20345,https://image.tmdb.org/t/p/w300/dpALRkwodEIT7TGX9SqTgwVNn0i.jpg
41285,116,https://image.tmdb.org/t/p/w300/vHjEVTD8ucuwKSFOZJeyAnTZYli.jpg
41527,67,https://image.tmdb.org/t/p/w300/qWZkYa8VdcDZk8uzRB2PfhpM9IL.jpg
41566,411,https://image.tmdb.org/t/p/w300/iREd0rNCjYdf5Ar0vfaW32yrkm.jpg
41569,254,https://image.tmdb.org/t/p/w300/6a2HY6UmD7XiDD3NokgaBAXEsD2.jpg
41571,1904,https://image.tmdb.org/t/p/w300/pBwYsQaSTgnPphIy02DJjCF2cqs.jpg
41573,9043,https://image.tmdb.org/t/p/w300/nlqw53HmTP7o3b2NDttYNOtsK4V.jpg
41617,14695,https://image.tmdb.org/t/p/w300/xY4c4bHPCRrwIvkxJ6qRLoyxQVo.jpg
41627,27031,https://image.tmdb.org/t/p/w300/bKySGFUTgsZyn5i7s5htMVy4Xd2.jpg
41712,22908,https://image.tmdb.org/t/p/w300/gLpv2UUf5We4sXDKdo11aFfnKgw.jpg
41716,9515,https://image.tmdb.org/t/p/w300/oJnlAGmrhsg4QrlVKGgP91J6WPu.jpg
41724,29595,https://image.tmdb.org/t/p/w300/6PYx4HEbczd9QUCex5Wspkhjef5.jpg
41769,23478,https://image.tmdb.org/t/p/w300/aklblysd3jShpjzh1ryYWYowEUM.jpg
41828,8290,https://image.tmdb.org/t/p/w300/91l4Sf3WJwrb0tSVPsOqnBXG8E6.jpg
41863,8053,https://image.tmdb.org/t/p/w300/uHOEb6mo45qMSJaZqbkVa7oW1Y7.jpg
41997,612,https://image.tmdb.org/t/p/w300/iUekaw96QLInZpsNwRTlRKrZgwm.jpg
42002,9899,https://image.tmdb.org/t/p/w300/nG0Bix2SH2SQcbAIGhb6yqTG5UH.jpg
42004,546,https://image.tmdb.org/t/p/w300/3MmLpqRlrYSP0uFIDr9BHA4o2LP.jpg
42007,2800,https://image.tmdb.org/t/p/w300/ypirKAqugrpevnEqMJxkBoIlgco.jpg
42009,9641,https://image.tmdb.org/t/p/w300/wD68dEtcKuboxd8bhbqiTTxn6cX.jpg
42011,7552,https://image.tmdb.org/t/p/w300/xTcIPKpzCqQUQixNPS0Rb7HPEAf.jpg
42013,9927,https://image.tmdb.org/t/p/w300/sEkEGRMaqDj4SMofgjOYVGR4o18.jpg
42015,9681,https://image.tmdb.org/t/p/w300/pp237jqOnlLojQfvCgJHv5yZofL.jpg
42018,10773,https://image.tmdb.org/t/p/w300/rFmx0ajncGacM8Ono9vpXiHt7Vy.jpg
42176,88953,https://image.tmdb.org/t/p/w300/tvLMBdTZPxMvWoBis5Sel05lDB6.jpg
42191,13925,https://image.tmdb.org/t/p/w300/as8xF0wOawngZ1G3qg5gs0VQea3.jpg
42285,9568,https://image.tmdb.org/t/p/w300/4jKZXQy0OJW3B0tt8AdQ8epI9sU.jpg
42418,11400,https://image.tmdb.org/t/p/w300/dPyWMlQd54r3pK17GKG3iqjvNZ7.jpg
42422,37910,https://image.tmdb.org/t/p/w300/mvRqW2z4iBws3CDkCNmojksyr4V.jpg
42556,14241,https://image.tmdb.org/t/p/w300/dwUTdtGUDmCb3Tiz6iTzBuONGTQ.jpg
42559,79406,https://image.tmdb.org/t/p/w300/p4Z3hIghFiJZdr9fIVMzRn8Rxgu.jpg
42602,38785,https://image.tmdb.org/t/p/w300/pLSl9EzNvvtS3skxdYqztjSSS6h.jpg
42632,4550,https://image.tmdb.org/t/p/w300/3Oy3iLMqD79us2iAUD6fKqWebYU.jpg
42638,16433,https://image.tmdb.org/t/p/w300/5sWWj5tlTDyAi2yiEjQZUmJCoKr.jpg
42718,10045,https://image.tmdb.org/t/p/w300/uYIDJ15RLBsFFBSAkqjIirZCgVi.jpg
42723,1690,https://image.tmdb.org/t/p/w300/dDrtuWUKhgUGp12kgUWuP0NpTdF.jpg
42725,9900,https://image.tmdb.org/t/p/w300/fSRdHBtisU0zhks4OjKezI3jnt7.jpg
42728,9044,https://image.tmdb.org/t/p/w300/r7TpY5hJ4jQGH7c8yzJgBnTwPH6.jpg
42730,9918,https://image.tmdb.org/t/p/w300/bGRSV5tStxDNPRLCewnOeeiZzrY.jpg
42732,17379,https://image.tmdb.org/t/p/w300/2SkM1AHIgCQgdOboER6euPKTxGF.jpg
42734,10982,https://image.tmdb.org/t/p/w300/kwPl1AKX4BLxrh5PCkrwYWeEV5I.jpg
42738,834,https://image.tmdb.org/t/p/w300/oJaQG353uOzOqffQ5K2hg03k4Vp.jpg
42740,25890,https://image.tmdb.org/t/p/w300/7U1stA5Jr2PjGKu21mIA3mHnohl.jpg
42761,39345,https://image.tmdb.org/t/p/w300/zYJWQvee9CN6nc9En2KUWewHGHr.jpg
42943,12701,https://image.tmdb.org/t/p/w300/m4LPxSJ8G8KVtySaleJhlTJqKBF.jpg
42946,21519,https://image.tmdb.org/t/p/w300/AvTu2bmJbVZGXPxdx6VllGXCtLG.jpg
43289,28638,https://image.tmdb.org/t/p/w300/civu1OxSYyxywfEOeMyCZoAOt7H.jpg
43333,7509,https://image.tmdb.org/t/p/w300/tdg6JKcqjS7szenmabGAbe5RGdN.jpg
43376,2117,https://image.tmdb.org/t/p/w300/aAbxubEzowWJNBWYG82wXcKuzZP.jpg
43396,9912,https://image.tmdb.org/t/p/w300/vUIwPFAAXeCUuS040uGC0xSatcG.jpg
43419,1969,https://image.tmdb.org/t/p/w300/31wgXG6OxDaXbp5IzyNoUJdVS5e.jpg
43460,8435,https://image.tmdb.org/t/p/w300/ww8nEKv3gPOfIkRMGS2A3j566Fr.jpg
43549,45759,https://image.tmdb.org/t/p/w300/qunKvPx1m2VuuMELKIMqPKjkwbT.jpg
43556,13275,https://image.tmdb.org/t/p/w300/hH6YeqFcihbZsz7iWl6MzQVzL8O.jpg
43558,11565,https://image.tmdb.org/t/p/w300/wlbov6pkgySqYZilZcO54f29Dg1.jpg
43560,11283,https://image.tmdb.org/t/p/w300/8tommndfI0W62teXwSmXdmVZ7gz.jpg
43677,31894,https://image.tmdb.org/t/p/w300/8xgYqh9XlFLusp4R8u5ocZM0WjV.jpg
43679,9286,https://image.tmdb.org/t/p/w300/p7ARuNKUGPGvkBiDtIDvAzYzonX.jpg
43684,15363,https://image.tmdb.org/t/p/w300/lcwB60GqQaWUgUw1CCE5gm5XHI1.jpg
43708,292,https://image.tmdb.org/t/p/w300/lGS9iKGGRjM049ZGK4J8TvQeBHg.jpg
43744,1544,https://image.tmdb.org/t/p/w300/a7CbxY3TMwFKX6awlBxhb7Es6tS.jpg
43836,12096,https://image.tmdb.org/t/p/w300/th6i4TqJa5tEQaSKul2XgqSqTV9.jpg
43869,9975,https://image.tmdb.org/t/p/w300/7SpokDLiRHON9H36GdlF7vWKOm6.jpg
43871,9754,https://image.tmdb.org/t/p/w300/v4HHAWJthAGxnvefLGSyeSInZZx.jpg
43904,10053,https://image.tmdb.org/t/p/w300/r5FAdQAtgRpHuSI4x5ydvcVHuFz.jpg
43908,7515,https://image.tmdb.org/t/p/w300/zvNHklUZcrwdN8xpL7Vsqedru5l.jpg
43912,9959,https://image.tmdb.org/t/p/w300/fM9MYcI7BHJ2YqEtcr8JKPE8nDB.jpg
43914,14256,https://image.tmdb.org/t/p/w300/uNAiNCHd7015BzeNggoRiTT4abf.jpg
43917,9036,https://image.tmdb.org/t/p/w300/39hR806Me4wI42LCFcK2LBiCRGW.jpg
43919,10073,https://image.tmdb.org/t/p/w300/xjLK0EmD0MAM7B049SRCUQaqkdL.jpg
43921,7304,https://image.tmdb.org/t/p/w300/f2LU6M8wFmt6G1fzv9JFWbIkRd9.jpg
43928,9920,https://image.tmdb.org/t/p/w300/27OzQ2BBahQHYPiPEAXRXMbhnPQ.jpg
43930,10025,https://image.tmdb.org/t/p/w300/wWpqG3zrrPZhvNLflYJdbW1NgY3.jpg
43932,9682,https://image.tmdb.org/t/p/w300/9ePdNzKVvGHsMMphfS3HeoMvuEX.jpg
43936,2207,https://image.tmdb.org/t/p/w300/cBLqMVfTZpuKmMQKDLKusb93dbR.jpg
44004,6877,https://image.tmdb.org/t/p/w300/omReuKQ8ItWYD5pOLmsKh3MF24w.jpg
44020,14609,https://image.tmdb.org/t/p/w300/iMCkGHVrYRdqKROPRPmVaJVSlg3.jpg
44022,950,https://image.tmdb.org/t/p/w300/8vNkkk4erLGDg3UfbmSHsTdSNcY.jpg
44189,1967,https://image.tmdb.org/t/p/w300/iuJZyJNiQxnmMBBqu40mF0a2nuv.jpg
44191,752,https://image.tmdb.org/t/p/w300/1avD1JeaRiJX5M4ahPdZPypGoGN.jpg
44193,9655,https://image.tmdb.org/t/p/w300/gdF2PEBdwoohpPqKL93eCk17zNO.jpg
44195,9388,https://image.tmdb.org/t/p/w300/41bMmglWT72OaRXrMROEyksOf3J.jpg
44197,9950,https://image.tmdb.org/t/p/w300/8M0dkX7jOor7exKor1txoUl9Ynu.jpg
44199,388,https://image.tmdb.org/t/p/w300/ffMUgkDZICNiyaws1Jkv8qG8uFW.jpg
44204,868,https://image.tmdb.org/t/p/w300/r3ebTJFcDZ35GaKcuUQQe243z4f.jpg
44225,14191,https://image.tmdb.org/t/p/w300/8mioUyXqn60cwSoLrRCaO5ZAsCV.jpg
44238,18009,https://image.tmdb.org/t/p/w300/fnCLZ3rpy3enYSHrzcBxnx3fozK.jpg
44241,19286,https://image.tmdb.org/t/p/w300/z9NT2smK66pYOjBtmZuKFFTZ478.jpg
44243,19287,https://image.tmdb.org/t/p/w300/2nt0095grCSepz6xU24a5yP5mwc.jpg
44301,1379,https://image.tmdb.org/t/p/w300/vBn28XPBI4vOKye1NSTGghdvGoJ.jpg
44397,9792,https://image.tmdb.org/t/p/w300/2eJL1Ccr1FN3dm9OSDwyd8uaX1b.jpg
44399,10067,https://image.tmdb.org/t/p/w300/tGX3YyPaYMbjiRwR5PjRsJW7GtM.jpg
44511,35555,https://image.tmdb.org/t/p/w300/hsFJ2DACY37jwb2huAvyQ9BFVj4.jpg
44555,582,https://image.tmdb.org/t/p/w300/cVUDMnskSc01rdbyH0tLATTJUdP.jpg
44597,37939,https://image.tmdb.org/t/p/w300/dWHa0JT3Syj6WbiwpXBbZMHoKEv.jpg
44613,12763,https://image.tmdb.org/t/p/w300/vkGSs0eeOOISEe9jddBZnRSkn46.jpg
44633,13222,https://image.tmdb.org/t/p/w300/7c5FUlodgZl52tMlpw2G64kqttt.jpg
44657,1561,https://image.tmdb.org/t/p/w300/cITZsSQ7VG122xQ0xAN3NHZF0OH.jpg
44665,186,https://image.tmdb.org/t/p/w300/x21s3p5wPww534nYj1cWakTcqz4.jpg
44694,219,https://image.tmdb.org/t/p/w300/m1ZUDGTFtVGE3zjTvF8OiQ9um5e.jpg
44709,13751,https://image.tmdb.org/t/p/w300/tLejxaLJu8Qh5F2VKacWniMSZ3v.jpg
44719,53961,https://image.tmdb.org/t/p/w300/x6NXI2jvi9iKbzjjHRMtZ7mCPjB.jpg
44731,10069,https://image.tmdb.org/t/p/w300/hsSJwroE7jugEROB8tmyxJP91Ho.jpg
44759,3093,https://image.tmdb.org/t/p/w300/yNRSbx6AhOlW673t2073Wr2iH4U.jpg
44761,9270,https://image.tmdb.org/t/p/w300/5WVk8JpNIxepn4fpZzQeCumkOL5.jpg
44773,28349,https://image.tmdb.org/t/p/w300/eWTxLzyIC8ISfxGMtrjnVIyFchL.jpg
44777,10177,https://image.tmdb.org/t/p/w300/rSGYrrua4QoyXPhic6GvxgdQFb8.jpg
44788,16070,https://image.tmdb.org/t/p/w300/nXo26FkBBdiEaEDzOPkrSFZC7zO.jpg
44828,9035,https://image.tmdb.org/t/p/w300/zNlJvCY3Pz7SE09Lf4G7uPs5XFZ.jpg
44840,9957,https://image.tmdb.org/t/p/w300/5yMPCr4qhuNg6fT538xicHaMaG7.jpg
44849,9389,https://image.tmdb.org/t/p/w300/fTdbmjAegzFQOCPTAckPcmTpJvp.jpg
44851,460,https://image.tmdb.org/t/p/w300/sDAVHwXZI3yMSBOqjZGtiEyfhQt.jpg
44864,8998,https://image.tmdb.org/t/p/w300/8WdKFowmvfxmDJP5uS0Mf7kdskO.jpg
44889,20521,https://image.tmdb.org/t/p/w300/38xnsPZiuIYMTsOXhtTIg1dUnRu.jpg
44929,4441,https://image.tmdb.org/t/p/w300/9DvrEg2p3Hrdr1uGe0t7kRraWjl.jpg
44931,84954,https://image.tmdb.org/t/p/w300/j4aEY255ZGw0V65DrblT0kGmnzv.jpg
44937,11490,https://image.tmdb.org/t/p/w300/dk7ZpsVKLt2nwjQZZIde0WP4oQV.jpg
44943,11304,https://image.tmdb.org/t/p/w300/k4Cs8h56Q1zpvWQMNSCi67uAqEe.jpg
44972,4257,https://image.tmdb.org/t/p/w300/sEqFdw1wLtY94RKCSPolsHWzn6r.jpg
44974,2652,https://image.tmdb.org/t/p/w300/uHTmlcivbPeclEdmtuQg3zOQWPS.jpg
45028,9526,https://image.tmdb.org/t/p/w300/jVdqvd8SgPTWLdG3qc9pSlXGxQi.jpg
45062,5820,https://image.tmdb.org/t/p/w300/wPFVeVYuFhCnnOAZZHpMROCbssE.jpg
45074,9904,https://image.tmdb.org/t/p/w300/sxqzaOto1qyUseSg6YpIP9Su5lp.jpg
45081,588,https://image.tmdb.org/t/p/w300/r0bEDWO2w4a43K2xTNSF284qOsc.jpg
45106,9310,https://image.tmdb.org/t/p/w300/qwRbRvfJR7jjsaGfS741Tl3DRr7.jpg
45175,16367,https://image.tmdb.org/t/p/w300/8EzwkItfERGB05BOKNJTJFo93Z.jpg
45183,8982,https://image.tmdb.org/t/p/w300/uKE9BxgtT5g2pE3ZKC7MnzsAbTZ.jpg
45186,956,https://image.tmdb.org/t/p/w300/vKGYCpmQyV9uHybWDzXuII8Los5.jpg
45208,9530,https://image.tmdb.org/t/p/w300/eqV0JjfwcEJuK3JPZ2rsNvS1p30.jpg
45210,9829,https://image.tmdb.org/t/p/w300/r3mdSgsnpoi4UiUufdybhjha68t.jpg
45221,10115,https://image.tmdb.org/t/p/w300/uMcylxIC7nBpBd8Uf6Apr4MJ1pf.jpg
45361,10008,https://image.tmdb.org/t/p/w300/5ePaCimd7cA9zYNib8WfIbWnrCf.jpg
45382,7870,https://image.tmdb.org/t/p/w300/qgyp48naq0W7j4NbOttFi91DlYW.jpg
45431,7518,https://image.tmdb.org/t/p/w300/jtZnymorbnHY7mOiBXR14ZDJseM.jpg
45440,9786,https://image.tmdb.org/t/p/w300/eV6UL22Zlpsq5XybUupWh0rBOp0.jpg
45442,503,https://image.tmdb.org/t/p/w300/fDPdjGc8SUEDWfTwMaZlCE6NSi3.jpg
45447,591,https://image.tmdb.org/t/p/w300/9ejKfNk0LBhSI9AahH4f9NJNZNM.jpg
45499,36668,https://image.tmdb.org/t/p/w300/a2xicU8DpKtRizOHjQLC1JyCSRS.jpg
45501,9767,https://image.tmdb.org/t/p/w300/ghCLIPRZNAndBoIZJ8f7lN5Mlly.jpg
45503,13689,https://image.tmdb.org/t/p/w300/r4VQCZe3aSo7TmmsxcyLqaoMR1l.jpg
45517,920,https://image.tmdb.org/t/p/w300/oloVyeBbkVGbFFaUjR8I7Boo7wA.jpg
45635,15402,https://image.tmdb.org/t/p/w300/jRzcb9O8WdGmJdz8EESEaBEuZZJ.jpg
45648,80919,https://image.tmdb.org/t/p/w300/nwXLO5SWMt7xTIPhPMcM1qBZJxg.jpg
45658,38344,https://image.tmdb.org/t/p/w300/gE2TRj270Z4KJ5tjSnhpROBwxIH.jpg
45662,806,https://image.tmdb.org/t/p/w300/kf1Qq9b32jn4umll9qD2ue5ftnh.jpg
45666,9353,https://image.tmdb.org/t/p/w300/kh7B91bMl2lZ0mH9WhPfaNUIEQH.jpg
45668,2044,https://image.tmdb.org/t/p/w300/tHpc1118dYWLnHZleGhwZxRbpae.jpg
45672,9339,https://image.tmdb.org/t/p/w300/oL0k5JA53PyoHSZqKb3cNkhwBCE.jpg
45720,350,https://image.tmdb.org/t/p/w300/8912AsVuS7Sj915apArUFbv6F9L.jpg
45722,58,https://image.tmdb.org/t/p/w300/uXEqmloGyP7UXAiphJUu2v2pcuE.jpg
45726,1819,https://image.tmdb.org/t/p/w300/rtqbg1CKR4dFdmHxmsiM3u9n71I.jpg
45728,2295,https://image.tmdb.org/t/p/w300/cLSW0nW94XT0DmBS69ublcLfQ9c.jpg
45730,9697,https://image.tmdb.org/t/p/w300/ddNmoSy1Jd3PBF5XDZvrrBIfrja.jpg
45732,4474,https://image.tmdb.org/t/p/w300/j4NCuEfLHzIjaWDns5fz6nGH2FD.jpg
45880,1887,https://image.tmdb.org/t/p/w300/cybXGmv8Rjd5Os8Xml6YxMBQ0Zt.jpg
45928,13508,https://image.tmdb.org/t/p/w300/uMamC9o5zNU9wn8fyuAo2gUCMiD.jpg
45950,1781,https://image.tmdb.org/t/p/w300/zrYT5UHE2UIsofwkv6KK2Tsu5a.jpg
45969,16270,https://image.tmdb.org/t/p/w300/x2sSRi8ZqOIjtk2fpGMTuMf4qJv.jpg
46062,10947,https://image.tmdb.org/t/p/w300/1DGmWZjUJPeKGFRHGCA6VPFUBML.jpg
46105,17628,https://image.tmdb.org/t/p/w300/D9pZcSfKvUQij7x83DeIlDic1P.jpg
46231,17741,https://image.tmdb.org/t/p/w300/xfgAKZRJz4QIflwtpY4PCeG6oon.jpg
46322,7549,https://image.tmdb.org/t/p/w300/yKJ7rjIwOa8XvACELo9eV8IvMPb.jpg
46335,9615,https://image.tmdb.org/t/p/w300/46xqGOwHbh2TH2avWSw3SMXph4E.jpg
46337,9513,https://image.tmdb.org/t/p/w300/O2j1bwErQ6bbBVZM5Vxg3Tsoir.jpg
46347,20604,https://image.tmdb.org/t/p/w300/8e1q6wP5XVcjh3yLVU1WNdZnppm.jpg
46367,31692,https://image.tmdb.org/t/p/w300/oiKWmtkGVOHR9Z49qZkkDkCeKyO.jpg
46530,1452,https://image.tmdb.org/t/p/w300/385XwTQZDpRX2d3kxtnpiLrjBXw.jpg
46559,7872,https://image.tmdb.org/t/p/w300/deM5htQLvRjcRkeIFtaOdd5TDrC.jpg
46572,18191,https://image.tmdb.org/t/p/w300/2VFdGJDrl5n9WoC7d4I07hN3v5c.jpg
46574,14474,https://image.tmdb.org/t/p/w300/4R2wqT72RApomtBnfYG4BUpyoGh.jpg
46578,773,https://image.tmdb.org/t/p/w300/niNdhTpPHSgw22tK0PLjQMV640v.jpg
46664,21631,https://image.tmdb.org/t/p/w300/sCcjmsYVgh0urTbLqQgEeskkmPt.jpg
46723,1164,https://image.tmdb.org/t/p/w300/bZByZbvU7u14WjoUJERqCRW9saN.jpg
46772,13141,https://image.tmdb.org/t/p/w300/hPx4aELIbpf6ZRdHPmBH5h5Qs95.jpg
46850,35199,https://image.tmdb.org/t/p/w300/8AY7EkxJwB8Ow5iPe41GOJesxzn.jpg
46855,15383,https://image.tmdb.org/t/p/w300/aqNZWM9bspt8zaDvVRIRiWxRVJ7.jpg
46862,47850,https://image.tmdb.org/t/p/w300/rtspkCHNKoDJxJnozzfoPY1qAct.jpg
46865,9072,https://image.tmdb.org/t/p/w300/9KzPw1VN0pMBnq1KIqBaLI8LAB7.jpg
46948,9297,https://image.tmdb.org/t/p/w300/zCRPr4bkO3ae0U1134vJ39xZnAG.jpg
46965,326,https://image.tmdb.org/t/p/w300/i0ynvZ89tV1t8MAL9FmeQELfXH0.jpg
46967,512,https://image.tmdb.org/t/p/w300/1nF290EoEn2rs4W9VVercKa4S5o.jpg
46970,9718,https://image.tmdb.org/t/p/w300/3iCiTqsmJz1mO85AHzTiHNkRmb6.jpg
46972,1593,https://image.tmdb.org/t/p/w300/pDsAAYf6Zn0yiAGJ6lYGs6hoZ4E.jpg
46974,1852,https://image.tmdb.org/t/p/w300/bfTiVc8kxq8uRXeblV3Ct35APGu.jpg
46976,1262,https://image.tmdb.org/t/p/w300/nCzcepubwShvZ4vbCsygQNgF2Z1.jpg
47044,82,https://image.tmdb.org/t/p/w300/iJPSls4taB09EUKtLj6FjFSprb3.jpg
47099,1402,https://image.tmdb.org/t/p/w300/lBYOKAMcxIvuk9s9hMuecB9dPBV.jpg
47122,9293,https://image.tmdb.org/t/p/w300/l8B01BFBpIyycO2DopROessWzQU.jpg
47124,9906,https://image.tmdb.org/t/p/w300/oFuqX0inTvbA1XAFv2x3CQnI65m.jpg
47200,1948,https://image.tmdb.org/t/p/w300/rsKmhnvzJezjwC1Ud2Hh37oNpdQ.jpg
47202,148,https://image.tmdb.org/t/p/w300/mgffUjCN2jvebZBqvyP0lvAoAhB.jpg
47254,5289,https://image.tmdb.org/t/p/w300/fsqOoouBsNo69vbh2WG6PtpzGBa.jpg
47261,9782,https://image.tmdb.org/t/p/w300/xIQgviGRTxZ6o0iPooGUSn4Q1PW.jpg
47382,9762,https://image.tmdb.org/t/p/w300/fmw52kXk2kN8AQil7tgOD41gt4Q.jpg
47384,14113,https://image.tmdb.org/t/p/w300/v4rSFmiy0v9D7qmKkaUVJn5UhZ1.jpg
47404,21712,https://image.tmdb.org/t/p/w300/e5mV1iVcjg7nkpJrskQOnFCR4H9.jpg
47423,7859,https://image.tmdb.org/t/p/w300/fdUCisMpTwy0oJOGwM7NrFFs400.jpg
47446,16998,https://image.tmdb.org/t/p/w300/4xTwprpMi7KpMukbGl21CMCz4sk.jpg
47465,11559,https://image.tmdb.org/t/p/w300/mjCRfmxg7awp5kVIM1lHR0d7S4A.jpg
47491,1023,https://image.tmdb.org/t/p/w300/kBP0xOOaAT9rmJZGVxrolRk87AR.jpg
47516,10118,https://image.tmdb.org/t/p/w300/tJaTKE5kP0BQCR2hkltnr8aEpnu.jpg
47518,9788,https://image.tmdb.org/t/p/w300/pMh1dCw5vhMATmJs0ve0OpoSVED.jpg
47538,11689,https://image.tmdb.org/t/p/w300/z35E0qY8wkkSPIBT5ptQAyWvr8k.jpg
47566,33813,https://image.tmdb.org/t/p/w300/fFq23ToiVg8sWiMnD4f3Fj37UHD.jpg
47610,1491,https://image.tmdb.org/t/p/w300/1O9jUvqkHaGBMVRyOJz1AlkmALW.jpg
47629,1165,https://image.tmdb.org/t/p/w300/v08RH5Cx9EFAQMBWQuE5jHAgHYs.jpg
47640,9988,https://image.tmdb.org/t/p/w300/5srGbSv3zhEUjXFOZR9qHkgJO6l.jpg
47644,11652,https://image.tmdb.org/t/p/w300/oEaUMn5POAiMLnU6hKOBKoZbDpo.jpg
47646,13816,https://image.tmdb.org/t/p/w300/d1KW3hrGAJCsvs2GC2MCkYebD2u.jpg
47721,15265,https://image.tmdb.org/t/p/w300/3XrEggEOEnKGi8hTOau44vcvbmV.jpg
47725,11227,https://image.tmdb.org/t/p/w300/ojUGHGfroGRwW7jO0727txepQbC.jpg
47736,33810,https://image.tmdb.org/t/p/w300/m88sC2iclgDCyJR4EKgoWQ3ujob.jpg
47774,41937,https://image.tmdb.org/t/p/w300/pvv62lACM2AVxFg56FAlNSpFnEV.jpg
47793,24055,https://image.tmdb.org/t/p/w300/fybmkedrXx02p7i6TZMl9sC5NvM.jpg
47810,9708,https://image.tmdb.org/t/p/w300/xsHrmfgDcEk5fGhSiieKvrDuofq.jpg
47894,1116,https://image.tmdb.org/t/p/w300/yCb4LweL6U7KTgSda3Wb7vHiA9J.jpg
47937,5072,https://image.tmdb.org/t/p/w300/yg1XRTyH5knwh3Tnij2sUV0ZZ5w.jpg
47950,1249,https://image.tmdb.org/t/p/w300/8FgNVvJEEwRgFURiAcW7VuXwvf1.jpg
47952,9954,https://image.tmdb.org/t/p/w300/r6jbhgqKao3K3in4eftu7gqgMNH.jpg
47970,7511,https://image.tmdb.org/t/p/w300/aXEoGmvSuYSgdLzwuIPniK08VX3.jpg
47978,13075,https://image.tmdb.org/t/p/w300/wvMd4qGoSdrgW046DTvmwPyt6TV.jpg
47997,7512,https://image.tmdb.org/t/p/w300/6cTHBq49ApwsJaRr3ojlY1cmiXk.jpg
47999,1776,https://image.tmdb.org/t/p/w300/6ueSRBYaicEYvR2sFHVvptKNaxI.jpg
48001,1963,https://image.tmdb.org/t/p/w300/nsFe9RJkYEGIjXVCLYHo8irZhXR.jpg
48032,10846,https://image.tmdb.org/t/p/w300/18ZaN20XRwG2dOJYuo8tvWdDMCR.jpg
48043,1381,https://image.tmdb.org/t/p/w300/4XTf8GuCVLWolubANaKkpk62YPq.jpg
48045,15097,https://image.tmdb.org/t/p/w300/7RFbGblTn679rjPo88MPSbtbJx9.jpg
48082,300,https://image.tmdb.org/t/p/w300/8bummqwU6MV65ZJvNtKx8Y3NIEk.jpg
48142,9676,https://image.tmdb.org/t/p/w300/su7yuXqGUHICfoijtcSaxWLE34Y.jpg
48150,6948,https://image.tmdb.org/t/p/w300/lQWtLTy7xBxXx1l89sSQRfplHXm.jpg
48161,9766,https://image.tmdb.org/t/p/w300/tTjDApg546wt8OWazvPbEhygu83.jpg
48214,1595,https://image.tmdb.org/t/p/w300/oK8z5rPlEjhGBiHk2OqE3bIhyol.jpg
48262,1666,https://image.tmdb.org/t/p/w300/oAUA3oYIiDKwzKZoZuXEkHx6zG.jpg
48304,1579,https://image.tmdb.org/t/p/w300/cRY25Q32kDNPFDkFkxAs6bgCq3L.jpg
48319,9664,https://image.tmdb.org/t/p/w300/xezeqrrno6ytLyLrbTXRGUk4rdu.jpg
48322,12094,https://image.tmdb.org/t/p/w300/u73V8dMqUwjtPL6gWesCE7ji9GU.jpg
48326,1717,https://image.tmdb.org/t/p/w300/r3Yu6JdufxUSqy6PJgT887UpSMt.jpg
48342,15624,https://image.tmdb.org/t/p/w300/5iA72q3avmveCiOtx1Uaj22pgXI.jpg
48385,496,https://image.tmdb.org/t/p/w300/kfkyALfD4G1mlBJI1lOt2QCra4i.jpg
48394,1417,https://image.tmdb.org/t/p/w300/z7xXihu5wHuSMWymq5VAulPVuvg.jpg
48412,4643,https://image.tmdb.org/t/p/w300/zFhFjrckfmdb33VDeRykumMmebU.jpg
48414,7484,https://image.tmdb.org/t/p/w300/w5Lctmkc1yah215Luxmci4djaiW.jpg
48416,9842,https://image.tmdb.org/t/p/w300/ffudFsgDUBfxbesYELDIrNtKdkz.jpg
48516,1422,https://image.tmdb.org/t/p/w300/nT97ifVT2J1yMQmeq20Qblg61T.jpg
48518,10781,https://image.tmdb.org/t/p/w300/hTBueN0Ru3R7brwtONenDyEMNYe.jpg
48520,9794,https://image.tmdb.org/t/p/w300/vfALEF9wz4CEep071iOwM5Qqd17.jpg
48560,7510,https://image.tmdb.org/t/p/w300/pbWUFYyyZzawsYljkbIKmDxQN8Y.jpg
48593,9895,https://image.tmdb.org/t/p/w300/s1etp9ZqcRqZVfonrdFJbQ6mgk9.jpg
48596,8975,https://image.tmdb.org/t/p/w300/pONyvBJwHNg5CWu7mtsv4qaq75C.jpg
48598,9672,https://image.tmdb.org/t/p/w300/cIQUn20lUQpi70W0Z7ixezQJ7gj.jpg
48638,42236,https://image.tmdb.org/t/p/w300/ygTsnjWEUY8fbXzFWIh07eEHf3w.jpg
48649,46774,https://image.tmdb.org/t/p/w300/va7mzdH8qu1qa5KYmWAczrTz5FA.jpg
48678,10070,https://image.tmdb.org/t/p/w300/g9i3dfQRAyU8TPe1LrbvAdVoLfB.jpg
48696,1440,https://image.tmdb.org/t/p/w300/l2wTSP0Ifo9vY03nJEfkFBbT2S9.jpg
48698,13364,https://image.tmdb.org/t/p/w300/4FSBT712p6OwawSqLCkloNSqMaM.jpg
48738,1523,https://image.tmdb.org/t/p/w300/n1CgN2mS7RSxHhv2R1DdisYDvT6.jpg
48741,14201,https://image.tmdb.org/t/p/w300/rdzIiZmJ4lCSO48cNt3rViWk3CH.jpg
48744,1378,https://image.tmdb.org/t/p/w300/s8QBrWgpZpYrySSyTQ0xbFLPKrS.jpg
48774,9693,https://image.tmdb.org/t/p/w300/k9IAS4TehZFcKi4HVByxZNPfqex.jpg
48780,1124,https://image.tmdb.org/t/p/w300/Ag2B2KHKQPukjH7WutmgnnSNurZ.jpg
48783,3683,https://image.tmdb.org/t/p/w300/2nkPrhf4YIyMFelfe4zdOnGRYz5.jpg
48872,6077,https://image.tmdb.org/t/p/w300/kSpFeY6ibND9ygqSFcOzEKK0Cl.jpg
48877,214,https://image.tmdb.org/t/p/w300/4iO9n24Rb10peXV0JH2EldIOrAp.jpg
48879,1123,https://image.tmdb.org/t/p/w300/2sgujWX2yWH7REnDI35ZZXsqPiV.jpg
48883,21173,https://image.tmdb.org/t/p/w300/wX7DyNdbQ5B0IxykO0Phtxdun9p.jpg
48982,11619,https://image.tmdb.org/t/p/w300/kgoZI4xh38RrEYEPVib6a12UPLn.jpg
48997,1427,https://image.tmdb.org/t/p/w300/2wrFrUej8ri5EpjgIkjKTAnr686.jpg
49013,13767,https://image.tmdb.org/t/p/w300/pvaWMSRzRwtcxyHKNLX6phiQp8d.jpg
49110,27295,https://image.tmdb.org/t/p/w300/grRXYyHbkp5ckh1zyQztgXbRIJX.jpg
49130,9726,https://image.tmdb.org/t/p/w300/10ErazhJxfL68rWg2KLfwiRuIou.jpg
49132,2152,https://image.tmdb.org/t/p/w300/7aZ8uWvCckLTbalbiqut3Vrt33c.jpg
49220,14799,https://image.tmdb.org/t/p/w300/fvXClgY4ZJ7dBxalFuxPgb4nJ9s.jpg
49263,21710,https://image.tmdb.org/t/p/w300/26KoTqt7297hMcyU98hzlENhZJc.jpg
49265,8588,https://image.tmdb.org/t/p/w300/9xC2yUgqPVvoHykYuigrxLyunya.jpg
49272,36557,https://image.tmdb.org/t/p/w300/lMrxYKKhd4lqRzwUHAy5gcx9PSO.jpg
49274,9836,https://image.tmdb.org/t/p/w300/za41IHkj6LnkilfTzv5B2qmthKD.jpg
49276,9809,https://image.tmdb.org/t/p/w300/okkaFUou7Tmh9QWoa2FIViJ3OVs.jpg
49278,7551,https://image.tmdb.org/t/p/w300/eTX6hklzFOiEVqVukNCEedZKhix.jpg
49280,10741,https://image.tmdb.org/t/p/w300/ea6aSTUFQopOW7kWFZB9AvMYnbs.jpg
49284,2357,https://image.tmdb.org/t/p/w300/2MBxFTeRe4m7DC49PmIkMXMjMEO.jpg
49286,1581,https://image.tmdb.org/t/p/w300/h1ITOpvJN3Tw4Sy60w2QTfYMvdd.jpg
49314,7873,https://image.tmdb.org/t/p/w300/raBWBnGz2X6FQ3iUwPwYQE4FrkY.jpg
49347,8324,https://image.tmdb.org/t/p/w300/vcRgWIj4p6FtezgZTl4YoxYbSJ7.jpg
49389,5698,https://image.tmdb.org/t/p/w300/vEYr1sJR1dOFGXwXawpBN6hDRGF.jpg
49396,2179,https://image.tmdb.org/t/p/w300/8baHzEIfrBvBy5b9XKe87Skl1tf.jpg
49524,2447,https://image.tmdb.org/t/p/w300/nd0oj0lmEx1X8WraiVkYMZlDjKk.jpg
49530,1372,https://image.tmdb.org/t/p/w300/tnLxPpajkbVdbQl5B9CuD7sSpz9.jpg
49647,9986,https://image.tmdb.org/t/p/w300/fU0IR5HF8KxQbZijuWKPTrY81Qv.jpg
49649,2486,https://image.tmdb.org/t/p/w300/mNu6QLUnKqPIjRA3pgEb5dkJye6.jpg
49651,1246,https://image.tmdb.org/t/p/w300/byBlJvZwCqgtIwrZNv0pyE974jC.jpg
49666,18615,https://image.tmdb.org/t/p/w300/62Owq5NVXvhgEqTklu1oMwTWQUL.jpg
49688,13210,https://image.tmdb.org/t/p/w300/bZKmBxzy5O5PjguhfMYgSaUxUmi.jpg
49735,12795,https://image.tmdb.org/t/p/w300/yKdilPwtuoZRhw9A63qzduRkSbG.jpg
49772,14202,https://image.tmdb.org/t/p/w300/k41IvHDLgZO2ae7RuU77wQjScIj.jpg
49793,11170,https://image.tmdb.org/t/p/w300/5PSiExbg6Fm8MiPJOikBCOcZFnd.jpg
49822,1247,https://image.tmdb.org/t/p/w300/qWmF0rQRPeIVQRfwQN3C9VFKsBh.jpg
49824,1125,https://image.tmdb.org/t/p/w300/sG5JyOj8Spe13QkNJMH8b5kzQUh.jpg
49910,1646,https://image.tmdb.org/t/p/w300/81AdeUQT99N0xPg3j6RVh0YGOTk.jpg
49932,1730,https://image.tmdb.org/t/p/w300/1ypMcAcqTZrcxFJvERemKc6t9sX.jpg
49957,8618,https://image.tmdb.org/t/p/w300/klybhTU75GUcQbzdVXUhsZgq1EV.jpg
49961,1259,https://image.tmdb.org/t/p/w300/ieX6ZO2Kf2qjoIBXbQW5awivbhY.jpg
50003,9053,https://image.tmdb.org/t/p/w300/hRcYqTWgbPF3TtpSDfwqRDAJjlv.jpg
50005,1494,https://image.tmdb.org/t/p/w300/gHkkDpfo5YnOrbVfwtDHi91BkrU.jpg
50064,182,https://image.tmdb.org/t/p/w300/3LjHC2CWDkzoiPehf3GViujws0.jpg
50068,1251,https://image.tmdb.org/t/p/w300/kZokxQtzMPURvijWYFuvh1fAvnv.jpg
50147,9656,https://image.tmdb.org/t/p/w300/ggxi18MGqi0lucWvfsdYkzSdGUJ.jpg
50158,1931,https://image.tmdb.org/t/p/w300/dald9tUbRmGQ91CUJnzaBAjjvUf.jpg
50160,13967,https://image.tmdb.org/t/p/w300/fecGKwGABfZdMbiH1WQN9zMcOkS.jpg
50189,8275,https://image.tmdb.org/t/p/w300/6CPJVJrqVjibP5Uub8yCg4FKtJi.jpg
50274,13771,https://image.tmdb.org/t/p/w300/pY1B5ipgUkxtBN3fkJWuKAeFL2G.jpg
50354,11578,https://image.tmdb.org/t/p/w300/1WLVZLr4E0J5mGaGWSlv3HjMRkm.jpg
50356,11972,https://image.tmdb.org/t/p/w300/bDbzuBgsgZ5VVljMHNni3gJK9Qx.jpg
50440,4283,https://image.tmdb.org/t/p/w300/5ou56J8FIxbIFusR9zIA9GW7zwt.jpg
50442,7457,https://image.tmdb.org/t/p/w300/t9pirEsDxe102mSQGoDZWBbdcCD.jpg
50445,8398,https://image.tmdb.org/t/p/w300/uc2lUHNB1bnoT5ejVCEYv6Vm9fS.jpg
50514,3549,https://image.tmdb.org/t/p/w300/29t5x0Aj4cQJJC9jNR3VWS7l3JL.jpg
50601,1265,https://image.tmdb.org/t/p/w300/3xFxGodKPMFLheS8rujFSmLfcq4.jpg
50610,14137,https://image.tmdb.org/t/p/w300/yoB3G8yGNLHdbr4TSKZqRp7UJ72.jpg
50613,15689,https://image.tmdb.org/t/p/w300/5PAu5iX2M0ddpkgQt3mzURhQWe2.jpg
50658,13365,https://image.tmdb.org/t/p/w300/AuS78iQMLMKRLKKVahtm8MnTTMh.jpg
50685,10758,https://image.tmdb.org/t/p/w300/ux3SPTHHmJytSjWEaV7xlo9nbOZ.jpg
50740,51863,https://image.tmdb.org/t/p/w300/pgxBgde0VpbbdpN6bL05gpMtlC9.jpg
50792,13668,https://image.tmdb.org/t/p/w300/mcGvcb65JdftAHxyhxd2dxCPNOa.jpg
50794,7516,https://image.tmdb.org/t/p/w300/nrdnN8WqvyOt8Bnl3hgWcZD6ZyM.jpg
50796,10075,https://image.tmdb.org/t/p/w300/mzNe2RAZi19Uk1eqj8fE9oPkP1d.jpg
50798,9760,https://image.tmdb.org/t/p/w300/l0lGJiTzU2Ce6T31DIRWv7I0kaC.jpg
50800,9966,https://image.tmdb.org/t/p/w300/ituR560dbnV4WAFPY0jJlEenGiW.jpg
50802,1257,https://image.tmdb.org/t/p/w300/wQtGQnr5RPnmzSfV9zUcgh8R9NX.jpg
50804,1248,https://image.tmdb.org/t/p/w300/7FTDMQoac0uqJUquZk4KenDzLMZ.jpg
50806,9757,https://image.tmdb.org/t/p/w300/XcZ5NzygPp54csxCnzvQKuxFL2.jpg
50842,5206,https://image.tmdb.org/t/p/w300/rwEtK0YLHLzT13uPtXyXCHoWMwR.jpg
50851,14761,https://image.tmdb.org/t/p/w300/gxGis0HgcLJv2MS3l01a0wuhCAI.jpg
50872,2062,https://image.tmdb.org/t/p/w300/t3vaWRPSf6WjDSamIkKDs1iQWna.jpg
50912,2266,https://image.tmdb.org/t/p/w300/mcke8Uvw8QDToAZQ94UGo7VU0g6.jpg
50923,5172,https://image.tmdb.org/t/p/w300/19uGc8wW3Ert1QvMYxvnReQkFMc.jpg
50942,9965,https://image.tmdb.org/t/p/w300/6M4YGhWZWRYQgwkPhfwgvrq52xk.jpg
50954,37725,https://image.tmdb.org/t/p/w300/uA4ZJdlILmIGSqBjfM4mkWvtcTt.jpg
50999,13517,https://image.tmdb.org/t/p/w300/RVAn63xJZARpMy8wGAA2LSF8DH.jpg
51037,9828,https://image.tmdb.org/t/p/w300/h6hz8LjwyYM0jrz6pxAYicwwIrj.jpg
51077,1250,https://image.tmdb.org/t/p/w300/d9Oan9XJJ6gRJa64Ifsgp1sXbC4.jpg
51080,4169,https://image.tmdb.org/t/p/w300/m2iVkJPxDrrink7NiE412nFBMQj.jpg
51082,16555,https://image.tmdb.org/t/p/w300/c2AOyqAbfJ9dKJBOgYEzNnXrbcb.jpg
51084,11172,https://image.tmdb.org/t/p/w300/1WXVpnovC0EETbqcjVhy3hwIITK.jpg
51086,3594,https://image.tmdb.org/t/p/w300/iPJwdvgX3I5dEw9QhDOG3hxUvMp.jpg
51088,10090,https://image.tmdb.org/t/p/w300/l9v3nqTU4Gj2zuASGDLJX4YD8ma.jpg
51091,7874,https://image.tmdb.org/t/p/w300/8Yv7kxsqXSe4ZHl8uJEhmsPjhAP.jpg
51167,13393,https://image.tmdb.org/t/p/w300/ephCcqJYZFUnkQC7Oudah2qUL6O.jpg
51174,12271,https://image.tmdb.org/t/p/w300/A5Sq71054VptVUQYGdIjjim4hFn.jpg
51255,4638,https://image.tmdb.org/t/p/w300/zPib4ukTSdXvHP9pxGkFCe34f3y.jpg
51314,1993,https://image.tmdb.org/t/p/w300/gjSK4pyVDt8Pwt9KpB8OtC246DC.jpg
51357,12554,https://image.tmdb.org/t/p/w300/mr3lIjSRhXGVP2o9HY3P9PX2KsH.jpg
51412,1738,https://image.tmdb.org/t/p/w300/wtBOCJBCP0MWNjmBwjMAzbwgtTK.jpg
51471,15163,https://image.tmdb.org/t/p/w300/zr48JEuwxcYM03NcdJU6qWMHPtq.jpg
51498,10845,https://image.tmdb.org/t/p/w300/bVGq9FOV1uoBzfO0ntou3fE7tvR.jpg
51540,1949,https://image.tmdb.org/t/p/w300/6YmeO4pB7XTh8P8F960O1uA14JO.jpg
51545,11330,https://image.tmdb.org/t/p/w300/kLBQtXaKv9LDh7ie4yIvgrv5TmD.jpg
51562,10942,https://image.tmdb.org/t/p/w300/1eRyJK9ImrmXqSkGXVO7OlDNrYq.jpg
51573,27040,https://image.tmdb.org/t/p/w300/yHjEjRU81RcxKFNU5hhiPYMzlsu.jpg
51575,11199,https://image.tmdb.org/t/p/w300/qYyPCZcpNGZwbyBo1gwdCiW5hHC.jpg
51662,1271,https://image.tmdb.org/t/p/w300/h7Lcio0c9ohxPhSZg42eTlKIVVY.jpg
51666,10790,https://image.tmdb.org/t/p/w300/32DhJlTTmLeaPNQeh2oHuDNRmqF.jpg
51694,14055,https://image.tmdb.org/t/p/w300/m0NU3kgn87iNffUUDeItUXZKUKl.jpg
51698,2267,https://image.tmdb.org/t/p/w300/jnLXcQFx4hSKDNG1P6RMz4v5jje.jpg
51705,6691,https://image.tmdb.org/t/p/w300/yWLlqlCu7HmmDcpyAXUpPQjcUSC.jpg
51709,1255,https://image.tmdb.org/t/p/w300/m3OE5bpcGHMWYlPkYvgIrncuuGN.jpg
51834,2977,https://image.tmdb.org/t/p/w300/yHA6JEn57MBGp2yGFgYyopJvk2O.jpg
51884,16727,https://image.tmdb.org/t/p/w300/hxrf7HDwh0nIX4xXE06BdpEKW1V.jpg
51903,14434,https://image.tmdb.org/t/p/w300/lJHg7ExSTszC8ItsufcmSPeN0vW.jpg
51925,9963,https://image.tmdb.org/t/p/w300/vKW1XIYrIqVrbCaYj9FQDHKXR8R.jpg
51927,14001,https://image.tmdb.org/t/p/w300/rvcUVdATIHKZt7BSSttUkKbeBXN.jpg
51931,2355,https://image.tmdb.org/t/p/w300/b5EtDvwj2gdG1qMBLijamlLfJLB.jpg
51933,16385,https://image.tmdb.org/t/p/w300/lBMqdt52wgU9soSD9Asq1eNx6iX.jpg
51935,7485,https://image.tmdb.org/t/p/w300/2aWGxo1E5polpBjPvtBRkWp7qaS.jpg
51937,9793,https://image.tmdb.org/t/p/w300/3SX2UGSmAjIZsVACpshPpKtjbDr.jpg
51939,1273,https://image.tmdb.org/t/p/w300/bcpVoVarN7vqwzMuIP0Gb0xYZ0N.jpg
52042,9075,https://image.tmdb.org/t/p/w300/s8UyT6tUKJl07gYhPheLAzogG8V.jpg
52241,8270,https://image.tmdb.org/t/p/w300/wTYyXCoIBy2TDxetoGS4Sc0VBP1.jpg
52245,9955,https://image.tmdb.org/t/p/w300/yclY3zyzrL1MS9b6Eygs9ks0ZTY.jpg
52279,10172,https://image.tmdb.org/t/p/w300/uZ9NZh4zB80phMxo5PucFyWagjG.jpg
52281,253768,
52283,1683,https://image.tmdb.org/t/p/w300/o8Vl4Vxp5LBth9J6Aa3k6PAefxt.jpg
52287,1267,https://image.tmdb.org/t/p/w300/naya0zF4kT401Sx15AtwB9vpcJr.jpg
52299,16018,https://image.tmdb.org/t/p/w300/v0nxzzUYHrudMn32WVIYdKnxe2M.jpg
52319,22311,https://image.tmdb.org/t/p/w300/8f7PoX7TveyKrndh3bZZcBvR55Z.jpg
52328,1272,https://image.tmdb.org/t/p/w300/oKGGeJ8qvm0UmClz43VJ31fzPP7.jpg
52375,9903,https://image.tmdb.org/t/p/w300/u5KESAGmNa5NLsSbpHVUDWT4ENR.jpg
52435,13377,https://image.tmdb.org/t/p/w300/7ir0iRuPK9OEuH569cp0nF5CJce.jpg
52458,8271,https://image.tmdb.org/t/p/w300/3f9KwSrieczuH9nRrwfOsoMoMNd.jpg
52462,13158,https://image.tmdb.org/t/p/w300/q3Ln4x4rv4nJsBBfukjvH2wiU28.jpg
52579,1407,https://image.tmdb.org/t/p/w300/3b9DAONAsFRhJKu25R33PE3VwDh.jpg
52604,6145,https://image.tmdb.org/t/p/w300/qNen8x5gaikjIg9CFihgxYcJwQe.jpg
52644,10294,https://image.tmdb.org/t/p/w300/9nlJVsbebi1onTwGyJ3UHDNttID.jpg
52668,13067,https://image.tmdb.org/t/p/w300/qbfVeY8sE3luiRXYZTPT9rjV6p1.jpg
52694,1268,https://image.tmdb.org/t/p/w300/bSSx9Sq6irWwN9NTQmoT9KE8kXn.jpg
52712,9785,https://image.tmdb.org/t/p/w300/vSJloUNJSKWJzQ4RbxBFKOA2p2m.jpg
52715,13280,https://image.tmdb.org/t/p/w300/yigEC20RnNqaXPeItmEO3RpdFdB.jpg
52722,559,https://image.tmdb.org/t/p/w300/qFmwhVUoUSXjkKRmca5yGDEXBIj.jpg
52724,1950,https://image.tmdb.org/t/p/w300/23jI1zZnrLlrkeGjjkBkUF4FVTf.jpg
52730,13352,https://image.tmdb.org/t/p/w300/j5O65ITSvFGalNI2wRHHAPymO5R.jpg
52767,20553,https://image.tmdb.org/t/p/w300/2T8mH3V4X428zCipN928ZsRkK7N.jpg
52784,13894,https://image.tmdb.org/t/p/w300/kLsTIdlsnJnPioWGiCsLFQzLdzP.jpg
52831,14240,https://image.tmdb.org/t/p/w300/YS4Q7xHZLjZ5HvffqVDmJLjxce.jpg
52867,13171,https://image.tmdb.org/t/p/w300/qpWQMCkLK8ocyUCKUibUfy6yFaq.jpg
52885,4977,https://image.tmdb.org/t/p/w300/bLUUr474Go1DfeN1HLjE3rnZXBq.jpg
52950,2269,https://image.tmdb.org/t/p/w300/c99EkthlyDtdVh0xTaKsk9PRDg1.jpg
52952,11798,https://image.tmdb.org/t/p/w300/6ZVx7wLrlgSKxkYC2CRg6Zek0fG.jpg
52967,1919,https://image.tmdb.org/t/p/w300/oyPE6i9sylR1UhTPFmniOHcQpKb.jpg
52973,4964,https://image.tmdb.org/t/p/w300/b4OaXw2MW97VvIiZE0Sbn1NfxSh.jpg
52975,2976,https://image.tmdb.org/t/p/w300/fgMka3HtFvI5OgW1eYdR9XpySxH.jpg
53000,1562,https://image.tmdb.org/t/p/w300/oix0aNv1lvW3nUGspUyvSIBlpbs.jpg
53022,11205,https://image.tmdb.org/t/p/w300/zCii0fXuI7xzroEEG1KBJDlqu0O.jpg
53024,36676,https://image.tmdb.org/t/p/w300/5c9aoJ1LbcAYp6cWF3rZCVtrQ1W.jpg
53121,810,https://image.tmdb.org/t/p/w300/n4SexGGQzI26E269tfpa80MZaGV.jpg
53123,5723,https://image.tmdb.org/t/p/w300/7nW363kSYRCkr4VGOMvuSGwtzKs.jpg
53125,285,https://image.tmdb.org/t/p/w300/jGWpG4YhpQwVmjyHEGkxEkeRf0S.jpg
53127,12526,https://image.tmdb.org/t/p/w300/yjTmmAngldFoyDhHxNM8fHblk3O.jpg
53129,3432,https://image.tmdb.org/t/p/w300/yYleq0qmb67Ig2ViY3hFmUOrH77.jpg
53138,14208,https://image.tmdb.org/t/p/w300/4UxUdJUCLwirPdYzAsYg8ayKhGN.jpg
53140,14207,https://image.tmdb.org/t/p/w300/wRwbSr0imj632D0qxaHQig4WYf3.jpg
53143,24200,https://image.tmdb.org/t/p/w300/20C2aywxWMvkXRP7H1mIkpJvxS7.jpg
53161,5488,https://image.tmdb.org/t/p/w300/ehcwVb99DkRa1tgIwJsoILmMUFu.jpg
53280,10063,https://image.tmdb.org/t/p/w300/84wIp36RZ1zpVBoJTjwzGjZVRxD.jpg
53318,12225,https://image.tmdb.org/t/p/w300/iXJKrcjHXrL148OfmovdGPBvnSw.jpg
53322,298,https://image.tmdb.org/t/p/w300/pBsZs4zYUiUTemqbikTZ76iQRaU.jpg
53326,10832,https://image.tmdb.org/t/p/w300/wqVy00nBhJRiHvlb3lFbmg6uEjj.jpg
53355,2241,https://image.tmdb.org/t/p/w300/lkoK4EVQiIx60a65BoR2HGpiw8g.jpg
53435,1691,https://image.tmdb.org/t/p/w300/qB20aiY8Ah3pQikkBxm3j7jQVc8.jpg
53447,1990,https://image.tmdb.org/t/p/w300/qdxQ8vZJoZuLqU9MXYW2vnRwhan.jpg
53450,170261,https://image.tmdb.org/t/p/w300/zmXqrb2dalZieCdbof5qY6KQKuC.jpg
53453,22049,https://image.tmdb.org/t/p/w300/npJt35Q36aGcTYpcg9epbwQIIkz.jpg
53460,9408,https://image.tmdb.org/t/p/w300/kAeZfUDmuhnL8pLnxxFxBhYVdm6.jpg
53464,1979,https://image.tmdb.org/t/p/w300/9wRfzTcMyyzkQxVDqBHv8RwuZOv.jpg
53466,14043,https://image.tmdb.org/t/p/w300/a1aAZolyLFRwKhs0IWhFyTa8Z2Z.jpg
53468,10288,https://image.tmdb.org/t/p/w300/hKUUn6f4Hxj5iqQKMlQzRqbg2yT.jpg
53519,1991,https://image.tmdb.org/t/p/w300/vtu6H4NWnQVqEp3aanUq3hNeeot.jpg
53550,9952,https://image.tmdb.org/t/p/w300/ymPlV2ymUBSctfRzpehFOxFmJiS.jpg
53574,17320,https://image.tmdb.org/t/p/w300/djR3SWD7ZEs5lcrjUifaWVCG7eY.jpg
53578,21427,https://image.tmdb.org/t/p/w300/eVP6mln9G4dOoRRrQsY55T0sHOR.jpg
53808,11211,https://image.tmdb.org/t/p/w300/3UqEB9uR3z3BDxYFyn7YDZRLFZ6.jpg
53894,2359,https://image.tmdb.org/t/p/w300/8PxUhW78Oy4DWZNRyUkKYmhGUaH.jpg
53921,1988,https://image.tmdb.org/t/p/w300/z5f7KPg8vqqYXtaF0wUkSWryDIg.jpg
53953,3021,https://image.tmdb.org/t/p/w300/yE9MCW7ZNxSw5SC1TMqm51pMBIV.jpg
53956,2196,https://image.tmdb.org/t/p/w300/xyTxrJnjbSJQzcbKIP6S1uqLuxy.jpg
53972,1571,https://image.tmdb.org/t/p/w300/31TT47YjBl7a7uvJ3ff1nrirXhP.jpg
53974,2959,https://image.tmdb.org/t/p/w300/lJbT99nN3jEe23EfQvmlSh6EQ2b.jpg
53993,2698,https://image.tmdb.org/t/p/w300/blI1ioXbgJWOJ3PbcBuSV65Ebwu.jpg
53996,1858,https://image.tmdb.org/t/p/w300/4N4sipl8T72tNE4earcctQa2Kw2.jpg
54001,675,https://image.tmdb.org/t/p/w300/5aOyriWkPec0zUDxmHFP9qMmBaj.jpg
54004,3563,https://image.tmdb.org/t/p/w300/vF0yEaGyXYsHWRTMmeJaJKp43bj.jpg
54116,16083,https://image.tmdb.org/t/p/w300/umki3SR7dBjHPOHrJvtaq31GIzX.jpg
54121,37292,https://image.tmdb.org/t/p/w300/n061xgOTAvJ2l06latNDF4s13FV.jpg
54185,24582,https://image.tmdb.org/t/p/w300/bkU59j039xv2er6Y6V8PbFRcFUX.jpg
54190,4688,https://image.tmdb.org/t/p/w300/447c8Te3DXC46rQvDEixKGO4dS6.jpg
54256,10074,https://image.tmdb.org/t/p/w300/jRkt03dXCVKnbvcQm3ygU1cjg9Y.jpg
54259,2270,https://image.tmdb.org/t/p/w300/7zbFmxy3DqKYL2M8Hop6uylp2Uy.jpg
54272,35,https://image.tmdb.org/t/p/w300/s3b8TZWwmkYc2KoJ5zk77qB6PzY.jpg
54274,5857,https://image.tmdb.org/t/p/w300/7hz8jYHGNsNsnF0FPngxQEEVyR6.jpg
54276,3638,https://image.tmdb.org/t/p/w300/eKqfRSf0DZ0Qey1f9ZHuZfsmXVR.jpg
54281,8669,https://image.tmdb.org/t/p/w300/l0jr9jSIW2TYFuunPtDQ1exyjtI.jpg
54286,2503,https://image.tmdb.org/t/p/w300/15rMz5MRXFp7CP4VxhjYw4y0FUn.jpg
54354,54546,https://image.tmdb.org/t/p/w300/507KwY23hbOtz5UwPlrODlZsger.jpg
54372,10795,https://image.tmdb.org/t/p/w300/fr2wEeO1H8dzx6EDfzYTRBIvZaE.jpg
54503,8363,https://image.tmdb.org/t/p/w300/ek8e8txUyUwd2BNqj6lFEerJfbq.jpg
54617,17350,https://image.tmdb.org/t/p/w300/1bxno5lAD6PzulewOT9joMfGPsU.jpg
54648,5174,https://image.tmdb.org/t/p/w300/mp9CzKxLa2i7yblMXUrzVfGqsCo.jpg
54686,9703,https://image.tmdb.org/t/p/w300/k2jaEoOsTEMqSskBJm3gfcuxNEc.jpg
54732,9750,https://image.tmdb.org/t/p/w300/1Uc6lFCcNlaKP5uLJdQAhdDfihy.jpg
54734,10760,https://image.tmdb.org/t/p/w300/ce3NNmhVZY5NkUe5Y8Je8CciKqf.jpg
54736,4349,https://image.tmdb.org/t/p/w300/AgtEL99178EEEKfd44mvvoPRZt1.jpg
54745,13068,https://image.tmdb.org/t/p/w300/d5MfQznQKNtTsLFhw4wVXoqfk5y.jpg
54768,14144,https://image.tmdb.org/t/p/w300/fhuhSVb3j8SShe6FhnVUAfSRg6h.jpg
54771,4858,https://image.tmdb.org/t/p/w300/oS5rMuJXwNZZPx0ojhvjgduglD2.jpg
54780,12435,https://image.tmdb.org/t/p/w300/8hX6rcxnCidaqegPCyeFm9PODBn.jpg
54785,2082,https://image.tmdb.org/t/p/w300/cD8JrfSEI4j7WVnKM1GdiYzMoUh.jpg
54787,11835,https://image.tmdb.org/t/p/w300/3rdEAMh4a3pc7GO6fSkJwpt7BWX.jpg
54796,1845,https://image.tmdb.org/t/p/w300/4yf8vcgJtADTTPP0Ltq2KhqLfdE.jpg
54881,13958,https://image.tmdb.org/t/p/w300/wACtXGiO08EBbJhqsD2nUzPsrKe.jpg
54908,2335,https://image.tmdb.org/t/p/w300/zqjMGQzdMohCL66uCqbyvWBP896.jpg
54910,10961,https://image.tmdb.org/t/p/w300/vie8a3z219Zsw81eAsM58B6VFEn.jpg
54934,10071,https://image.tmdb.org/t/p/w300/63u2QZZZIaME05TSv3tLKpibII1.jpg
54962,12994,https://image.tmdb.org/t/p/w300/AkIyPzbxBnR815XNCKH5D9T4RaE.jpg
54995,1992,https://image.tmdb.org/t/p/w300/3705GxG0RN9XDV5y9IiXKYHw1fK.jpg
54997,5176,https://image.tmdb.org/t/p/w300/voMB69AsLnPNmtfbrBl0lbeFKDH.jpg
54999,4141,https://image.tmdb.org/t/p/w300/hZ4p0MvSUWnCCL0IUn47UXTVPCs.jpg
55020,13173,https://image.tmdb.org/t/p/w300/byhpbEcL1tuoNhU3x5vYF45QM8X.jpg
55036,14786,https://image.tmdb.org/t/p/w300/4ZeKN0jnXHlyloMFba1Xe4C1ell.jpg
55052,4347,https://image.tmdb.org/t/p/w300/hMRIyBjPzxaSXWM06se3OcNjIQa.jpg
55061,13529,https://image.tmdb.org/t/p/w300/m60OOcOVzniybIuVxzsMORMZNME.jpg
55067,523,https://image.tmdb.org/t/p/w300/Aquk2tb8RiU4uWhIGrrr6DDy37Z.jpg
55069,2009,https://image.tmdb.org/t/p/w300/acEtvzFPeOQwbzRWncjRLenhnKV.jpg
55071,12901,https://image.tmdb.org/t/p/w300/vNLK1fRPHTHFfWfy63NJFDwX7MQ.jpg
55080,4413,https://image.tmdb.org/t/p/w300/tdbOFY9ZnmOcxbNThJqGaIGCOow.jpg
55094,6973,https://image.tmdb.org/t/p/w300/ufCkeypovY01Dm123I2aPvGUA5H.jpg
55110,4629,https://image.tmdb.org/t/p/w300/28Q3BZgCI8imvbC8qQWDAL0nqjR.jpg
55112,15361,https://image.tmdb.org/t/p/w300/yMXs40GxPhVSqzGudmqg8Yx5LDR.jpg
55116,5353,https://image.tmdb.org/t/p/w300/kXUfQGa7BoW856hDYAFtZLtiAAQ.jpg
55118,2252,https://image.tmdb.org/t/p/w300/nLwv1pxRCRZucQaqs6oPkq7HH3K.jpg
55156,30365,https://image.tmdb.org/t/p/w300/g1u0Aelw5r7sJeKrF9ssz7uBeJD.jpg
55167,13754,https://image.tmdb.org/t/p/w300/e2x1YDuZPpQiaQS25Ego7xMZYOI.jpg
55190,6641,https://image.tmdb.org/t/p/w300/A0bXqv83sOVBnDyFGQCDeEWb0Os.jpg
55205,8414,https://image.tmdb.org/t/p/w300/jObPGoyEcBFB8x5j3Htabavgcxx.jpg
55232,7737,https://image.tmdb.org/t/p/w300/6yaLr7Ymg5cvbtSVi5hHwBKx35I.jpg
55241,13257,https://image.tmdb.org/t/p/w300/tNOovj6N2C5scr0KgND0aKT2kkd.jpg
55245,10030,https://image.tmdb.org/t/p/w300/b2VgUoXR9iAtAf8nA0mvdTr7cOt.jpg
55247,5915,https://image.tmdb.org/t/p/w300/jnLnLYP5pGDfri04gxtAqAvkHMw.jpg
55250,13680,https://image.tmdb.org/t/p/w300/fcLFvIqCUrhY96mkSmr3okxaMEw.jpg
55253,4588,https://image.tmdb.org/t/p/w300/6c1tqfJEBuIyhQC19SLlLQAUAvJ.jpg
55259,2274,https://image.tmdb.org/t/p/w300/65oKWdrQRwtkOolnCQMUQkvUryS.jpg
55261,9038,https://image.tmdb.org/t/p/w300/bVWM0L3DqFpNE3Yt49WjAgTQUc0.jpg
55267,7211,https://image.tmdb.org/t/p/w300/wJkkkG4ditqNzlua0oJzoaICGiz.jpg
55269,4538,https://image.tmdb.org/t/p/w300/oSW5OVXTulaIXcoNwJAp5YEKpbP.jpg
55272,2001,https://image.tmdb.org/t/p/w300/fcb2c9BcRc21iiWih23FQfT39uB.jpg
55274,4517,https://image.tmdb.org/t/p/w300/oBQ64TyPEINgVpwKWriv3QsIDJb.jpg
55276,4566,https://image.tmdb.org/t/p/w300/hhkW4yVIGo8Bee3UITKvqOvhNMG.jpg
55278,4520,https://image.tmdb.org/t/p/w300/y70r13kOHp7pcYToG25uwMYm562.jpg
55280,6615,https://image.tmdb.org/t/p/w300/nkAt4a7KIPc7Fi1BhxNHhYYbe2b.jpg
55282,4513,https://image.tmdb.org/t/p/w300/7LwSrvFA0gz1KAlcrGcinoQPene.jpg
55290,4771,https://image.tmdb.org/t/p/w300/rm3Dl8DWYGO3UQ3w2kju62L9rkn.jpg
55292,10759,https://image.tmdb.org/t/p/w300/eY9cDrjSIzsLeMpMRJ0b6dm4oDB.jpg
55294,14251,https://image.tmdb.org/t/p/w300/pIstBZoDPK9ryLzYk4micKKGpfQ.jpg
55363,4512,https://image.tmdb.org/t/p/w300/2d1S6fJS80fvseg6mJE8eq5o7Kx.jpg
55391,13197,https://image.tmdb.org/t/p/w300/2OBZth9rnSyMzZR8M0WwGj8ivDG.jpg
55442,2011,https://image.tmdb.org/t/p/w300/aU8i2QAdTyRR1nYb36Gq51xXP8p.jpg
55444,5708,https://image.tmdb.org/t/p/w300/jOJiaOhwrDdwqTRZvZOhbndqHGp.jpg
55451,5951,https://image.tmdb.org/t/p/w300/9O8LgoBqOGrKXpYFQXVHOxoRNg2.jpg
55492,15667,https://image.tmdb.org/t/p/w300/uDHwjlPWcyNEkfgOVwIz3IaUNXC.jpg
55553,3603,https://image.tmdb.org/t/p/w300/b6Spp82Tg8rv4YUSHGWFqFbgp0q.jpg
55555,2014,https://image.tmdb.org/t/p/w300/kqhVVpXFtOotSlK0npVaBHXUqxV.jpg
55577,663,https://image.tmdb.org/t/p/w300/ku1QdCXOU4ckz3zxLLlis8MIJVm.jpg
55620,15651,https://image.tmdb.org/t/p/w300/sz7ucLIEpu1KPmrBW2eB5fyqv4E.jpg
55687,14279,https://image.tmdb.org/t/p/w300/wJiYxHp3aqFbq3LOSLK8qM6EIp8.jpg
55721,7347,https://image.tmdb.org/t/p/w300/lwIXz785N2fXi8hsBr1IXciFlkM.jpg
55729,5718,https://image.tmdb.org/t/p/w300/zLoa3oJ83zo9g3mV9LNCHbqO7jH.jpg
55765,4982,https://image.tmdb.org/t/p/w300/sX9idXDqRUxE5ffww3n3RV5gL55.jpg
55768,5559,https://image.tmdb.org/t/p/w300/aWe27GmvfVYAd7p0KEtJZWwLWk5.jpg
55805,7972,https://image.tmdb.org/t/p/w300/h4QXi4Ysuc3zICiK9jHxjCAK9Oh.jpg
55814,2013,https://image.tmdb.org/t/p/w300/6NkJ4gnLrvLj0PZDW6sNM85JMbj.jpg
55820,6977,https://image.tmdb.org/t/p/w300/6d5XOczc226jECq0LIX0siKtgHR.jpg
55830,4953,https://image.tmdb.org/t/p/w300/f0oX20YrQEiVPDH9InCQ1d3Cm66.jpg
55844,10520,https://image.tmdb.org/t/p/w300/xWJMF9xb4OfWRU7QcOxOosgIElE.jpg
55854,37368,https://image.tmdb.org/t/p/w300/2CHA46FqD5rQAoJZwkjxMb0EOw8.jpg
55872,5123,https://image.tmdb.org/t/p/w300/oA6ZeICPINiS6YtD5WZeBaGVmuT.jpg
55908,13363,https://image.tmdb.org/t/p/w300/V086R82gNgWrotaXZFO4JhdgB1.jpg
55946,4515,https://image.tmdb.org/t/p/w300/37L6IoLhTgLzq6XYWpWUlbbEzMj.jpg
55995,2310,https://image.tmdb.org/t/p/w300/7QsWYyJAV97N9jOh21pdRIqJeJq.jpg
56003,4723,https://image.tmdb.org/t/p/w300/7dbIDQ80z4bxiDlAvxRwc5TI44C.jpg
56012,16768,https://image.tmdb.org/t/p/w300/zpZBBYMepcCExBhAX08XfgkXdQE.jpg
56022,24732,https://image.tmdb.org/t/p/w300/jc2mINVs86QrreRZw0tlPJp1FlC.jpg
56060,12555,https://image.tmdb.org/t/p/w300/mwuabUjZMSg8ngHScjcKCmFO0jA.jpg
56145,5876,https://image.tmdb.org/t/p/w300/1CvJ6diBACKPVGOpcWuY4XPQdqX.jpg
56152,4523,https://image.tmdb.org/t/p/w300/8KCNzCArLlvLdQoHx6npua2VSVc.jpg
56156,1620,https://image.tmdb.org/t/p/w300/h69UJOOKlrHcvhl5H2LY74N61DQ.jpg
56169,13483,https://image.tmdb.org/t/p/w300/xqooV6lR1Kdx4Q52Sim0aGbDTYP.jpg
56171,2268,https://image.tmdb.org/t/p/w300/mIHV28g4Zhbc8yhnhOixa8m4p5O.jpg
56174,6479,https://image.tmdb.org/t/p/w300/iPDkaSdKk2jRLTM65UOEoKtsIZ8.jpg
56176,6477,https://image.tmdb.org/t/p/w300/3s3WvpKPXXeKAPketDDqiQTi20S.jpg
56251,7249,https://image.tmdb.org/t/p/w300/bmVE90IHvx4uXQgtbRtu4RyMWpt.jpg
56274,13998,https://image.tmdb.org/t/p/w300/dmR1TBIur00or8JgyNkycHekfxb.jpg
56286,3902,https://image.tmdb.org/t/p/w300/bucgvB7gQqcl1m71efHkenfIMTj.jpg
56333,8272,https://image.tmdb.org/t/p/w300/nY54gSmTOmSXlQpWDB7DWp4u8a7.jpg
56336,13186,https://image.tmdb.org/t/p/w300/ow3IMhTVLryZuCEoQznVTTmFYuu.jpg
56339,6537,https://image.tmdb.org/t/p/w300/vIpi1KtHLXUOfSVC2m6MqpjSPgL.jpg
56367,7326,https://image.tmdb.org/t/p/w300/jNIn2tVhpvFD6P9IojldI3mNYcn.jpg
56379,33003,https://image.tmdb.org/t/p/w300/xiZqlsKTPscUCxUzGiAEC2oimnY.jpg
56389,1989,https://image.tmdb.org/t/p/w300/w9w3m2IB9QRZXxi6R51ZamKv3HS.jpg
56563,13348,https://image.tmdb.org/t/p/w300/s47TOnvnwfSnAflQvsBxJbOLnmP.jpg
56587,7350,https://image.tmdb.org/t/p/w300/idbNSe8zsYKQL97dJApfOrDSdya.jpg
56607,7979,https://image.tmdb.org/t/p/w300/dom2esWWW8C9jS2v7dOhW48LwHh.jpg
56620,12171,https://image.tmdb.org/t/p/w300/guhprfoix4DCKnbPeVQXuF08rHt.jpg
56715,13198,https://image.tmdb.org/t/p/w300/qModiIR60IMLP28ruGZluQOtsOj.jpg
56757,13885,https://image.tmdb.org/t/p/w300/gAW4J1bkRjZKmFsJsIiOBASeoAp.jpg
56775,6637,https://image.tmdb.org/t/p/w300/xxoIBbvmTj1ZttzV439jAvoovTw.jpg
56782,7345,https://image.tmdb.org/t/p/w300/fa0RDkAlCec0STeMNAhPaF89q6U.jpg
56788,6538,https://image.tmdb.org/t/p/w300/45FghqcdSYRWK7PsHUInaFPNd8l.jpg
56801,440,https://image.tmdb.org/t/p/w300/5iTwPDNtvK6ZZF607BHBbU3HO0B.jpg
56805,6575,https://image.tmdb.org/t/p/w300/Aa1IQ4Cuin3d7qIahvPheMmR4E5.jpg
56837,19103,https://image.tmdb.org/t/p/w300/628YkM5wHmunTdXANWgJEJYbFdf.jpg
56869,40860,https://image.tmdb.org/t/p/w300/hsimQm7sD4ezSPhcMrVAc5cEDn3.jpg
56908,14118,https://image.tmdb.org/t/p/w300/w0kzH6zMTOtvEDY9LVYAQxwZx7l.jpg
56915,54318,https://image.tmdb.org/t/p/w300/h9DV6KItNutJmrPzT1xrAO6fIzy.jpg
56921,69315,https://image.tmdb.org/t/p/w300/tO3EoFJj0FJjKelDW5SUtquDIy2.jpg
56941,6023,https://image.tmdb.org/t/p/w300/x6M9nlTpgpI4AOw0tMkOAVbhL5z.jpg
56949,6557,https://image.tmdb.org/t/p/w300/rEfourJfgEyKiewwH8ZkUYt9AqE.jpg
57147,4787,https://image.tmdb.org/t/p/w300/rZLKa5mXJzfmJsC9DFNkcpZ5vS0.jpg
57183,7508,https://image.tmdb.org/t/p/w300/puHRt6Raovm5ujGCdwLWvRv4NHU.jpg
57243,5259,https://image.tmdb.org/t/p/w300/gZPUNtSWnn23Zd88wxL5xzqYYqy.jpg
57274,8329,https://image.tmdb.org/t/p/w300/hgyJR4sgMsee6xMFM3xYiG6cDCh.jpg
57326,2312,https://image.tmdb.org/t/p/w300/bbN1lmDk1PT0GsTFCy179sk5nIF.jpg
57368,7191,https://image.tmdb.org/t/p/w300/qIegUGJqyMMCRjkKV1s7A9MqdJ8.jpg
57421,11908,https://image.tmdb.org/t/p/w300/lkh3Fwruds78feXfP1Zb9kBLydL.jpg
57499,41845,https://image.tmdb.org/t/p/w300/qp9OdVRSzol2kFo4I8VDzQnfBCn.jpg
57502,25078,https://image.tmdb.org/t/p/w300/85c6VTiUOtizQBoT9ekBBlUz3zc.jpg
57504,14069,https://image.tmdb.org/t/p/w300/fmK92C7HGu6sK0axItlQ0YsO9qR.jpg
57522,14423,https://image.tmdb.org/t/p/w300/9l0sdc7ohLe6TdFsYyCTBnVn1F8.jpg
57526,8090,https://image.tmdb.org/t/p/w300/ySUwDRDEn01lKIMPQorpFCMLWqE.jpg
57528,7555,https://image.tmdb.org/t/p/w300/3mInub5c8o00H7EJ1TrjAqOzIuc.jpg
57532,7278,https://image.tmdb.org/t/p/w300/DWQOjAPvM8Kk1Qp3Xq0zae0Z6w.jpg
57536,14220,https://image.tmdb.org/t/p/w300/6tamhOw4dSgn4lonjZyhEhIt9Wm.jpg
57637,13059,https://image.tmdb.org/t/p/w300/qRs8osQJZLItwQER2bzuuK9A0sp.jpg
57640,11253,https://image.tmdb.org/t/p/w300/zO0Wdrxnhx3KoJEvychSmnY3urC.jpg
57669,8321,https://image.tmdb.org/t/p/w300/vz3Vd6nfq9YZrVvyYx5RHFaYKV3.jpg
57843,13054,https://image.tmdb.org/t/p/w300/k8lbsM0Nl0c1Qp7NnARWjS6TTRA.jpg
57910,13121,https://image.tmdb.org/t/p/w300/p7OIPkN2LOBprQxQx7EZBa6m6W4.jpg
57951,8676,https://image.tmdb.org/t/p/w300/f4djEBW3nyGRPLTcDlWYyaO43mx.jpg
58025,8247,https://image.tmdb.org/t/p/w300/3pPZ9JhNz3VMmASVir5SMHvTDUU.jpg
58047,8390,https://image.tmdb.org/t/p/w300/4FuN9nBJ7ttO4BUopJCpT6B0yhH.jpg
58078,13641,https://image.tmdb.org/t/p/w300/hx89b5sinoXmkMNyK1PUgwjWQX4.jpg
58103,7461,https://image.tmdb.org/t/p/w300/9xA1KaGoYQJveY3C87J41Au5Kkn.jpg
58105,8204,https://image.tmdb.org/t/p/w300/uN7MUMaCXfa8DbMMp61A8iXEcEG.jpg
58107,8328,https://image.tmdb.org/t/p/w300/vYdlRTvA5fneB88NchV3sirzCE1.jpg
58154,12184,https://image.tmdb.org/t/p/w300/q2lgC8mmAltWTkbqPM8n5EYF4XL.jpg
58156,13260,https://image.tmdb.org/t/p/w300/7KJrvJf96UpkXsWVOjzCo1IbnW6.jpg
58162,7942,https://image.tmdb.org/t/p/w300/2MZNPXJquIG8OcwajiR8YkCr7ak.jpg
58191,13362,https://image.tmdb.org/t/p/w300/ttCOk1fQGvFJvPIJS7D8J2jOjpo.jpg
58287,21373,https://image.tmdb.org/t/p/w300/qYYfg0EB5vkEC4QZhJ5wFZZKhj1.jpg
58291,13493,https://image.tmdb.org/t/p/w300/8kcBMzhqW2eo058SmIKvbTbakYr.jpg
58293,7840,https://image.tmdb.org/t/p/w300/9I7gV6wRbGnbfI3XOKjHeLMjYEo.jpg
58295,8848,https://image.tmdb.org/t/p/w300/bfXjFTytfFTdo9WeO7lYqzkHG7g.jpg
58297,13460,https://image.tmdb.org/t/p/w300/cKUmTyXgmhv8cMRCY9RYTKcAeTn.jpg
58299,12222,https://image.tmdb.org/t/p/w300/6k47Z3A5zI2rxubTMwiLyIqQLLr.jpg
58301,8461,https://image.tmdb.org/t/p/w300/zs92sAOh3Q0kDIJkgaJFTBzSFka.jpg
58303,7862,https://image.tmdb.org/t/p/w300/Af6I9RZF0SIPeNnp8hAleGDTnKd.jpg
58306,12246,https://image.tmdb.org/t/p/w300/8hlyJVMKFJNJb8QRtdfjage2tGF.jpg
58309,16666,https://image.tmdb.org/t/p/w300/mZxKlZSaL0VvBfmiZX3dv3BKVH5.jpg
58315,12177,https://image.tmdb.org/t/p/w300/sp8AV64ftAZCT9uWfgbCb3olGDW.jpg
58332,13025,https://image.tmdb.org/t/p/w300/tGktSJW5dPf8QIjmcqum4KOEZPZ.jpg
58347,7985,https://image.tmdb.org/t/p/w300/stsGbgMhDo3VjLLsrbeiz0fuj8d.jpg
58351,7343,https://image.tmdb.org/t/p/w300/eVqTDE0seY23gw9aCpBmWTjIPdc.jpg
58376,13016,https://image.tmdb.org/t/p/w300/4eJQJ3tvnNO7CdxXT5awnd9ovGX.jpg
58404,14011,https://image.tmdb.org/t/p/w300/bj25ueeYNkz4e5t8oMMaAOWmwOc.jpg
58425,14793,https://image.tmdb.org/t/p/w300/hopfH0rWbTTNYJmEb8R07f3ZUzc.jpg
58492,14054,https://image.tmdb.org/t/p/w300/hKtht1ezc31mH1cBIHoDPmScnk9.jpg
58554,28205,https://image.tmdb.org/t/p/w300/AogHMwGObAqXgXoqtj2Zg90fX5K.jpg
58559,155,https://image.tmdb.org/t/p/w300/qJ2tW6WMUDux911r6m7haRef0WH.jpg
58627,8456,https://image.tmdb.org/t/p/w300/8oRUTyP1QAtGDMvRpKZyuyFPG0U.jpg
58655,8457,https://image.tmdb.org/t/p/w300/shqO696kFnM8Z4ODa3JglcjP97u.jpg
58783,7797,https://image.tmdb.org/t/p/w300/yG902RF45xC0IsPZkjuJZMmB5C5.jpg
58803,8065,https://image.tmdb.org/t/p/w300/efG8Po57alqSlhqHU1lXJ3duG6t.jpg
58806,12890,https://image.tmdb.org/t/p/w300/igIl4RKxOEYvhQGKCvM6vCRMiVm.jpg
58826,24411,https://image.tmdb.org/t/p/w300/gntsO8yN1xiFp1CldoJkk0jzxh7.jpg
58839,4942,https://image.tmdb.org/t/p/w300/dl2yu8iuwG3dqbpjalm2odadRaH.jpg
58842,14044,https://image.tmdb.org/t/p/w300/pv04qa9RxD41XLnJGECq1f4cr9I.jpg
58870,36223,https://image.tmdb.org/t/p/w300/3kBangW2OBBNkqYyp48blW9cwE5.jpg
58876,8988,https://image.tmdb.org/t/p/w300/5lR2o3EQ6keYI7R2NtO40fHpvGZ.jpg
58879,7944,https://image.tmdb.org/t/p/w300/rMVrNWWaO3xAWZHFUbeamWPzVAC.jpg
58964,13312,https://image.tmdb.org/t/p/w300/7gPOYKxoBzhfC8cLNMU3CKgURcm.jpg
58972,10488,https://image.tmdb.org/t/p/w300/vhNoXDpc7T5OdmAuu8DMHLB39uo.jpg
58975,11152,https://image.tmdb.org/t/p/w300/6HpicbiT7xmlMjQXOSCeNoLZGpf.jpg
58998,9870,https://image.tmdb.org/t/p/w300/d4elOzyhNWVlxpG7BwigrumkFTe.jpg
59014,11918,https://image.tmdb.org/t/p/w300/nAzo5OOmoE9SXOv4mHTuiu58QXA.jpg
59016,1266,https://image.tmdb.org/t/p/w300/iTO7sBfVTr7LUqiFtGeFW7g2Ncf.jpg
59018,12473,https://image.tmdb.org/t/p/w300/9XRRSD7swlYrGBhZ8vOR2yngIKZ.jpg
59022,13335,https://image.tmdb.org/t/p/w300/gmXKlm8c8O7JEISYP4WiWq2x3We.jpg
59026,8827,https://image.tmdb.org/t/p/w300/8yj6tkyp7dvdzkkIasX2SUmZd81.jpg
59037,7459,https://image.tmdb.org/t/p/w300/fxRIpx9Op9h71q3tvuabx4GryyP.jpg
59103,1729,https://image.tmdb.org/t/p/w300/z8chF1Z7hyuSVqLYTgElkQZh2VB.jpg
59118,10503,https://image.tmdb.org/t/p/w300/sO9ZZsqDfreFxiCPrUuBYeqsAHi.jpg
59126,13007,https://image.tmdb.org/t/p/w300/hBv5LCbWxPB8iU77dwurSGMVZ3N.jpg
59129,9017,https://image.tmdb.org/t/p/w300/rwWEsWV1DNCqZudEiHvk1NPeUla.jpg
59131,25119,https://image.tmdb.org/t/p/w300/7lj0BnDxxGJ4RmGUkDzqim2ssKc.jpg
59141,13258,https://image.tmdb.org/t/p/w300/hOCdlpTs91eDohj5LhCGQF4bxqe.jpg
59143,14236,https://image.tmdb.org/t/p/w300/80Y1Te0aZwBoImgFo7D2PgUzQna.jpg
59220,7861,https://image.tmdb.org/t/p/w300/mbsjim3GhRn1nPwbJ9GOkj2PKIV.jpg
59258,8780,https://image.tmdb.org/t/p/w300/xZOwucsL5NInPyFcmqJzytHkaJR.jpg
59295,13359,https://image.tmdb.org/t/p/w300/fQgNm7DK6DxfBuSfhQSjtGZYALf.jpg
59306,8617,https://image.tmdb.org/t/p/w300/pKSeyN02R5khphImEIpAdBjQgEP.jpg
59315,1726,https://image.tmdb.org/t/p/w300/78lPtwv72eTNqFW9COBYI0dWDJa.jpg
59333,10761,https://image.tmdb.org/t/p/w300/pDg8D0jNqmz7RbCBgblWvmPswHE.jpg
59336,12400,https://image.tmdb.org/t/p/w300/tjLKe0QCGgSrvEd41Z4q2QpSoJF.jpg
59369,8681,https://image.tmdb.org/t/p/w300/ognkaUSNgJe1a2pjB4UNdzEo5jT.jpg
59387,14784,https://image.tmdb.org/t/p/w300/ez7xavvDr5yDz4sSvI55xDp0BoU.jpg
59421,9029,https://image.tmdb.org/t/p/w300/n7bQ7Lj6UhArgnx49wmkaTxM4iU.jpg
59429,8277,https://image.tmdb.org/t/p/w300/j7eGbwVb9hTaRFWMlSa7C1OYp3T.jpg
59440,12586,https://image.tmdb.org/t/p/w300/bNMzx71jw8OU9indcV5Hc7eE53w.jpg
59501,2454,https://image.tmdb.org/t/p/w300/qxz3WIyjZiSKUhaTIEJ3c1GcC9z.jpg
59549,17483,https://image.tmdb.org/t/p/w300/gnW3HcHpZmbim5fjt5hy5LGLs8d.jpg
59604,15356,https://image.tmdb.org/t/p/w300/dXjLp7k7ILyg22T0s9VvpPKc9jn.jpg
59615,217,https://image.tmdb.org/t/p/w300/56As6XEM1flWvprX4LgkPl8ii4K.jpg
59667,12808,https://image.tmdb.org/t/p/w300/tK6S01DNg0C1ObAXgb7vtwVZ5Tr.jpg
59725,4564,https://image.tmdb.org/t/p/w300/AhNfnsGW95RKHQNLdgFH48UN0Zy.jpg
59727,10665,https://image.tmdb.org/t/p/w300/gwsg4qFmLOvlhwXj4OZuxfFUdP0.jpg
59731,13636,https://image.tmdb.org/t/p/w300/4sZNQ7OQgkJj7kLFx4su21yEHTB.jpg
59738,9022,https://image.tmdb.org/t/p/w300/9t7n7K0xqw0gMvrxyhdiyqEF3W1.jpg
59784,9502,https://image.tmdb.org/t/p/w300/wWt4JYXTg5Wr3xBW2phBrMKgp3x.jpg
59810,14050,https://image.tmdb.org/t/p/w300/7I3WMof3AJuLkildBxpGZkuvQwj.jpg
59814,14019,https://image.tmdb.org/t/p/w300/7VxXp2h9UtJP6XbeuQGqqbQzoE1.jpg
59900,10661,https://image.tmdb.org/t/p/w300/gBhLQmpCPoKFMCGsulMbIFzrBID.jpg
59915,13848,https://image.tmdb.org/t/p/w300/dEJCk1vTOaldD8hzOYY96AdFdr6.jpg
59947,45408,https://image.tmdb.org/t/p/w300/ri2yctGQr4DPLBODZZ2Ky2yqBoL.jpg
59985,12912,https://image.tmdb.org/t/p/w300/iP4DJqTeMMQJ3J0eyt2RjRH6NZH.jpg
59995,14748,https://image.tmdb.org/t/p/w300/wrQQUjeiHFPvTfaaB3vtNLLZ8kv.jpg
60030,18467,https://image.tmdb.org/t/p/w300/cyzyZ8HA2zqL9C3QrpHI7QqGr0r.jpg
60037,8645,https://image.tmdb.org/t/p/w300/fP4nBrtmc0teSDDHzYmDE7TLQBT.jpg
60040,1724,https://image.tmdb.org/t/p/w300/gKzYx79y0AQTL4UAk1cBQJ3nvrm.jpg
60046,13405,https://image.tmdb.org/t/p/w300/qjmo26BnSimVjhCE97cH8VCtEUV.jpg
60069,10681,https://image.tmdb.org/t/p/w300/hbhFnRzzg6ZDmm8YAmxBnQpQIPh.jpg
60072,8909,https://image.tmdb.org/t/p/w300/njy7Pz7ZHZceO7lNfGIHKphY8Hd.jpg
60074,8960,https://image.tmdb.org/t/p/w300/7DyuV2G0hLEqHeueDfOqhZ2DVut.jpg
60126,11665,https://image.tmdb.org/t/p/w300/sZUjbtUS8qxXp4mj90evnqPJqX7.jpg
60128,13019,https://image.tmdb.org/t/p/w300/g5LhutkdYsKyDePtqrRw7c3OTce.jpg
60141,10748,https://image.tmdb.org/t/p/w300/aOVxLigLjkix69vq6iiu0XXPnai.jpg
60161,12889,https://image.tmdb.org/t/p/w300/2BW6JAW4wo7t5wD3WVfoijzosvt.jpg
60289,8359,https://image.tmdb.org/t/p/w300/niHi0hJSryO5DpSVNCMASc3EELc.jpg
60291,13003,https://image.tmdb.org/t/p/w300/a8cRVJTTofxF7TgCGEvC5Yr4GnC.jpg
60293,13990,https://image.tmdb.org/t/p/w300/gmtlqHZs8YBXcpMw4BgA3SGJfg8.jpg
60303,10842,https://image.tmdb.org/t/p/w300/8uEvy8cVVomN82atiLp5i7JIuI4.jpg
60333,12172,https://image.tmdb.org/t/p/w300/tAkl9GAUQoJaQQu2dtSQdQJ5yS9.jpg
60363,13009,https://image.tmdb.org/t/p/w300/iQcOzXCpewM9pbEwLoIrHLjpMvB.jpg
60365,13675,https://image.tmdb.org/t/p/w300/gw7ie4W3iW8nefnZ4kuw8dgYNM2.jpg
60389,14111,https://image.tmdb.org/t/p/w300/jHyRWich4t0CQtgHiN7nnrbcEVv.jpg
60397,11631,https://image.tmdb.org/t/p/w300/zdUA4FNHbXPadzVOJiU0Rgn6cHR.jpg
60408,8265,https://image.tmdb.org/t/p/w300/cnUkc60SkI1PCY1SyfLFpZc0T7C.jpg
60471,13022,https://image.tmdb.org/t/p/w300/abFDVe71e7UE5MpAqjZvUYT2U7M.jpg
60487,13353,https://image.tmdb.org/t/p/w300/59wp9OWexYsxlSPHYmVLsl5xlFt.jpg
60514,88751,https://image.tmdb.org/t/p/w300/kL55wY0s2H9JdwfjoWIp9plvYnl.jpg
60516,11260,https://image.tmdb.org/t/p/w300/3Qfav5aVRcZmq854olMjJ795JJ2.jpg
60522,13964,https://image.tmdb.org/t/p/w300/ln2ld7e5BwNqcBgUO7lqaBtAsuh.jpg
60538,14456,https://image.tmdb.org/t/p/w300/pU4lcKfjf0U8pM036FHyoVGLev7.jpg
60647,6687,https://image.tmdb.org/t/p/w300/dhTOda5CLp9tEdDzQZiqBTdv5lR.jpg
60674,12914,https://image.tmdb.org/t/p/w300/1rQUvblJHU8766FatqTtCMiRhph.jpg
60684,13183,https://image.tmdb.org/t/p/w300/aVURelN3pM56lFM7Dgfs5TixcIf.jpg
60735,12247,https://image.tmdb.org/t/p/w300/aeIlHt28Z8KmHcKEgl4oLHpwZ8M.jpg
60737,22100,https://image.tmdb.org/t/p/w300/wm2TaGTXpy30WNLuZaqagIMbf1K.jpg
60753,13012,https://image.tmdb.org/t/p/w300/1eYGh6DETJFXQt5PWjV8lp8YZvx.jpg
60756,12133,https://image.tmdb.org/t/p/w300/nvggBbEraUTAVR6ffP3AaBUWSHs.jpg
60760,8836,https://image.tmdb.org/t/p/w300/3zQMhutUMJP6lK49x7i2YfsOHL9.jpg
60766,14048,https://image.tmdb.org/t/p/w300/1mS4rhIgHZcHIvf1beP9Av0Ui33.jpg
60803,18846,https://image.tmdb.org/t/p/w300/oqnVoHW2aCOIFVHUCSxcm1XWeh9.jpg
60818,11910,https://image.tmdb.org/t/p/w300/t6HqXGne1LkRShTot23Hhlm3z5e.jpg
60832,12192,https://image.tmdb.org/t/p/w300/tK9DvIwAuX5AExgEZqLCnf7qy5k.jpg
60857,16725,https://image.tmdb.org/t/p/w300/9a99MNftmHNTLIYHfKXtGdAV6oF.jpg
60885,15865,https://image.tmdb.org/t/p/w300/tAnUU7OB6QdnmYEd0R9veXVCXBr.jpg
60894,14061,https://image.tmdb.org/t/p/w300/uo7ZDvipL2OZu6G44hDP0sjDZ9n.jpg
60904,43680,https://image.tmdb.org/t/p/w300/2kG3DWJ5OIaUZ0RtFEz6O9hEYDf.jpg
60937,1735,https://image.tmdb.org/t/p/w300/A3acM1lX5PNWQa6r5qeMAJOxbnT.jpg
60941,10185,https://image.tmdb.org/t/p/w300/x5YbfyUA8huK0shr008xwzNVJ5Y.jpg
60943,10183,https://image.tmdb.org/t/p/w300/qZRcN4JLwYQWTxKlycZPLQb37mO.jpg
60950,5038,https://image.tmdb.org/t/p/w300/ekAIg0GSbbHTH7y1GPgWj0brLTW.jpg
60979,13851,https://image.tmdb.org/t/p/w300/3i1o0sHBP0VUpuSVmkdCRKYoDBC.jpg
61011,13251,https://image.tmdb.org/t/p/w300/iPt75oLdldVWjeq6Omnn1Es4EuF.jpg
61024,10189,https://image.tmdb.org/t/p/w300/6E50WjeOYjDZg9HXgPjYdGtY2jG.jpg
61026,12289,https://image.tmdb.org/t/p/w300/eEelFTjUYJJDlwqd53VfSA8xMfj.jpg
61071,10188,https://image.tmdb.org/t/p/w300/bAdkVOD91jCHos4163qyVu1TFua.jpg
61073,13300,https://image.tmdb.org/t/p/w300/rZcKg8Zai9J4vFq1fAbbtGOOqix.jpg
61123,13649,https://image.tmdb.org/t/p/w300/kqImEYXsDIlzPpu0KxyTXIx7smW.jpg
61132,7446,https://image.tmdb.org/t/p/w300/zAurB9mNxfYRoVrVjAJJwGV3sPg.jpg
61160,12180,https://image.tmdb.org/t/p/w300/iJQfixW818LUdSXlCDL3JZm0S0g.jpg
61167,13107,https://image.tmdb.org/t/p/w300/jUDrRxSuA7ZSHsIVd1MnFRtwLOf.jpg
61210,13256,https://image.tmdb.org/t/p/w300/vHH9VnQZYdhWE9PMMKUpYrG1Z0Z.jpg
61236,8885,https://image.tmdb.org/t/p/w300/zQaCv7lKwHsh0YSHkt1QNjIOZ1c.jpg
61240,13310,https://image.tmdb.org/t/p/w300/7IG4WjaAOVDlLvLUkh513HSwhW8.jpg
61246,12621,https://image.tmdb.org/t/p/w300/ljdmxGNwhuWZBsCgANlZrruFkJj.jpg
61248,10483,https://image.tmdb.org/t/p/w300/5A79GeOb3uChQ0l0ZDjDyODKQp3.jpg
61250,12620,https://image.tmdb.org/t/p/w300/4oGGJ824vqIqDtyMvMuK44pDEmx.jpg
61255,10186,https://image.tmdb.org/t/p/w300/wzgFC7jOEMtf9D6CSdI7ckUMtwU.jpg
61257,15320,https://image.tmdb.org/t/p/w300/8M8TjVNxo9Y9cEizJjtIVI3YL3T.jpg
61262,13515,https://image.tmdb.org/t/p/w300/bt5a4ThyLpLTsia2e2ZTLzQjXO0.jpg
61289,13637,https://image.tmdb.org/t/p/w300/tnB7lpBknu510z9ATWbfpamPKZa.jpg
61319,14298,https://image.tmdb.org/t/p/w300/kr5B00hkWbdMTOe43coJZ1yVhI2.jpg
61323,4944,https://image.tmdb.org/t/p/w300/jdwSkQu3XirmX18MNj8CqFWsCk.jpg
61348,13805,https://image.tmdb.org/t/p/w300/3J8XKUfhJiNzwobUZVtizXYPe8b.jpg
61350,9381,https://image.tmdb.org/t/p/w300/bQqb3T0FIHOvgozzX9aygmWUbLZ.jpg
61352,13291,https://image.tmdb.org/t/p/w300/va4Uo7L2b4d96JTdRMclO9L2hY0.jpg
61394,14771,https://image.tmdb.org/t/p/w300/AikMOGbaKpCzHnupsdBzyacsKC2.jpg
61401,8285,https://image.tmdb.org/t/p/w300/rZovzd9Oz3fQChXdKo3aT7EUVkj.jpg
61465,13184,https://image.tmdb.org/t/p/w300/iTRftxHW8i4H7ONaOiCIwEXjNDJ.jpg
61628,38019,https://image.tmdb.org/t/p/w300/d7NsjHTppTK8KfFBJRk6J4Su6ct.jpg
61692,14458,https://image.tmdb.org/t/p/w300/dhUA9wCbuZAdl1Nhq4bkwyZKst5.jpg
61697,13389,https://image.tmdb.org/t/p/w300/wKL5pzUfGOqOFjf0VN47nXlZOAL.jpg
61705,13279,https://image.tmdb.org/t/p/w300/A1kqp2hALf8Gd03vDACnR0EtFWo.jpg
61729,12797,https://image.tmdb.org/t/p/w300/b8VS14DwpLlugTxVWSllYU0Gjn5.jpg
61818,16456,https://image.tmdb.org/t/p/w300/l6TfZVVzvrlGjxDlZK3CoHwaccc.jpg
61986,12690,https://image.tmdb.org/t/p/w300/kQB0uxR3RDS2tGTZtBuFow9SF1T.jpg
62008,37776,https://image.tmdb.org/t/p/w300/1WEfdfwVCtfA9Ov1IZudjqOl4gW.jpg
62081,13027,https://image.tmdb.org/t/p/w300/9KCOv0hL37IN3tWG3j86eZg3xDH.jpg
62113,13092,https://image.tmdb.org/t/p/w300/8Xd1mO861aK2OirTbxZrODNhihW.jpg
62155,12182,https://image.tmdb.org/t/p/w300/cndxWgZEHnSUtytrMjal97ye34E.jpg
62208,46492,https://image.tmdb.org/t/p/w300/mzdKn2Eo5rZCV3fzBjVdxAI0KM8.jpg
62250,8882,https://image.tmdb.org/t/p/w300/3XcCTqSovFZE5GRebJmh1kHwziw.jpg
62293,12783,https://image.tmdb.org/t/p/w300/77ckyYrWmR12kl3qToqmDySnuwv.jpg
62299,12683,https://image.tmdb.org/t/p/w300/dGKQoqyYnleFrz3DIBANG00QccO.jpg
62344,14976,https://image.tmdb.org/t/p/w300/bumaq3lqe4YSsq6LlYoge7e9ABk.jpg
62374,12113,https://image.tmdb.org/t/p/w300/sLjVDPPfNQfAma9XyOqHPClQb2V.jpg
62376,13600,https://image.tmdb.org/t/p/w300/xHYxFNsl8KuT4tHai8d1Y5gJI0F.jpg
62383,30266,https://image.tmdb.org/t/p/w300/edY5eDCC08OUKjS0k7zWUxYM9BB.jpg
62394,13051,https://image.tmdb.org/t/p/w300/3cWnCG5NyXJYARO2hmNqfbbgrMA.jpg
62434,10358,https://image.tmdb.org/t/p/w300/ipePhKf87FixwfAVJ8MMWK53caI.jpg
62437,10523,https://image.tmdb.org/t/p/w300/nJm8UF4zbUYEoku9seEtz1PTJGS.jpg
62439,13596,https://image.tmdb.org/t/p/w300/4Zn149rIsfIwBZZwIwuryRzVbon.jpg
62511,4960,https://image.tmdb.org/t/p/w300/5UwdhrjXhUgsiDhe1dpS9z4yj7q.jpg
62553,12837,https://image.tmdb.org/t/p/w300/m1LGEeoYfc6crbfG8WmTKg9SVqL.jpg
62586,13948,https://image.tmdb.org/t/p/w300/uEDdzt1ZTB1BRo95gMkBytl0NqM.jpg
62644,7735,https://image.tmdb.org/t/p/w300/vtJ4u0fpTZhibxAJHzXtcdCxhsL.jpg
62662,76406,https://image.tmdb.org/t/p/w300/uNH1TqJPFuoxW0YZmwBuiZqSBU1.jpg
62718,12689,https://image.tmdb.org/t/p/w300/3WLMr49X84qGiFn1pkCyhS5SEBZ.jpg
62792,13150,https://image.tmdb.org/t/p/w300/8VZ1ABbtXqwPcc06yXbf3gj3anG.jpg
62799,14325,https://image.tmdb.org/t/p/w300/l4bOPaxwx1WebQXTeqXzXwf9n3M.jpg
62834,16068,https://image.tmdb.org/t/p/w300/bIhOn8xKsOQGjiNCQ8sKoQyYmNa.jpg
62836,15289,https://image.tmdb.org/t/p/w300/vJfaGrtbugADGYdlmtI6xfWxfpB.jpg
62849,13809,https://image.tmdb.org/t/p/w300/6mLXG2f7LBRpbZZgxsOFO5scgzd.jpg
62956,13253,https://image.tmdb.org/t/p/w300/bx8OVOBn5WP9TJJuOpRzyMCdzzb.jpg
62999,10527,https://image.tmdb.org/t/p/w300/agRbLOHgN46TQO4YdKR462iR7To.jpg
63033,8338,https://image.tmdb.org/t/p/w300/deBsx5IxyqCC217j3VY24TkkE0Z.jpg
63062,3580,https://image.tmdb.org/t/p/w300/829VqESzooUXRVgrfM7PtNBGySf.jpg
63072,20766,https://image.tmdb.org/t/p/w300/qLaXnLzqleBWQtjvZ6JGVSaKoC3.jpg
63082,12405,https://image.tmdb.org/t/p/w300/5leCCi7ZF0CawAfM5Qo2ECKPprc.jpg
63113,10764,https://image.tmdb.org/t/p/w300/e3DXXLJHGqMx9yYpXsql1XNljmM.jpg
63131,15373,https://image.tmdb.org/t/p/w300/ki79dSjh6Rr51xrsz4dT04UGxSU.jpg
63179,8938,https://image.tmdb.org/t/p/w300/6xbq2EBAOwy0V7bzd1um3sJX1jd.jpg
63222,13672,https://image.tmdb.org/t/p/w300/8fdLq1X9n770THGtGDx2e74ETvE.jpg
63239,42884,https://image.tmdb.org/t/p/w300/54awQrtekrsI11bKg2NwQrBHLIe.jpg
63276,14943,https://image.tmdb.org/t/p/w300/so1E9wUAXJi9hqGRNPgoVQd7HaX.jpg
63312,4627,https://image.tmdb.org/t/p/w300/zDg4zqjdtSJOFbcqZMGlCD4Jv2M.jpg
63393,13655,https://image.tmdb.org/t/p/w300/7IXMqZnwccogptThay3togKIFWw.jpg
63436,11917,https://image.tmdb.org/t/p/w300/rKl79KqLXg60KFyKsLe4wSSjQ08.jpg
63479,13523,https://image.tmdb.org/t/p/w300/aO4swvDjqW635lesjYbytrEhBsn.jpg
63515,22358,https://image.tmdb.org/t/p/w300/wSDxhbDj95lsE25myWgJuWYCyzI.jpg
63540,14405,https://image.tmdb.org/t/p/w300/2aRvqtLoE06hTjG93lASvO7r1as.jpg
63768,88435,https://image.tmdb.org/t/p/w300/yhJ6fISn8H7NVxEBANb8RKdWhd2.jpg
63808,8841,https://image.tmdb.org/t/p/w300/8yFgK1YgfrnbsRXTg4Hko98nIUt.jpg
63826,13220,https://image.tmdb.org/t/p/w300/tFNReQlU92jmN7uuR1HHLiFkEua.jpg
63853,6972,https://image.tmdb.org/t/p/w300/tFQpccGMTWe24eWxK5U9rb7tK3M.jpg
63859,13053,https://image.tmdb.org/t/p/w300/v5aC4nrzXFGJDWY4JO1eengXzqk.jpg
63876,10139,https://image.tmdb.org/t/p/w300/ot4ImF4b7QbS6XsTdMH3pWxNmX2.jpg
63992,8966,https://image.tmdb.org/t/p/w300/3Gkb6jm6962ADUPaCBqzz9CTbn9.jpg
64010,16342,https://image.tmdb.org/t/p/w300/vTyc2ahe0qq7BVBlPD3L4zAl7WU.jpg
64030,13387,https://image.tmdb.org/t/p/w300/o4w9VF3GRZuXe9NHHvZ07pJespl.jpg
64032,12193,https://image.tmdb.org/t/p/w300/zixj44TC7rwzpxtJAG5OzFJnEqe.jpg
64034,14574,https://image.tmdb.org/t/p/w300/2C8QCXdMlojTxZjfBlINr4FWcb6.jpg
64114,14438,https://image.tmdb.org/t/p/w300/hfoCG75j1YaNyfZGPg0rWy3nFmU.jpg
64116,14248,https://image.tmdb.org/t/p/w300/mI4SPs0bZQm7bGVZKToC8KUsTd.jpg
64197,10360,https://image.tmdb.org/t/p/w300/84HdTM39G2MzyTl8N9R0wVU9I5b.jpg
64231,13056,https://image.tmdb.org/t/p/w300/oOvKJgYUIpfswGHAdW6159bPbvM.jpg
64249,13394,https://image.tmdb.org/t/p/w300/zeqUbXA0JPSlyAHdRTgxoYgK24n.jpg
64278,34283,https://image.tmdb.org/t/p/w300/9AAxgfwAnpBmQCspuwlMITekcsW.jpg
64285,14447,https://image.tmdb.org/t/p/w300/aCRoffkRpWRlArR7dAkxabaimLr.jpg
64497,10200,https://image.tmdb.org/t/p/w300/vBgFSYmG5tb7GsZ3tHR0WNaWaxA.jpg
64499,8881,https://image.tmdb.org/t/p/w300/ndxoK8RZF1nfHvZzQ3f2sNlkkzg.jpg
64501,8880,https://image.tmdb.org/t/p/w300/fKQwwWXYQNkrZa59VbnfVy2kfoF.jpg
64575,14359,https://image.tmdb.org/t/p/w300/9lypT2ghNuUPYVJf66oe4fKvUqI.jpg
64614,13223,https://image.tmdb.org/t/p/w300/zUybYvxWdAJy5hhYovsXtHSWI1l.jpg
64620,11499,https://image.tmdb.org/t/p/w300/nLrRrHZQ40tWqLTY3kxgS4x7GUw.jpg
64622,8055,https://image.tmdb.org/t/p/w300/r0WURbmnhgKeBpHcpDULBgRedQM.jpg
64695,13980,https://image.tmdb.org/t/p/w300/lMsUYZq5ITW3rAqF3tB7v74KEnH.jpg
64716,11321,https://image.tmdb.org/t/p/w300/85zUipgVy2QbvAJ6djZXYaGckMv.jpg
64839,12163,https://image.tmdb.org/t/p/w300/6OTR8dSoNGjWohJNo3UhIGd3Tj.jpg
64957,4922,https://image.tmdb.org/t/p/w300/26wEWZYt6yJkwRVkjcbwJEFh9IS.jpg
64969,10201,https://image.tmdb.org/t/p/w300/8Vk2nQF1kY34x53YnWd5zDaTht.jpg
64983,2253,https://image.tmdb.org/t/p/w300/8eoRtXswC8IQDsqW7iJWO56NhAv.jpg
64993,38142,https://image.tmdb.org/t/p/w300/dFipUR6W0y3PPkuVS8gjFd929m2.jpg
64997,34812,https://image.tmdb.org/t/p/w300/tPhCFmtnHUwKtzVY7SglwioOnGW.jpg
65037,6936,https://image.tmdb.org/t/p/w300/azxAJ9DlfhpvlKd6jSP3cLqOM99.jpg
65088,10202,https://image.tmdb.org/t/p/w300/2PljsqbhxrFUzfTnaVhsseHhXN0.jpg
65126,13973,https://image.tmdb.org/t/p/w300/7osy71os3YLiFpNYn567koOnAKZ.jpg
65130,4148,https://image.tmdb.org/t/p/w300/cvkD3yiVXLg3as8EAG3LaTycONQ.jpg
65133,194113,https://image.tmdb.org/t/p/w300/8iqIMjXdmmovOGcBgHygKWOK1UY.jpg
65188,15584,https://image.tmdb.org/t/p/w300/yYVHGe7U55Ojx11y5A82phPpCHv.jpg
65193,13971,https://image.tmdb.org/t/p/w300/xwbFEPubG4wroLDZdmTWRGNnnWf.jpg
65216,13813,https://image.tmdb.org/t/p/w300/kEF847cC9yAkgoeEZPQwnF08p6p.jpg
65225,13180,https://image.tmdb.org/t/p/w300/5zlBxoyWRyzPOHO7QmmAC1WG9bK.jpg
65230,14306,https://image.tmdb.org/t/p/w300/pnB6hjTKylb0Ve2nUWt16gzkErr.jpg
65261,12429,https://image.tmdb.org/t/p/w300/yp8vEZflGynlEylxEesbYasc06i.jpg
65350,113916,https://image.tmdb.org/t/p/w300/mpt6AyISPBYesV8lFxED7PoHxZD.jpg
65514,14756,https://image.tmdb.org/t/p/w300/zyQQ7wFuCvH6MzJcUKy6N6ouMYs.jpg
65577,10199,https://image.tmdb.org/t/p/w300/6bBzgQ1uJabDHeGR9QvKrHvHYzG.jpg
65585,10521,https://image.tmdb.org/t/p/w300/eyXT8tmUoyHrg7YX1UVjmecHCWP.jpg
65588,26235,https://image.tmdb.org/t/p/w300/qu4obP0b8D9UrTkqj3NHOdcSinq.jpg
65596,13635,https://image.tmdb.org/t/p/w300/zCyuiyIhbhgEOZde81qTgXbO0pw.jpg
65601,14435,https://image.tmdb.org/t/p/w300/9biIVOMTdvv4aj4a5HClmrK5EHB.jpg
65631,13177,https://image.tmdb.org/t/p/w300/jO8tKM4mCMXpLVd5GnmlfJByghF.jpg
65642,14139,https://image.tmdb.org/t/p/w300/zdxQRP7mzczMJBwKnv8MCPRq7rQ.jpg
65651,16999,https://image.tmdb.org/t/p/w300/rIctEnkOra3vjZP1I31fepIgUjF.jpg
65682,12437,https://image.tmdb.org/t/p/w300/yW9gF7rGn8EoV8B8rxOx1xjxVZf.jpg
65685,2309,https://image.tmdb.org/t/p/w300/eXFK5aBDzUPSynAhSKMJy7xLxqE.jpg
65738,18543,https://image.tmdb.org/t/p/w300/ql88TgCS7cA6gxts2LOKIqeQ1Ug.jpg
65740,21029,https://image.tmdb.org/t/p/w300/9JLkd95T4E7lNWsrQt8a3YZYgPi.jpg
65802,14560,https://image.tmdb.org/t/p/w300/A4zZv0Q1VKURFZFEl2vwjaE2q0g.jpg
65810,14410,https://image.tmdb.org/t/p/w300/62NsZPgueSiE8y7dqtU3FSLFwYw.jpg
65882,14254,https://image.tmdb.org/t/p/w300/1xQlzKUDLuCe3SUGIGL6K1PtldH.jpg
65982,10529,https://image.tmdb.org/t/p/w300/nCZzrFonDkWfYkfxzsPByBY4Lvk.jpg
66090,13510,https://image.tmdb.org/t/p/w300/tOg6ElTe1mJwaCFN0172U4oso22.jpg
66097,14836,https://image.tmdb.org/t/p/w300/4jeFXQYytChdZYE9JYO7Un87IlW.jpg
66171,13455,https://image.tmdb.org/t/p/w300/fHStfRjQGstuqtUz4Q22lbFU58M.jpg
66198,4959,https://image.tmdb.org/t/p/w300/28TUZRU5QGoUIrhUz7xkQH3KhNB.jpg
66203,10184,https://image.tmdb.org/t/p/w300/jip2ap24Y6JxEgzVRyNqyYssnyR.jpg
66240,14849,https://image.tmdb.org/t/p/w300/ekzGiwleJbx0ei1R3s0ylowFKT9.jpg
66297,15060,https://image.tmdb.org/t/p/w300/oL6SymcxQE6TN9KrrbdyhlulnEG.jpg
66310,13492,https://image.tmdb.org/t/p/w300/6GISAjE0XiSucmzXIhb1tdnV2yC.jpg
66320,4832,https://image.tmdb.org/t/p/w300/9ZQyqJhoqSXYhu27oRDqz3Tzl10.jpg
66335,14711,https://image.tmdb.org/t/p/w300/6snrLj3Ydmbu5L9giAYtiSNwE0U.jpg
66371,16804,https://image.tmdb.org/t/p/w300/mms4nMZuPYOyEengRxCaEk7SXMd.jpg
66427,1961,https://image.tmdb.org/t/p/w300/et2f1JBW533ZzYiCEA2T7nwzcs1.jpg
66509,20829,https://image.tmdb.org/t/p/w300/gEYKD5cWCBGg8Za3hhwDBk3gEsP.jpg
66511,30508,https://image.tmdb.org/t/p/w300/oxEZwuBATJbAdS2JVrALQDnP0Cu.jpg
66665,19255,https://image.tmdb.org/t/p/w300/zWxjopWXpnC1vSbnO7mw2URna22.jpg
66744,8832,https://image.tmdb.org/t/p/w300/vhvn9FYhDn8hVjFibiQuFVtDzgx.jpg
66783,13207,https://image.tmdb.org/t/p/w300/88wlJ4teYlck4hJ2bnlxBrAVh0m.jpg
66785,15067,https://image.tmdb.org/t/p/w300/lbPZ0aNoF0cHisg6DubFO2eS8so.jpg
66798,15159,https://image.tmdb.org/t/p/w300/qWhI9kn5OtxWB208Z88xAyhOJ68.jpg
66915,20421,https://image.tmdb.org/t/p/w300/q5xSS8MNmrwR3em6VB6OC3992d6.jpg
66934,14301,
66943,13849,https://image.tmdb.org/t/p/w300/fFmU7cQAWVAeBpSfDRRauKgtKDD.jpg
67087,16538,https://image.tmdb.org/t/p/w300/xr4zAYsvgTzvMMiWu6qCAP9WBer.jpg
67168,13094,https://image.tmdb.org/t/p/w300/oUyLXz372Wd0r4xURDsYqX2m98w.jpg
67186,18781,https://image.tmdb.org/t/p/w300/dTfL0YbTa7S59vZYmWbk6UofHkI.jpg
67193,16558,https://image.tmdb.org/t/p/w300/vpWQs3CjwG6Er3DgZlv4L3NFjXg.jpg
67197,13811,https://image.tmdb.org/t/p/w300/OG0mxQt4YaNIWiz8EKJSHe9lPh.jpg
67255,15472,https://image.tmdb.org/t/p/w300/6w0TKhfR0Rzby5SXxgfuI99Jrva.jpg
67267,13090,https://image.tmdb.org/t/p/w300/xwtJyfme086wcz9MXpP0i5Hrgxy.jpg
67295,15854,https://image.tmdb.org/t/p/w300/3HENPRM1tGRswyjgiIbP9b4sult.jpg
67361,16325,https://image.tmdb.org/t/p/w300/eQgT8kdjWJots3dX5Xy11le2vHk.jpg
67408,15512,https://image.tmdb.org/t/p/w300/hpHarddVj34j53T7NsoUGdKj4mP.jpg
67508,6968,https://image.tmdb.org/t/p/w300/36Y0UT6bXnkHBGmmVFWGEnEh8nI.jpg
67534,13161,https://image.tmdb.org/t/p/w300/zS1uUwKEFcd8ak0NTXxw97DlbAa.jpg
67618,13808,https://image.tmdb.org/t/p/w300/niIJVD4CPvGg05AWNbLFoAcQSp4.jpg
67665,18094,https://image.tmdb.org/t/p/w300/rDrMuFaWBKwjwEnw4C06Sm97huY.jpg
67695,16991,https://image.tmdb.org/t/p/w300/zHuouWUKlRK0SeIjzTlmtoPLrFA.jpg
67734,16614,https://image.tmdb.org/t/p/w300/eeSJNAR1aWcgANq26KWIHm3cbyB.jpg
67788,20048,https://image.tmdb.org/t/p/w300/r17R9OIC0pKDqqsNore6atYLCVZ.jpg
67799,16258,https://image.tmdb.org/t/p/w300/7utgDyfae053YExAuUKcwkzUKMs.jpg
67888,55773,https://image.tmdb.org/t/p/w300/aWpVoEuVxW6DvbRW03AAULAvB2e.jpg
67923,13804,https://image.tmdb.org/t/p/w300/lUtVoRukW7WNtUySwd8hWlByBds.jpg
67997,19833,https://image.tmdb.org/t/p/w300/jL6txnziFSeEifQkqnPBtaPaiXU.jpg
68073,18947,https://image.tmdb.org/t/p/w300/l7CBRLAXUnHi0kp2krhLtlJvtWI.jpg
68135,16996,https://image.tmdb.org/t/p/w300/yEcfFXEWpuXcfsR9nKESVCFneqV.jpg
68157,16869,https://image.tmdb.org/t/p/w300/3Gb6G2amMuKZmmCpRqM4N67s8eE.jpg
68159,16995,https://image.tmdb.org/t/p/w300/mWsfeSFUM3NxWa62UrA9IIn240B.jpg
68194,21641,https://image.tmdb.org/t/p/w300/ftlbCma6QoRiZgiflVmLuPKHrkq.jpg
68205,15092,https://image.tmdb.org/t/p/w300/tzTC4EEvF0OPL63frEiogxL2T8M.jpg
68237,17431,https://image.tmdb.org/t/p/w300/35IU0Mq0zFsN1mYwDGts5mKc77n.jpg
68269,18320,https://image.tmdb.org/t/p/w300/iGyuReyij3bPCtzJdSjTR8PR0pa.jpg
68319,2080,https://image.tmdb.org/t/p/w300/yj8LbTju1p7CUJg7US2unSBk33s.jpg
68347,21191,https://image.tmdb.org/t/p/w300/dubZwiGWp6TwYNGYtyGEUC7XAin.jpg
68358,13475,https://image.tmdb.org/t/p/w300/9vaRPXj44Q2meHgt3VVfQufiHOJ.jpg
68444,16279,https://image.tmdb.org/t/p/w300/iglKvmA7sq6Pnd6KWFnT6WW9Vpn.jpg
68480,11160,https://image.tmdb.org/t/p/w300/oZjyq2RLgZ0ksDXDBudAqvOOwKl.jpg
68486,15384,https://image.tmdb.org/t/p/w300/4sZc0Fx5ECBDwDswKA0zsmh7o1n.jpg
68522,10946,https://image.tmdb.org/t/p/w300/xybnXW6E28W9agiwUeGLbTYS454.jpg
68536,30416,https://image.tmdb.org/t/p/w300/yGrzFNyc9ztyAJejneh9734Y9Uj.jpg
68552,15577,https://image.tmdb.org/t/p/w300/6A4WdvbWHJoIN4Y9Q5HXG8R1VYV.jpg
68554,13448,https://image.tmdb.org/t/p/w300/tFZQAuulEOtFTp0gHbVdEXwGrYe.jpg
68597,42738,https://image.tmdb.org/t/p/w300/zqz1tkIEXP0gfm1ePRUDtVi6bu2.jpg
68600,14141,https://image.tmdb.org/t/p/w300/s8LMr71B3ByCm2E1U33d9uynudY.jpg
68650,17740,https://image.tmdb.org/t/p/w300/o1wQcqOoQQF7tt1HijnmQRLjTo4.jpg
68659,13532,https://image.tmdb.org/t/p/w300/fitksX4J3xfBjT38YgDUXOlBkHk.jpg
68791,534,https://image.tmdb.org/t/p/w300/gw6JhlekZgtKUFlDTezq3j5JEPK.jpg
68793,18360,https://image.tmdb.org/t/p/w300/l9yAQn6TyrA3gv5xZZkiMMoZsiw.jpg
68835,19375,https://image.tmdb.org/t/p/w300/g59ynRRLSyBNpLul3pqd9o7WHWm.jpg
68848,21755,https://image.tmdb.org/t/p/w300/xIz8iwzyjgWGzcIwHKpqhBs77ML.jpg
68872,8429,https://image.tmdb.org/t/p/w300/r5IGAFASCXmp8m51vUbER3WwVcB.jpg
68886,19955,https://image.tmdb.org/t/p/w300/jfeJwdtZpsAR6ap9kSrBg7c3bSL.jpg
68932,17332,https://image.tmdb.org/t/p/w300/6GnFN9OTkaoeKNzd2Fbp3ZyJjKi.jpg
68945,21832,https://image.tmdb.org/t/p/w300/lXBjqzo6c4NyLuJtqOiH39kswji.jpg
68952,16871,https://image.tmdb.org/t/p/w300/fdyejM5Zd6dsa0YyWa02ZAKwQzK.jpg
68954,14160,https://image.tmdb.org/t/p/w300/mFvoEwSfLqbcWwFsDjQebn9bzFe.jpg
68959,14003,https://image.tmdb.org/t/p/w300/kdovrjrKighUFEh9ZRQul0Evx6L.jpg
69069,17927,https://image.tmdb.org/t/p/w300/1Nty5K8ybeigm6qm9cMFFAD4KpF.jpg
69118,13975,https://image.tmdb.org/t/p/w300/gsyUJovik2t5vzPyXL5tq5VWLym.jpg
69122,18785,https://image.tmdb.org/t/p/w300/A0uS9rHR56FeBtpjVki16M5xxSW.jpg
69131,16164,https://image.tmdb.org/t/p/w300/ckUhio8KhGDcvFV7g34kYjVLEEW.jpg
69134,17609,https://image.tmdb.org/t/p/w300/ge7zbYvpfsDP3luKi0iSpzOgncM.jpg
69140,37924,https://image.tmdb.org/t/p/w300/40ntPvTqjqEJlME1AtBEzwVUPHC.jpg
69211,27134,https://image.tmdb.org/t/p/w300/kMWuWQeysCuO4L9Ry235VsXAZZ.jpg
69224,64968,https://image.tmdb.org/t/p/w300/6avoR3mDjg2UN5BGVrkpe5M94RF.jpg
69227,34300,https://image.tmdb.org/t/p/w300/lv9xbTZSafdFAXLpcbfJ779nnOG.jpg
69251,13856,https://image.tmdb.org/t/p/w300/5oGxZ9Itu8buWnB15p6sri3zh9n.jpg
69275,14451,https://image.tmdb.org/t/p/w300/sfwVo5cZJtO8VyDWTILDt4f69IT.jpg
69278,18162,https://image.tmdb.org/t/p/w300/hVCJzmK9l5FD01LFYAB1zcmmw7s.jpg
69304,19724,https://image.tmdb.org/t/p/w300/lyCTP5C3raH46hJNS9WfBSnWHsG.jpg
69306,18487,https://image.tmdb.org/t/p/w300/rEnyQiBu6goqJfvQXpUZQjpoHVp.jpg
69394,33409,https://image.tmdb.org/t/p/w300/m4CfYBh1ZnYqZbt7ziYjHf53P4.jpg
69406,18240,https://image.tmdb.org/t/p/w300/6stnAm1wSek8ZrislwK4xGTyCnt.jpg
69436,17610,https://image.tmdb.org/t/p/w300/qF573jdJYwtCbXVXPDn4xu8nW2a.jpg
69453,27085,https://image.tmdb.org/t/p/w300/2Jtm4aP4kj4vHimFfnLqjnm8LqF.jpg
69469,19508,https://image.tmdb.org/t/p/w300/ylbBsF1WKI0RrxfX89QFqrBPYKu.jpg
69481,12162,https://image.tmdb.org/t/p/w300/io2dfBJhasvGbgkCX9cCGVOiA99.jpg
69495,16240,https://image.tmdb.org/t/p/w300/4Awq2OLMA56LNvs7wMhOdkpyqiy.jpg
69516,8284,https://image.tmdb.org/t/p/w300/5e4hjFt3V8LTUXPxvZ2plPpgGLk.jpg
69526,8373,https://image.tmdb.org/t/p/w300/pLBb0whOzVDtJvyD4DPeQyQNOqp.jpg
69529,62320,https://image.tmdb.org/t/p/w300/2Ph0vzTiORSSlYjsXLFM1OZHkI8.jpg
69604,19265,https://image.tmdb.org/t/p/w300/upIYOZbiutCBnvejGYaZlJxxKcs.jpg
69606,12556,https://image.tmdb.org/t/p/w300/azzg0lv5vpQRoOrZfNVkJn04f1M.jpg
69640,11322,https://image.tmdb.org/t/p/w300/3KgtekisQBrHRsm2cD5UOB6Ce3k.jpg
69644,8355,https://image.tmdb.org/t/p/w300/cXOLaxcNjNAYmEx1trZxOTKhK3Q.jpg
69654,176241,https://image.tmdb.org/t/p/w300/h1QRyGuWVXM4Cr3FyPISSjMCBkA.jpg
69685,24232,https://image.tmdb.org/t/p/w300/suy8pzVzf3n8Tj2cUdtJOCTAvIY.jpg
69712,10024,https://image.tmdb.org/t/p/w300/atRGqnG7pe0hZP97RWDLrT2hRGZ.jpg
69720,15423,https://image.tmdb.org/t/p/w300/98abrZgWTnGP0noaY2Cli7SNhVb.jpg
69746,16440,https://image.tmdb.org/t/p/w300/vpZNACLrZC7EeZc0iCpnCsewZEO.jpg
69757,19913,https://image.tmdb.org/t/p/w300/qXAuQ9hF30sQRsXf40OfRVl0MJZ.jpg
69784,18480,https://image.tmdb.org/t/p/w300/wcUc7TYtsb72dHVb51sYaGIvQsr.jpg
69805,14728,https://image.tmdb.org/t/p/w300/qzpTcjPdhmKmEYx9oJO8y4ZZLU6.jpg
69844,767,https://image.tmdb.org/t/p/w300/z7uo9zmQdQwU5ZJHFpv2Upl30i1.jpg
69860,14687,https://image.tmdb.org/t/p/w300/zoxl3RaZiCBmZIk3fmmw61rOV69.jpg
69904,9592,https://image.tmdb.org/t/p/w300/6bbQxUlPTBGYSWHMshG6K2MxtSl.jpg
69951,8054,https://image.tmdb.org/t/p/w300/DtrqQHa0wT9AWrk2WA9beROJJx.jpg
69953,19929,https://image.tmdb.org/t/p/w300/vCcXRri6Rrb2nZ0eDXPU3JKrpaS.jpg
69988,23720,https://image.tmdb.org/t/p/w300/y0Fkgopbb3OfslHYkAEiaDONmGl.jpg
70015,22302,https://image.tmdb.org/t/p/w300/bmIhSm9GN1BR0srtjLCEGsAxQqF.jpg
70159,21208,https://image.tmdb.org/t/p/w300/lCGpOgoTOGLtZnBiGY9HRg5Xnjd.jpg
70183,20943,https://image.tmdb.org/t/p/w300/2rq96Ihbqb1eU3TEBVtgFlqbeX7.jpg
70206,21407,https://image.tmdb.org/t/p/w300/e33HSokiAxhj8ptpAr2xAU4jnd8.jpg
70208,12403,https://image.tmdb.org/t/p/w300/ncuGG0hIlA03dQBJmdoT2LWgodG.jpg
70286,17654,https://image.tmdb.org/t/p/w300/tuGlQkqLxnodDSk6mp5c2wvxUEd.jpg
70293,24803,https://image.tmdb.org/t/p/w300/1QZNWOOwfRi86ZApGvr2TtJZPBK.jpg
70301,17335,https://image.tmdb.org/t/p/w300/x98L6eO7MsvNmXFy8TNza9UdsFI.jpg
70305,13836,https://image.tmdb.org/t/p/w300/5RBZsOKMMxnp8L6UmOiylKOw4yo.jpg
70334,18126,https://image.tmdb.org/t/p/w300/nZUKhfpUCFfTy24LGBHdDlK5RLx.jpg
70336,14869,https://image.tmdb.org/t/p/w300/mc9b25IAprHfsaOz0wTshOwGHcY.jpg
70361,17134,https://image.tmdb.org/t/p/w300/7k7qhrO57sVoBLrNo5HYoTp24sT.jpg
70451,13752,https://image.tmdb.org/t/p/w300/v9Z7CUGW1Q5L8GdGH3rY5SkU72L.jpg
70492,40743,https://image.tmdb.org/t/p/w300/sD0v5nxEoiRG3hwyL9OulUjNcBQ.jpg
70533,15137,https://image.tmdb.org/t/p/w300/pETU4GurpeEjBOM8oytMH0yNBHx.jpg
70545,11115,https://image.tmdb.org/t/p/w300/zm1FN17vlQb3h5RdQfjPzNvDLWe.jpg
70565,19905,https://image.tmdb.org/t/p/w300/1nEd4aLuRlAPFqUdcCYekAAjWsn.jpg
70599,24420,https://image.tmdb.org/t/p/w300/J3ewuzQwhFro0pDpdcbZ4j7MYy.jpg
70637,31216,https://image.tmdb.org/t/p/w300/ePbH29RdMlz8mDEQyUkxRVcsB73.jpg
70641,19556,https://image.tmdb.org/t/p/w300/rJovsKIjVsSMuwURASoTZJB6jvI.jpg
70663,19840,https://image.tmdb.org/t/p/w300/mUi6nEbo04DR1YwflbZX1RR7UwS.jpg
70687,25183,https://image.tmdb.org/t/p/w300/rfOYFZ15ZhxKBXgazh2JHaZnoDc.jpg
70697,19585,https://image.tmdb.org/t/p/w300/9Tly3ZXTTsQKM26fis8v9LR4GxG.jpg
70703,41682,https://image.tmdb.org/t/p/w300/2VUr81cOU0jsZtzBs2EoVHcDJDW.jpg
70708,11928,https://image.tmdb.org/t/p/w300/t2FKTAf9aQoRgU0Z5KTJJwBfDCF.jpg
70728,18533,https://image.tmdb.org/t/p/w300/6diyyGIbBNiANsdIaCGtyv4IofR.jpg
70862,22492,https://image.tmdb.org/t/p/w300/86gtHYU7vRnTBcnOu0YxdZuDGhM.jpg
70932,23049,https://image.tmdb.org/t/p/w300/f695mVyU0LyBb99rx7zkrtFcpxR.jpg
70946,26914,https://image.tmdb.org/t/p/w300/eFth6zw4PEInzr2Y64mYVN1zbBi.jpg
70984,26320,https://image.tmdb.org/t/p/w300/wIdyAJCvIj3QUoNmmDdnhXpCMpp.jpg
70990,35203,https://image.tmdb.org/t/p/w300/5foda9jN8pAM9zvKP5iFdITepWj.jpg
70994,24150,https://image.tmdb.org/t/p/w300/vSHPM4LQDpWdQrD5KZWK6wNqSOD.jpg
71033,25376,https://image.tmdb.org/t/p/w300/r3FctmAMk2tbrwxuWdpeLrZLwIz.jpg
71057,12244,https://image.tmdb.org/t/p/w300/3uqXGOH4BQ2CLJWkDJZ0PzbUzOn.jpg
71106,22494,https://image.tmdb.org/t/p/w300/r67KzlHkdiwe3fBWzImEkNOg1Y.jpg
71108,37903,https://image.tmdb.org/t/p/w300/54dlnGDexrwAFlDb8HWKfmmX4LB.jpg
71129,17445,https://image.tmdb.org/t/p/w300/ii48ohKJrDPyrGGOBVJ8XSxr5Xk.jpg
71131,63581,https://image.tmdb.org/t/p/w300/yniNmsxw0xcgpNZW2EmfsrgzGuU.jpg
71135,19898,https://image.tmdb.org/t/p/w300/mNMfa6r3pl0EzFIKEkVcxyr6Rc7.jpg
71147,72083,https://image.tmdb.org/t/p/w300/trjTovQqGyImjieaQPBEtf5jHLF.jpg
71156,10313,https://image.tmdb.org/t/p/w300/5boJKypPQmgABssbKOk2RvsCnSv.jpg
71205,19994,https://image.tmdb.org/t/p/w300/wrkjsGcFJxcQqR56kJUYAEKKg2T.jpg
71211,11323,https://image.tmdb.org/t/p/w300/eV8u5crNe4QYWcu0zjKxFVq2Qem.jpg
71248,12569,https://image.tmdb.org/t/p/w300/cjen0vxjybwItQPH3NNCJuME2MY.jpg
71252,19912,https://image.tmdb.org/t/p/w300/5vxXrr1MqGsT4NNeRITpfDnl4Rq.jpg
71254,18501,https://image.tmdb.org/t/p/w300/d5BTNmr87p7EvguTFW72vlL9l9H.jpg
71264,22794,https://image.tmdb.org/t/p/w300/qhOhIKf7QEyQ5dMrRUqs5eTX1Oq.jpg
71268,26367,https://image.tmdb.org/t/p/w300/kl8RNyG7jokw2pTLJNwkPhsBAL9.jpg
71282,18570,https://image.tmdb.org/t/p/w300/zdwN4o7OGAZGJw9T64lRAGTEP8b.jpg
71302,18724,https://image.tmdb.org/t/p/w300/y661j8lD78zuV2sDGF5uc6nU7KF.jpg
71304,22536,https://image.tmdb.org/t/p/w300/sBnFQwOcmL3dAIYfiQ9nLvLSW7B.jpg
71327,29963,https://image.tmdb.org/t/p/w300/fHea3yuHjpxSQc9X8LDSMobunz4.jpg
71341,30685,https://image.tmdb.org/t/p/w300/3qlC48rdEac3w5STSLayC5X8rhP.jpg
71379,23827,https://image.tmdb.org/t/p/w300/tmclkEpjeo4Zu564gf3KrwIOuKw.jpg
71429,20178,https://image.tmdb.org/t/p/w300/1ESsZLvZPIvbCPCh7CPCSnF4EeH.jpg
71438,25050,https://image.tmdb.org/t/p/w300/FWJbhAPdwiwKhUaAyz841jpYa1.jpg
71453,91262,https://image.tmdb.org/t/p/w300/wXubND1NNqnhOK7needlwW3kXqz.jpg
71462,23128,https://image.tmdb.org/t/p/w300/miodcVtQv2YxpKjjHJWcV0EDfSP.jpg
71464,12573,https://image.tmdb.org/t/p/w300/5gGxDS8WmrebPlMHexVS8EVehiP.jpg
71466,28053,https://image.tmdb.org/t/p/w300/t7LJY2LCcGRLP9E4QbwBkLpZ2W7.jpg
71468,24869,https://image.tmdb.org/t/p/w300/9vYyX7c8gZtxuqd6SiRukRb4gRd.jpg
71484,36800,https://image.tmdb.org/t/p/w300/oo9IJvDKUrhYS7zDimuoSJUPG79.jpg
71494,23127,https://image.tmdb.org/t/p/w300/obOr6ir0UlLGqln6HVMa2My9ENs.jpg
71500,23202,https://image.tmdb.org/t/p/w300/w0nmol4g7n6MFfhfphV7GzHHYjB.jpg
71518,22798,https://image.tmdb.org/t/p/w300/iRUviw0Dxs0FZI1IcSDYFX02i8s.jpg
71520,23082,https://image.tmdb.org/t/p/w300/clP8tDZeM9jgnqmu4VBClBDpLtS.jpg
71530,19959,https://image.tmdb.org/t/p/w300/v3Z0Hbl0oe57njrrIPh0fJPFoo.jpg
71535,19908,https://image.tmdb.org/t/p/w300/dUkAmAyPVqubSBNRjRqCgHggZcK.jpg
71550,18176,https://image.tmdb.org/t/p/w300/vHpyczADOGI0OXLliT4k4A1stFd.jpg
71579,24684,https://image.tmdb.org/t/p/w300/gLIvvUdlocGjm8XVLxhWHAKWrRq.jpg
71619,11156,https://image.tmdb.org/t/p/w300/nNpP1P2EufA6TN7fQOBeHUIVmeH.jpg
71640,26763,https://image.tmdb.org/t/p/w300/cAld4WLIUOP2rxt79UlDqhS9HlM.jpg
71668,19899,https://image.tmdb.org/t/p/w300/igXVSRZsNX3TZsKrQqSyEJvzHRF.jpg
71732,21910,https://image.tmdb.org/t/p/w300/1KjIGzUho6NCE7dDJP1QyRnMRRK.jpg
71745,16523,https://image.tmdb.org/t/p/w300/sDFV9VEjwTUWF1s5sjOllsb70jk.jpg
71810,3513,https://image.tmdb.org/t/p/w300/sBeI7TeJzVw103iacL03v7Y5mCX.jpg
71823,12572,https://image.tmdb.org/t/p/w300/85pnbEkyGi211Rq9DmnqbNX18aK.jpg
71838,22803,https://image.tmdb.org/t/p/w300/fcEXcip7v0O1ndV4VUdFqJSqbOg.jpg
71867,33806,https://image.tmdb.org/t/p/w300/9RjVHr752QAaoQ1SHCx0JwnZwtY.jpg
71899,24238,https://image.tmdb.org/t/p/w300/ebmsM382m9IClLUzKYY2U5biFwM.jpg
71902,19918,https://image.tmdb.org/t/p/w300/27iaV68VjKWQabPhnklWD1kCqb1.jpg
71910,24056,https://image.tmdb.org/t/p/w300/zVkPQAIoCNDc8khNjmSAiTb3lV5.jpg
71970,30506,https://image.tmdb.org/t/p/w300/foAqdD4Xov5q09rLkj4AzRxs9aQ.jpg
71999,2973,https://image.tmdb.org/t/p/w300/u1oLjIPDVNHr5iKDs7tx5YNgv13.jpg
72011,22947,https://image.tmdb.org/t/p/w300/useGH8nfwlaHK44IWEZdUYJOE2N.jpg
72104,44338,https://image.tmdb.org/t/p/w300/4GgliKAlzR0W5Xo96nfbZjesQQD.jpg
72129,22804,https://image.tmdb.org/t/p/w300/9JtluosCbioSXJSABZByaODyPpa.jpg
72142,28422,https://image.tmdb.org/t/p/w300/3QSGUdzG374H7pOxIdKNBpeLEUk.jpg
72165,24418,https://image.tmdb.org/t/p/w300/8DSRpomxdPAsyecjDH2sgMqYBkL.jpg
72167,22821,https://image.tmdb.org/t/p/w300/jFHtFInp3tYIBxkwWMfNJf1RBZW.jpg
72171,24804,https://image.tmdb.org/t/p/w300/u3oWQDz0JggzzsVlsuHY7XVxp5Y.jpg
72178,14968,https://image.tmdb.org/t/p/w300/3FQ8p7kXTqdHJ2EIvQ5Y9TDTSw0.jpg
72224,22820,https://image.tmdb.org/t/p/w300/eRnUC60trqoRZuAtM8M3gOFT6ED.jpg
72226,10315,https://image.tmdb.org/t/p/w300/hhhJN8aJdTlzGmARCbwWflHXhwI.jpg
72294,17979,https://image.tmdb.org/t/p/w300/xNwlAIdx1Ln28GRiQttUP9Gojy2.jpg
72308,105077,https://image.tmdb.org/t/p/w300/vwtHIRwwASCiX0Ku487DY7YZrag.jpg
72330,4475,https://image.tmdb.org/t/p/w300/eHN6AaAcks2c8HTVaQzJKSJLp7h.jpg
72356,24480,https://image.tmdb.org/t/p/w300/oqYX2AJV53ibLVPrUZ1Z5XlGv5U.jpg
72378,14161,https://image.tmdb.org/t/p/w300/zaqam2RNscH5ooYFWInV6hjx6y5.jpg
72395,25793,https://image.tmdb.org/t/p/w300/d4ltLIDbvZskSwbzXqi0Hfv5ma4.jpg
72405,11699,https://image.tmdb.org/t/p/w300/zRULXsd0rb1lVfnSyQkYPi2nLcB.jpg
72407,18239,https://image.tmdb.org/t/p/w300/k2qTooPlHffgNABNWxeJdGMglPK.jpg
72424,17774,https://image.tmdb.org/t/p/w300/ot5eFU2sWOEG9IbWydNpwggBiIg.jpg
72479,28089,https://image.tmdb.org/t/p/w300/p4fJyH7mMbasiFYwiw2nE7D6pMY.jpg
72489,22832,https://image.tmdb.org/t/p/w300/ipJ4mgqse6uoTRsDyU3TXmva1rt.jpg
72554,33273,https://image.tmdb.org/t/p/w300/koap5B3bQHQi3yaZ39vpWR66TGP.jpg
72591,6058,https://image.tmdb.org/t/p/w300/5lmW1yBXAHkOc533wRDEqp3jlCV.jpg
72601,34003,https://image.tmdb.org/t/p/w300/7PRI4GFIbuLHaYvw1AZEt19riIO.jpg
72603,25472,https://image.tmdb.org/t/p/w300/s5nELMHR1L2agJXVIPiWxu6dWl8.jpg
72605,7445,https://image.tmdb.org/t/p/w300/skHqceAFYee0JZuYd9MVk2IQggi.jpg
72624,18595,https://image.tmdb.org/t/p/w300/kXAgwhwMNZk49KGLF0zJO8cMZiH.jpg
72641,22881,https://image.tmdb.org/t/p/w300/bMgq7VBriuBFknXEe9E9pVBYGZq.jpg
72692,15400,https://image.tmdb.org/t/p/w300/b6h6HwucncSxn06sMNROJ9apLC5.jpg
72694,22640,https://image.tmdb.org/t/p/w300/pg6649ymX3M5otI7siheMggBsz7.jpg
72696,22949,https://image.tmdb.org/t/p/w300/u056hk3at4ukf9DWASVjogXyZfn.jpg
72701,16866,https://image.tmdb.org/t/p/w300/x7Itcg3ZdExKwdKguy73WPEqosW.jpg
72714,30238,https://image.tmdb.org/t/p/w300/fcRUYYyDWLJPlX7D6RPtQwdU7G2.jpg
72720,34653,https://image.tmdb.org/t/p/w300/AvqTb66bS1i1NjlPC76zvxo0taT.jpg
72731,7980,https://image.tmdb.org/t/p/w300/sn0iDphRxQ7I6aLd9igIgACITak.jpg
72733,22954,https://image.tmdb.org/t/p/w300/runuhBAAX7PmdjGhqRKCyl4bh7z.jpg
72737,10198,https://image.tmdb.org/t/p/w300/yprv5PbnEksoVj2v6XEnDBg9joR.jpg
72874,27719,https://image.tmdb.org/t/p/w300/6QBjzPscdNshlskkzw2fDXfLC1q.jpg
72919,24438,https://image.tmdb.org/t/p/w300/zNRLfwUGKaSQEDvOKlIOLGn8qRk.jpg
72921,174598,https://image.tmdb.org/t/p/w300/lejbiFj0Vg5bGWZSLWvvj8zSdK4.jpg
72998,19995,https://image.tmdb.org/t/p/w300/gKY6q7SjCkAU6FqvqWybDYgUKIF.jpg
73015,22897,https://image.tmdb.org/t/p/w300/bmjPrJgrGENFRrERP7lCJ9FGIVB.jpg
73017,10528,https://image.tmdb.org/t/p/w300/momkKuWburNTqKBF6ez7rvhYVhE.jpg
73023,25196,https://image.tmdb.org/t/p/w300/zwao2YMsqf27IzNEtDNWSe0W9jH.jpg
73042,23398,https://image.tmdb.org/t/p/w300/87sAaMk4FHNqjY2Sqc1sOukUw1Q.jpg
73106,26123,https://image.tmdb.org/t/p/w300/hwP0GEP0zy8ar965Xaht19SmMd3.jpg
73160,27390,https://image.tmdb.org/t/p/w300/2I7yv8T9rX1C1cBtJOrdOxoh7W3.jpg
73211,23963,https://image.tmdb.org/t/p/w300/uh4n9FSYYaeOWchP8gBPNtg7kD7.jpg
73266,22327,https://image.tmdb.org/t/p/w300/3J48x7Utjx0sdYIvjsMWnlEbxpV.jpg
73268,19901,https://image.tmdb.org/t/p/w300/xFZH2l9UOyIclk2ZFWNHQ38B2RP.jpg
73290,28178,https://image.tmdb.org/t/p/w300/lsy3aEsEfYIHdLRk4dontZ4s85h.jpg
73319,25195,https://image.tmdb.org/t/p/w300/i86hMi5iEF3WnYLCaGHdT5FPdYg.jpg
73321,20504,https://image.tmdb.org/t/p/w300/1H1y9ZiqNFaLgQiRDDZLA55PviW.jpg
73323,33613,https://image.tmdb.org/t/p/w300/92byRQBuuiLcfKnBi5NOuipSgV8.jpg
73344,21575,https://image.tmdb.org/t/p/w300/x9Jb8kewBHPzjTtgCQvoQoDsy4d.jpg
73386,25927,https://image.tmdb.org/t/p/w300/dQ7Fr2amTUigFLH55eTRlzVJL9y.jpg
73431,24271,https://image.tmdb.org/t/p/w300/vrp0dqlp74A02YaUiwNpLElgTR0.jpg
73488,1450,https://image.tmdb.org/t/p/w300/uzuYpbdFkNYqnBdOvhWqZxhHa5C.jpg
73499,81895,https://image.tmdb.org/t/p/w300/hcmocdC6Rp0w6C8M4i1yvewmgNL.jpg
73501,148435,https://image.tmdb.org/t/p/w300/Aoq5Wf508TcfoTtK6T2qoMDJMJx.jpg
73515,20107,https://image.tmdb.org/t/p/w300/ihPJgIvFxPiDfNdTj7kNhroT8Db.jpg
73569,21521,https://image.tmdb.org/t/p/w300/oY6wOuPmeeDoKjPdPlMwwmDCYmA.jpg
73676,25676,https://image.tmdb.org/t/p/w300/aJZ8i1KEy5Kdc6hXNlLiHOlhdTA.jpg
73681,25205,https://image.tmdb.org/t/p/w300/nMIDVIq7p2mcvolG93FH4Ku3aYJ.jpg
73741,25602,https://image.tmdb.org/t/p/w300/tKjH1IQVeUmHOlxZinQdjFHkFVG.jpg
73804,2395,https://image.tmdb.org/t/p/w300/eNB2SrqmTJLByRDq3akDzA6Z9rC.jpg
73808,13855,https://image.tmdb.org/t/p/w300/hy49xJiKN1nakkN1ZmKuOf6vQYR.jpg
73822,57978,https://image.tmdb.org/t/p/w300/aYeCvrkgUCylSQwmMFcqXV27WvD.jpg
73854,13382,https://image.tmdb.org/t/p/w300/xjAElUhXuc7zFJPj3qUHjcySNsE.jpg
73858,13358,https://image.tmdb.org/t/p/w300/cgjyUL2STLzjOGb3mXePXpNNC1O.jpg
73876,15255,https://image.tmdb.org/t/p/w300/2gMCokqpIJoh6u5o06LlOZWsI3k.jpg
73881,20453,https://image.tmdb.org/t/p/w300/66A9MqXOyVFCssoloscw79z8Tew.jpg
73929,22894,https://image.tmdb.org/t/p/w300/ykocDqwg5PRUopnBVb1x1DWnEJF.jpg
74075,23988,https://image.tmdb.org/t/p/w300/qDlmKahejt0NoQzw65tnLayEhHZ.jpg
74089,51120,https://image.tmdb.org/t/p/w300/qCQ42aTmU4cuHwzfu8rCvYQuCyx.jpg
74095,21453,https://image.tmdb.org/t/p/w300/aFtLwGv6pcqO72M1v5iQYZOCkZ5.jpg
74154,13477,https://image.tmdb.org/t/p/w300/pteIGpJpgh2aUh3jMqZnomB1rw1.jpg
74226,94706,https://image.tmdb.org/t/p/w300/wH3VuGHcf0jTzeRGLZlPfqTIHS1.jpg
74228,26466,https://image.tmdb.org/t/p/w300/cRlMrbc4Iof7vN0ZqHwJnMBYBLi.jpg
74275,8952,https://image.tmdb.org/t/p/w300/qtAuWLGQ7N4PNQ6boZeqqoUY2l9.jpg
74282,40724,https://image.tmdb.org/t/p/w300/2n8qhm9SQph1s7njjO1kq3c6Imk.jpg
74324,33602,https://image.tmdb.org/t/p/w300/gQhQ6yEkUkDDo1zugpq46PJN8xZ.jpg
74342,33728,https://image.tmdb.org/t/p/w300/ovXBWbk3YjOZB5cmiTvdNaDYGKu.jpg
74370,25983,https://image.tmdb.org/t/p/w300/4abKUbc9IbsndbaY1hacN1iPM0Y.jpg
74450,32856,https://image.tmdb.org/t/p/w300/qOTcfD2DdnOTmhH0r1TOE09VvNh.jpg
74452,7978,https://image.tmdb.org/t/p/w300/fQqPoAHvHicie1ttuiV2q0yv9V7.jpg
74458,11324,https://image.tmdb.org/t/p/w300/nrmXQ0zcZUL8jFLrakWc90IR8z9.jpg
74508,13949,https://image.tmdb.org/t/p/w300/rDv38jqf3t0n4F9wGkQXBLx7wN9.jpg
74510,24253,https://image.tmdb.org/t/p/w300/axR8YcQVUgWYhvN2UcZKhzexKsI.jpg
74530,32657,https://image.tmdb.org/t/p/w300/brzpTyZ5bnM7s53C1KSk1TmrMO6.jpg
74532,23742,https://image.tmdb.org/t/p/w300/qA31i7FPVDHezuoevx3497CvZd4.jpg
74545,11439,https://image.tmdb.org/t/p/w300/rK7m2Ba0ieXa37NaAmrx4dfRvvM.jpg
74553,26963,https://image.tmdb.org/t/p/w300/vBymyj7QsXiW4TICD2JC5pAuBHO.jpg
74580,23172,https://image.tmdb.org/t/p/w300/nJJrceb2xHGIA0irADX0JvWSIHT.jpg
74624,26428,https://image.tmdb.org/t/p/w300/1xsFa6I5vDd2UI1AJ1tsW7BUChv.jpg
74647,22805,https://image.tmdb.org/t/p/w300/bzQCsmvPJU0L4tnPtQHlVliw2zn.jpg
74668,15357,https://image.tmdb.org/t/p/w300/qhadETc2y1ImTQ51all8tOd45aw.jpg
74677,18489,https://image.tmdb.org/t/p/w300/6eVleb6nkqjxUfLPRS5GwSKlA9J.jpg
74683,19962,https://image.tmdb.org/t/p/w300/vfbWbgkF5jFOqytHIVnq2eH3Gy5.jpg
74685,29427,https://image.tmdb.org/t/p/w300/ggtG9DZELyTtM2Y0DRJDOJa5iP8.jpg
74688,22971,https://image.tmdb.org/t/p/w300/2lAPv2jQ5eh54l4EttA9wjDljED.jpg
74696,45576,https://image.tmdb.org/t/p/w300/eFcySm0GE2JGw6524aSS0tRtJes.jpg
74698,23023,https://image.tmdb.org/t/p/w300/cRZvw3bPomtucIUtMHZ3qPIYtYs.jpg
74727,20871,https://image.tmdb.org/t/p/w300/owZ2KQ2x99XqMprSvFNeTdmCBk8.jpg
74750,10664,https://image.tmdb.org/t/p/w300/4JG5WKfIGD6r7hdbqJVr2WKIxEe.jpg
74754,17473,https://image.tmdb.org/t/p/w300/9QscHN4pXj6Ja1k7e1ZT4vWDGnr.jpg
74789,12155,https://image.tmdb.org/t/p/w300/o0kre9wRCZz3jjSjaru7QU0UtFz.jpg
74791,40623,https://image.tmdb.org/t/p/w300/9Q1jtFU1zutKsAR9lwAl6YMkgZM.jpg
74795,22972,https://image.tmdb.org/t/p/w300/czFIaeukSxNEccysQeys1PCkuOG.jpg
74851,26389,https://image.tmdb.org/t/p/w300/poVoLKLxUqsTLSntA40Po2F78dZ.jpg
74868,23488,https://image.tmdb.org/t/p/w300/uRKt8nYdy7EO4uqeKVVpZRmqrxF.jpg
74916,27583,https://image.tmdb.org/t/p/w300/jAsN4vPpycVxC89QlA6NYBXRuK7.jpg
74946,34016,https://image.tmdb.org/t/p/w300/mpYHjyPX0DAxbsnWKmSK5jZ1s4T.jpg
74948,25941,https://image.tmdb.org/t/p/w300/lk9qVzvPHuL2vX9ixNut9n0KfYD.jpg
75341,23169,https://image.tmdb.org/t/p/w300/j7umuMiLCHvWT7wYhFKJOTFSokF.jpg
75389,15846,https://image.tmdb.org/t/p/w300/usdEYNShCQi6IcQh2mMnnALTRhT.jpg
75395,44363,https://image.tmdb.org/t/p/w300/2J3URUnDrIpNvh0uVqINQvr4HhW.jpg
75416,26623,https://image.tmdb.org/t/p/w300/wqkTCfznNXtYO9UnnxComqhhHRP.jpg
75446,31299,https://image.tmdb.org/t/p/w300/kXl85gEU0Cs4MrSBbcyZkJQgdGT.jpg
75803,34563,https://image.tmdb.org/t/p/w300/zvRn8aM9lmuBbbJVJgxZl41zarB.jpg
75805,27573,https://image.tmdb.org/t/p/w300/fJPKar0jnAsS09l3xfP6LL8sUkX.jpg
75813,12834,https://image.tmdb.org/t/p/w300/dkIfBUewNDrJYL0UlNsKRUKZJYp.jpg
75816,31723,https://image.tmdb.org/t/p/w300/iY1L1QuJS4PFiw3Kc5fiVBD0gJ0.jpg
75947,32688,https://image.tmdb.org/t/p/w300/kw8MBBknqE0GO7JuP7F3QDIHLt9.jpg
75985,31867,https://image.tmdb.org/t/p/w300/1ZA5kEKuA6HgbyzZXXlyU4piNI.jpg
76030,28355,https://image.tmdb.org/t/p/w300/b16EjFeHd2AwoYXWUne7DA346pU.jpg
76054,36970,https://image.tmdb.org/t/p/w300/kIT3G7QoV1vatMCL8TAA3xnkO2V.jpg
76060,34423,https://image.tmdb.org/t/p/w300/yX9skMoAc1JAimJFtczEif4f1jS.jpg
76077,23048,https://image.tmdb.org/t/p/w300/wjzbVXAes1acbh6k4OO5xVfy5.jpg
76091,30018,https://image.tmdb.org/t/p/w300/8oBnSkZE6GDVugAbLPO6uJd4GcS.jpg
76093,10191,https://image.tmdb.org/t/p/w300/ygGmAO60t8GyqUo9xYeYxSZAR3b.jpg
76143,21467,https://image.tmdb.org/t/p/w300/o17Qj2gT4HkU83kU6IlCH2k6jVU.jpg
76173,27936,https://image.tmdb.org/t/p/w300/yiqooJWNDEVsp8lbdTrTBvLAk0m.jpg
76175,18823,https://image.tmdb.org/t/p/w300/3W6QaC3Vz8UJhr6HRYuGfbNeJCs.jpg
76251,23483,https://image.tmdb.org/t/p/w300/iHMbrTHJwocsNvo5murCBw0CwTo.jpg
76293,35056,https://image.tmdb.org/t/p/w300/9ftaHHJW2IrtnGbazdn5SP8V7Cf.jpg
76301,13417,https://image.tmdb.org/t/p/w300/kyMrt0RPVC8LDpdMrk1DjN6Gqdu.jpg
76738,52903,https://image.tmdb.org/t/p/w300/e7h7G7p7teeMYAMX3YWO4FfwmEH.jpg
76743,8980,https://image.tmdb.org/t/p/w300/tiP17WpKYLotQwg4EUs0UfmQq24.jpg
76751,25572,https://image.tmdb.org/t/p/w300/w0vpYFhUlBh6abcGKZgU53UOOst.jpg
76763,27586,https://image.tmdb.org/t/p/w300/byeTXKg9paqiFQbtfI28FOIhebg.jpg
77191,34803,https://image.tmdb.org/t/p/w300/oBCQYMJTqV3qLjrvZ5sTZUCBky7.jpg
77201,37861,https://image.tmdb.org/t/p/w300/7LBMcAx6XHwEduIsBYipvUke9n.jpg
77206,33217,https://image.tmdb.org/t/p/w300/iLAGiPnSuODt9cn332bkFElrRig.jpg
77233,36443,https://image.tmdb.org/t/p/w300/6szDJcCbjyAilGVaqUbT9k5bD7G.jpg
77266,12411,https://image.tmdb.org/t/p/w300/xCM4H72gaXGXvJKcocAx8LKxaQC.jpg
77364,34813,https://image.tmdb.org/t/p/w300/b9dVH0n7YnBqLmW2c5AzftxhhpH.jpg
77414,35690,https://image.tmdb.org/t/p/w300/76twEOHXAM2oKnvZYBI5bP6GeDu.jpg
77421,39053,https://image.tmdb.org/t/p/w300/qkJ0rB1qf62TJ6thxEVRT7Eccqn.jpg
77427,37169,https://image.tmdb.org/t/p/w300/gMtjxIkEi0hnTV5lPHbgeZ4ZpUZ.jpg
77455,39452,https://image.tmdb.org/t/p/w300/ruM5ehUQlHC1Kx3SF18d6klfrAx.jpg
77561,10138,https://image.tmdb.org/t/p/w300/6WBeq4fCfn7AN0o21W9qNcRF2l9.jpg
77667,37931,https://image.tmdb.org/t/p/w300/1eZEk793evkaIOjBwNO2cFS6h5x.jpg
77688,4180,https://image.tmdb.org/t/p/w300/3TfJL5jbyWFUOe1NB81iI8w7Gct.jpg
77709,15877,https://image.tmdb.org/t/p/w300/bCObr03CsKOOwKysoUL5teG8wmU.jpg
77795,34069,https://image.tmdb.org/t/p/w300/ybg2be8LaEI8yoDkcsRit3ruaFP.jpg
77798,23437,https://image.tmdb.org/t/p/w300/nsmW28GcNabCUZfP5YtUEe8Li0f.jpg
77800,37495,https://image.tmdb.org/t/p/w300/x4JzaRPXBs9wiHCe3e3ymXWuwfd.jpg
77841,37565,https://image.tmdb.org/t/p/w300/kRNowy4kk8gKHv1ek2xFueilDpc.jpg
77846,12219,https://image.tmdb.org/t/p/w300/whDdYx3lh1LHTN0VlPFt51fX29g.jpg
77866,20662,https://image.tmdb.org/t/p/w300/kE4Wie1VVRGQbVSIsEnxmly3FqZ.jpg
77881,21245,https://image.tmdb.org/t/p/w300/xvJ7HZXyN9nXP8Yizs7a3th6hdV.jpg
77893,34626,https://image.tmdb.org/t/p/w300/60Vd3zovl6XeRH8GQOsM9fwMHRO.jpg
77931,37511,https://image.tmdb.org/t/p/w300/uf0oyCzfFsUZ10X9OoUD1HtvOfP.jpg
78034,36801,https://image.tmdb.org/t/p/w300/9fyzMdRX1kWd9UnceWc2Duh4eFt.jpg
78039,46705,https://image.tmdb.org/t/p/w300/dc8BdKnDY5Iy28KzUGtHIXuqqFK.jpg
78041,37821,https://image.tmdb.org/t/p/w300/9VB8vGV4Aznf6GUc9C7a1EzGHLz.jpg
78088,26388,https://image.tmdb.org/t/p/w300/lQP2sZngXzjh3NDIWzo9OVK5YVh.jpg
78103,30527,https://image.tmdb.org/t/p/w300/5PUO6gBb2w1GIjEvX3nWnvhTXfJ.jpg
78105,9543,https://image.tmdb.org/t/p/w300/siNGMLdOUNYLEGtlsnmQcpO2XZX.jpg
78116,40247,https://image.tmdb.org/t/p/w300/kft7oy2SoImjDUXgeFbUxhICdc2.jpg
78142,25846,https://image.tmdb.org/t/p/w300/8gMju8daHITnaqjJFQfxJbVVtPJ.jpg
78160,198306,https://image.tmdb.org/t/p/w300/zaMDxdza6goInr1dnKdRRhIn6Aq.jpg
78174,37786,https://image.tmdb.org/t/p/w300/iHSRxhZsPaVuLCivvV6WEkMVGWU.jpg
78209,32823,https://image.tmdb.org/t/p/w300/6g0li87w8LIK77QRUtOkQkM6bD7.jpg
78218,38199,https://image.tmdb.org/t/p/w300/6yQqguytl10FhImngDHV90Aqewa.jpg
78264,34806,https://image.tmdb.org/t/p/w300/fB6PxwdydGzdq5jSWrxwSMEqSFs.jpg
78266,37707,https://image.tmdb.org/t/p/w300/4oqaWnO3dKYAt3vZWAD4oLfOXOC.jpg
78316,37056,https://image.tmdb.org/t/p/w300/y9DdvY1IRNS2hWLq161hmP2gXn.jpg
78349,29917,https://image.tmdb.org/t/p/w300/i1J2zBCyOQJKsQipqJ0qXERC1Ma.jpg
78467,20533,https://image.tmdb.org/t/p/w300/xwAdu0lOO2Y5sXjK87glhJg3c6r.jpg
78469,34544,https://image.tmdb.org/t/p/w300/bkAWEx5g5tvRPjtDQyvIZ7LRxQm.jpg
78499,10193,https://image.tmdb.org/t/p/w300/AbbXspMOwdvwWZgVN0nabZq03Ec.jpg
78544,198308,https://image.tmdb.org/t/p/w300/usn3lWXpbUHCIboiS84QWilKYwq.jpg
78574,39013,https://image.tmdb.org/t/p/w300/a0qhPkNlxLfsf5B2jFyI1Pp04XV.jpg
78620,32068,https://image.tmdb.org/t/p/w300/m82aMr1Pcqt5t0cpSCwq5REdajY.jpg
78626,21531,https://image.tmdb.org/t/p/w300/msLr6T2RhqZNZtdCZScAA8nOWbU.jpg
78637,10192,https://image.tmdb.org/t/p/w300/6HrfPZtKcGmX2tUWW3cnciZTaSD.jpg
78703,39545,https://image.tmdb.org/t/p/w300/i9QHzVqko9YxNCGdH8vnruy78nK.jpg
78746,40819,https://image.tmdb.org/t/p/w300/4LQ6kdvVJW9y0B9O4qDTsazNzER.jpg
78772,24021,https://image.tmdb.org/t/p/w300/dK4Gi1UdMiHzHc7r7CZQG4IQ9Sr.jpg
78836,34647,https://image.tmdb.org/t/p/w300/krKnsfvSJM1PL40tLicRhVQ6kuG.jpg
78893,10196,https://image.tmdb.org/t/p/w300/kl9JJ8288bNsY8oqT1SpQh1w2mb.jpg
78959,15102,https://image.tmdb.org/t/p/w300/b8WzwCABwVRVdw14OcE6pmezJjK.jpg
79006,76180,https://image.tmdb.org/t/p/w300/xq0MPT1lLxfznTRaAbInxWT2wfh.jpg
79008,16023,https://image.tmdb.org/t/p/w300/eENI0WN2AAuQWfPmQupzMD6G4gV.jpg
79057,34851,https://image.tmdb.org/t/p/w300/wdniP8NDaJIydi1hMxhpbJMUfr6.jpg
79073,37659,https://image.tmdb.org/t/p/w300/yd5X8f1mt13ETAWLI7dp0MEEZLL.jpg
79091,20352,https://image.tmdb.org/t/p/w300/b1BT309QWjtFUlJPLmXmrcHOWEL.jpg
79132,27205,https://image.tmdb.org/t/p/w300/xlaY2zyzMfkhk0HSC5VUwzoZPU1.jpg
79134,38365,https://image.tmdb.org/t/p/w300/cQGM5k1NtU85n4TUlrOrwijSCcm.jpg
79139,27022,https://image.tmdb.org/t/p/w300/b5pIUsGll0418NyfNA5eYCI9aoK.jpg
79185,37834,https://image.tmdb.org/t/p/w300/phhp52CZZJiGYmiOTp9ZBDkGHB3.jpg
79224,38575,https://image.tmdb.org/t/p/w300/b1RBy3l297N0c7PHjlz35cClWju.jpg
79242,39781,https://image.tmdb.org/t/p/w300/xQ5XqZc82dDCcGjxY7voRKjhaKQ.jpg
79251,73861,https://image.tmdb.org/t/p/w300/yIQqiw3Az5QYNHLCUoCTtxXH24G.jpg
79259,40850,https://image.tmdb.org/t/p/w300/q3NdckfHKjXyrsRNoZyAidMf9em.jpg
79274,40662,https://image.tmdb.org/t/p/w300/7lmHqHg1rG9b4U8MjuyQjmJ7Qm0.jpg
79293,27576,https://image.tmdb.org/t/p/w300/ppXyhOe8UCEOrBRSYqE3SkHwrcR.jpg
79333,39768,https://image.tmdb.org/t/p/w300/pxf7dGhwpwxe8b1itqxkkjFQac8.jpg
79357,31011,https://image.tmdb.org/t/p/w300/qNkIONc4Rgmzo23ph7qWp9QfVnW.jpg
79428,38778,https://image.tmdb.org/t/p/w300/eqCyt9ILsInMYPa2iveiINeVOJD.jpg
79501,36274,https://image.tmdb.org/t/p/w300/2r4WNCpwAQzekbaZwoCcOv1GJuO.jpg
79536,25335,https://image.tmdb.org/t/p/w300/yafmxsqHx3IVqlMdoPpuvbvg3dv.jpg
79553,37472,https://image.tmdb.org/t/p/w300/wMcyFfKcJneVgcHxWYiQNUNHUsq.jpg
79572,38843,https://image.tmdb.org/t/p/w300/bW1YWFyocIY8DDgwOUroZG2FYNe.jpg
79590,24122,https://image.tmdb.org/t/p/w300/j82RTG8dNyOYhIKspjk5Z0bEmdi.jpg
79592,27581,https://image.tmdb.org/t/p/w300/wNEHNqo3MgHmj3BUiPSqqq5czcm.jpg
79677,53190,https://image.tmdb.org/t/p/w300/qYnslGb1D0JgYLQYiwPqQ2ojQDv.jpg
79684,39414,https://image.tmdb.org/t/p/w300/wneK8G9E26FUqYo4KjPlsD0TIII.jpg
79695,27578,https://image.tmdb.org/t/p/w300/j09ZkH6R4JWVylBcDai1laCmGw7.jpg
79702,22538,https://image.tmdb.org/t/p/w300/g5IoYeudx9XBEfwNL0fHvSckLBz.jpg
79798,26280,https://image.tmdb.org/t/p/w300/nB6OuDdERS95aQtoxPExXxsW3Ov.jpg
79868,38150,https://image.tmdb.org/t/p/w300/pk6cnJFCZ5mmDKOKESVeXM0j71T.jpg
79879,43593,https://image.tmdb.org/t/p/w300/lMLS2OFBbNYMSB1ZbVp4q2S4zTU.jpg
79895,35552,https://image.tmdb.org/t/p/w300/1nYv7H0XJFgrJ5LewGlyNDvjqdq.jpg
79897,44718,https://image.tmdb.org/t/p/w300/6uUaQ5zn9neK1VLqO2sGClbJrb9.jpg
79946,41479,https://image.tmdb.org/t/p/w300/5YINGouZK9pmPdMPAHv158eQf3o.jpg
80083,28609,https://image.tmdb.org/t/p/w300/ywtyEDTM2YO7qod7USNNwhrAfvA.jpg
80094,38358,https://image.tmdb.org/t/p/w300/eOo9tgGjxdsQEgqc6g7E1NL8460.jpg
80124,49943,https://image.tmdb.org/t/p/w300/5pWGgE8RbiaNm95PsdKd6YEOYHS.jpg
80126,27579,https://image.tmdb.org/t/p/w300/5OEOsRaBsSxD0qBtAhus0iKDzr.jpg
80139,14158,https://image.tmdb.org/t/p/w300/qriTT0KQvvuCs73z0LyEduw6XX.jpg
80162,37905,https://image.tmdb.org/t/p/w300/c3sYdfCg1vz6DG4XlQRpu8baxvM.jpg
80166,41210,https://image.tmdb.org/t/p/w300/oJdMT6RGtbvQ26Tk7EHGfG8xZ6.jpg
80219,23631,https://image.tmdb.org/t/p/w300/dcPSm1rGEFdiEc7DaKz0t5kb66b.jpg
80241,38073,https://image.tmdb.org/t/p/w300/tTllmSew3nsizpzWNWKUkOuANhm.jpg
80363,35791,https://image.tmdb.org/t/p/w300/nYPc4sJdCZLY7YFYUmqXXYt3luH.jpg
80454,60678,https://image.tmdb.org/t/p/w300/dcn8Fzr4QXXr32hf7MPIdJDv3AE.jpg
80463,37799,https://image.tmdb.org/t/p/w300/n0ybibhJtQ5icDqTp8eRytcIHJx.jpg
80478,85692,https://image.tmdb.org/t/p/w300/wxj8qnBwBAe6JpRfIqM1jaLWewj.jpg
80489,23168,https://image.tmdb.org/t/p/w300/3NIzyXkfylsjflRKSz8Fts3lXzm.jpg
80549,37735,https://image.tmdb.org/t/p/w300/v5f1qO6NJnxWgONgkYg21TW39DT.jpg
80551,38167,https://image.tmdb.org/t/p/w300/gjR5zUeMGV6UNqtI0OuzqrLQcjU.jpg
80553,38568,https://image.tmdb.org/t/p/w300/4gy0rUIaaao1nx6pr1Dj1WpslcO.jpg
80572,43939,https://image.tmdb.org/t/p/w300/h8c53OPv2miF6vzpVXQZX8jw1pJ.jpg
80584,15179,https://image.tmdb.org/t/p/w300/zFHcajKXeiPVOArumZOqjFYDx1T.jpg
80586,43949,https://image.tmdb.org/t/p/w300/6zDYFigohwncqFL00MKbFV01dWb.jpg
80590,33909,https://image.tmdb.org/t/p/w300/gtonVdZZMWES6GyhasAX0xhUdrF.jpg
80615,41216,https://image.tmdb.org/t/p/w300/qweKCtPdnIP2uGp1PgWZyCV7gzj.jpg
80693,43923,https://image.tmdb.org/t/p/w300/hQE4q8Szeaae4davgB7o8MTLmwr.jpg
80727,38842,https://image.tmdb.org/t/p/w300/l56cv8FczzEk4pe3W8BHiRNCC05.jpg
80748,25694,https://image.tmdb.org/t/p/w300/k4hlsqfhEtTrEtiDE647qxTR6PI.jpg
80831,41402,https://image.tmdb.org/t/p/w300/rgNb9nwPKwV45c5PTvFqFmpzGt0.jpg
80834,45745,https://image.tmdb.org/t/p/w300/4BMG9hk9NvSBeQvC82sVmVRK140.jpg
80839,39486,https://image.tmdb.org/t/p/w300/6YJ39NqRJ0ljUQohizHmE2hB6Wh.jpg
80846,44040,https://image.tmdb.org/t/p/w300/aivXPSi53H95BoUa5njEYso389s.jpg
80858,38303,https://image.tmdb.org/t/p/w300/9qI5JE6yjmtakTankuDOMZ1vgEx.jpg
80860,38408,https://image.tmdb.org/t/p/w300/zLzS2aOqKsS0QvEaY6SfBw4VBqh.jpg
80862,42296,https://image.tmdb.org/t/p/w300/mXNxee2ix6Ke0bSIqFST0UhbVLR.jpg
80864,38031,https://image.tmdb.org/t/p/w300/oBhnI8UZQzTkAH1LMEtrBUmfpjS.jpg
80880,44113,https://image.tmdb.org/t/p/w300/mcdN6DntOAOtKNQKcRKnfFayFis.jpg
80906,44639,https://image.tmdb.org/t/p/w300/7yXXIWec24htucjsZS1sDuPLqw8.jpg
80917,43933,https://image.tmdb.org/t/p/w300/qpJyTxR33KG9qFmXoCD5AUTToPl.jpg
80969,42188,https://image.tmdb.org/t/p/w300/8F0r5ng9Fp60OhzQfR5v33fppq.jpg
81018,41201,https://image.tmdb.org/t/p/w300/Ac2tNYW9sRaOhmtMJQuhf2mvo00.jpg
81087,16344,https://image.tmdb.org/t/p/w300/19Qh3fEXsqB0pBl5DRnCBsgj7Ot.jpg
81132,45649,https://image.tmdb.org/t/p/w300/mWgCORI5IC5vOvB2cDVQe0YNtXZ.jpg
81156,16290,https://image.tmdb.org/t/p/w300/uPirN07su7LFixyZyLrNMMQ9u1E.jpg
81158,39312,https://image.tmdb.org/t/p/w300/62DCMBMJU1ZVezVEawyatpFoJwI.jpg
81191,39440,https://image.tmdb.org/t/p/w300/l7mRlEi4VCEH7sfgaXX1b6LzsXn.jpg
81229,39514,https://image.tmdb.org/t/p/w300/8eeK3OB5PeSRQD7BpZcGZKkehG.jpg
81257,44716,https://image.tmdb.org/t/p/w300/dJpPpgf2z5lNw6xVxvfWm0lexNH.jpg
81383,41211,https://image.tmdb.org/t/p/w300/sw7Sc4u2A9Y0dZ1543MoGVaQdmI.jpg
81417,41436,https://image.tmdb.org/t/p/w300/gfdrkBZAyUUXJJ2iLQe03SAYRD3.jpg
81456,51241,https://image.tmdb.org/t/p/w300/kBGbvzrP4lNV4BZc2wscmglNno2.jpg
81512,44603,https://image.tmdb.org/t/p/w300/nOy0X8XSmSDOuwV8pqT70WoWHwT.jpg
81520,38234,https://image.tmdb.org/t/p/w300/g8KB77SPA7SyU8eid6TAEpt9skU.jpg
81535,41439,https://image.tmdb.org/t/p/w300/qHCZ6LjtmqWDfXXN28TlIC9OppK.jpg
81537,41733,https://image.tmdb.org/t/p/w300/sBxWS09pOOyXZ0dcnqfqqCAQGan.jpg
81562,44115,https://image.tmdb.org/t/p/w300/h0RMdn0rfl9l5hWXz3tUh6QVkhi.jpg
81564,38055,https://image.tmdb.org/t/p/w300/uZ9ytt3sPTx62XTfN56ILSuYWRe.jpg
81591,44214,https://image.tmdb.org/t/p/w300/viWheBd44bouiLCHgNMvahLThqx.jpg
81681,41058,https://image.tmdb.org/t/p/w300/8NiIpXBImEW1vacQS4LyinVGqa4.jpg
81782,44048,https://image.tmdb.org/t/p/w300/zKvHwL0GqLOear8rTnUPSTRYY0r.jpg
81784,38357,https://image.tmdb.org/t/p/w300/aFRXEoB3QkeHNHYmVGC3uzFSol8.jpg
81786,48303,https://image.tmdb.org/t/p/w300/soBvtCR33Gv1j6gXwXOIc3JTlNc.jpg
81788,43539,https://image.tmdb.org/t/p/w300/wBaRZ3aHa7qoYTSY0ONbXrXYk4B.jpg
81791,39210,https://image.tmdb.org/t/p/w300/zOf1sdfF4eH3CVRCpmRO5ugVGdo.jpg
81819,45958,https://image.tmdb.org/t/p/w300/4BLshBMp8INRDhvfuKwxMlHDIIt.jpg
81831,36940,https://image.tmdb.org/t/p/w300/7h4BbIGigxaECJFQWEaQ9ih3INp.jpg
81834,12444,https://image.tmdb.org/t/p/w300/iGoXIpQb7Pot00EEdwpwPajheZ5.jpg
81845,45269,https://image.tmdb.org/t/p/w300/pVNKXVQFukBaCz6ML7GH3kiPlQP.jpg
81847,38757,https://image.tmdb.org/t/p/w300/ym7Kst6a4uodryxqbGOxmewF235.jpg
81910,41999,https://image.tmdb.org/t/p/w300/1zK8dAd8cP92AMAHXoIvewwX7BI.jpg
81932,45317,https://image.tmdb.org/t/p/w300/xfsFerGhO1h6rLk8vwLgMyQ8WVJ.jpg
81949,41556,https://image.tmdb.org/t/p/w300/pKXGDEgtqbXZBvwcZiZeWydqIEH.jpg
82041,46420,https://image.tmdb.org/t/p/w300/ydsLYdSiPSIL1LOWWYu7VCvDTT8.jpg
82053,45324,https://image.tmdb.org/t/p/w300/3Dpicp6VEtCSj39XBG5mnbe5TQ9.jpg
82088,47979,https://image.tmdb.org/t/p/w300/lGJUOYiOLrhk4p9SmQNT6qIX155.jpg
82093,48838,https://image.tmdb.org/t/p/w300/naQKmThKMtlur92CDgCP6b9aoQE.jpg
82095,42684,https://image.tmdb.org/t/p/w300/7pdUFPw76zGwDKbNpXxJknh0YWB.jpg
82152,38117,https://image.tmdb.org/t/p/w300/uSAXWZsSD0pE4HYVUiDgusnEyyl.jpg
82167,43347,https://image.tmdb.org/t/p/w300/wZLM2uKJRYNchLmiCIjosX0rXy8.jpg
82169,10140,https://image.tmdb.org/t/p/w300/pP27zlm9yeKrCeDZLFLP2HKELot.jpg
82202,37710,https://image.tmdb.org/t/p/w300/qwfUH9gnvaXwvVRsgbL4L2jpLUz.jpg
82242,48395,https://image.tmdb.org/t/p/w300/jzaweEESl54ejxo3EE5uNL8lgTn.jpg
82366,43919,https://image.tmdb.org/t/p/w300/k1lzmRZUGDejyV11JnD79yrEHiE.jpg
82378,46503,https://image.tmdb.org/t/p/w300/3RM8SyB0yHanJbYeHdgi5eLv21C.jpg
82459,44264,https://image.tmdb.org/t/p/w300/tCrB8pcjadZjsDk7rleGJaIv78k.jpg
82461,20526,https://image.tmdb.org/t/p/w300/8Nc6R8k7bG8frSiDJo0oLucF7dN.jpg
82499,42888,https://image.tmdb.org/t/p/w300/jbOnp79eUZxQHgcdnTIRlxel1dE.jpg
82527,46829,https://image.tmdb.org/t/p/w300/vdsSaFbBWl8N6RV2XJuPBFyKeV8.jpg
82534,44129,https://image.tmdb.org/t/p/w300/tKX6E1nOf4vZN903YbkjQe7x1fv.jpg
82641,54178,https://image.tmdb.org/t/p/w300/5uUwl2cB4O7NmDFsKCmZkYTtVGO.jpg
82667,49797,https://image.tmdb.org/t/p/w300/zp5NrmYp80axIGiEiYPmm1CW6uH.jpg
82684,46788,https://image.tmdb.org/t/p/w300/sNMA5i8w6MsyTKPULhJuLUHB2Wd.jpg
82744,41283,https://image.tmdb.org/t/p/w300/AsUeaXrhw4oscCSjUZ6heh1pVvd.jpg
82765,35138,https://image.tmdb.org/t/p/w300/uCSQnopQPIw58RKTfzoRYxq9It5.jpg
82767,27585,https://image.tmdb.org/t/p/w300/zTUQXwMn4ndt5AAcDvJCi14ZY2B.jpg
82848,23282,https://image.tmdb.org/t/p/w300/43KTefZOLOaXw4Rbywn3uu8BiJn.jpg
82852,39451,https://image.tmdb.org/t/p/w300/90mwPRNMmX9RUGVgKMJMJNQnYX8.jpg
82854,38745,https://image.tmdb.org/t/p/w300/6NoEtuTwZ04luk5H2DpT5ivW7Mg.jpg
82857,50071,https://image.tmdb.org/t/p/w300/xTQ7URCmLBWkMJeT4G8uyvpciqU.jpg
83086,42297,https://image.tmdb.org/t/p/w300/3U9zBIibERQZqYKM3N1a4MYgBsN.jpg
83132,51739,https://image.tmdb.org/t/p/w300/3lSRaSjDp2nkXMQkzzjpRi3035O.jpg
83134,46838,https://image.tmdb.org/t/p/w300/8shwLEDzajJGSfLgbpac8x8xn1U.jpg
83177,41515,https://image.tmdb.org/t/p/w300/5u6kGhqKVorNwcvz6zETWUPRmus.jpg
83270,46138,https://image.tmdb.org/t/p/w300/lcQGPxuk0fclp9UrFevI2lhDi1l.jpg
83349,40805,https://image.tmdb.org/t/p/w300/pecyADOvb3Ksey7KYU6V1enEOEc.jpg
83369,49009,https://image.tmdb.org/t/p/w300/xQ6hxfpD5XQGJz0ekVle5zegam7.jpg
83374,46528,https://image.tmdb.org/t/p/w300/otjBqNDpZ3C9mzfDOI4kaiib3Qd.jpg
83480,23047,https://image.tmdb.org/t/p/w300/dNVqi8EsBtnnwfR6TgiWM51JOuS.jpg
83601,43950,https://image.tmdb.org/t/p/w300/3O3F28FVnle4CgZM0i324wntxZU.jpg
83613,49849,https://image.tmdb.org/t/p/w300/9uZsGCP4rvOHVGCpMpYq5gNCuNI.jpg
83796,14556,https://image.tmdb.org/t/p/w300/jYqFLb9d2dfJjIix7PCKoDqdbw6.jpg
83803,40619,https://image.tmdb.org/t/p/w300/hn2tOtidoYZ0D56jR4yknpdP1mU.jpg
83827,52013,https://image.tmdb.org/t/p/w300/bdlOAvKrHe4jLO9LUCxjqOqST4X.jpg
83910,44564,https://image.tmdb.org/t/p/w300/a7EVBTqeh6NoCFDW24qIp11kyi9.jpg
83969,43810,https://image.tmdb.org/t/p/w300/gg3DgplgKq8ZBFnMwMfgGuhSZCs.jpg
83976,63578,https://image.tmdb.org/t/p/w300/tjGrjHNjsR0klih0bkGBHbukMdX.jpg
84152,51876,https://image.tmdb.org/t/p/w300/kCokPP4WCQRrrAuZ7FcpIyHr8b2.jpg
84156,89704,https://image.tmdb.org/t/p/w300/wSDdllenxdsPiMONxEQEBfiLvio.jpg
84187,22843,https://image.tmdb.org/t/p/w300/7VLYN2CfJpB6PrcuzDKKqdGSUi6.jpg
84189,43947,https://image.tmdb.org/t/p/w300/sD5mBllYcBR5sQTyR2VGYhpHf6B.jpg
84240,53596,https://image.tmdb.org/t/p/w300/nXjLFjC1nZUycdO273kV4sV3XqL.jpg
84246,52844,https://image.tmdb.org/t/p/w300/4iYAKgBIh8fKY7fdzSKee2t2VIa.jpg
84273,54293,https://image.tmdb.org/t/p/w300/i4zMQlaVc4NCTj5RQTR4AhppPoC.jpg
84374,41630,https://image.tmdb.org/t/p/w300/9C09L1U9S13J4Ut029Qhu0oLcTQ.jpg
84392,50348,https://image.tmdb.org/t/p/w300/gOn8Ve9Yi8fxjRkmLr5BZoOc7KV.jpg
84414,56590,https://image.tmdb.org/t/p/w300/30GAgK0SvrRoopHlEcrchXqD0hf.jpg
84512,120843,https://image.tmdb.org/t/p/w300/tLOpoO4o1A00hXvs9bYaS2dtBxR.jpg
84523,39029,https://image.tmdb.org/t/p/w300/wAmeXWsKTZrb1mQpEBvGfBpNM43.jpg
84553,148432,https://image.tmdb.org/t/p/w300/rVqjmU9zBnDszSGzUZ5leYq1ZSB.jpg
84601,48138,https://image.tmdb.org/t/p/w300/aXBQD515okXQZmYA89ntXMvSJSd.jpg
84615,52067,https://image.tmdb.org/t/p/w300/udHprtPPfDHdcR1ijoY24mt9OB1.jpg
84637,45772,https://image.tmdb.org/t/p/w300/vVQwgfS9gSFviVT4gS7tZAmhRFc.jpg
84696,50204,https://image.tmdb.org/t/p/w300/3VY3gKHPc9dRq8FshSXWbXtgD9B.jpg
84716,18438,https://image.tmdb.org/t/p/w300/gGzovvmOEyNVUu4WEHtw9wfDsqI.jpg
84772,39513,https://image.tmdb.org/t/p/w300/dKhexH8nS08lVlSmwSs00cHFxbY.jpg
84799,37618,https://image.tmdb.org/t/p/w300/grAI6PofWfdW41bNUY5uKRiLn4z.jpg
84844,20993,https://image.tmdb.org/t/p/w300/r5pffTC8XZsrGUYSU8e23dGmGNK.jpg
84942,47327,https://image.tmdb.org/t/p/w300/nx2pChi41Xv4dsXsfSG3gnKcWaY.jpg
84944,44896,https://image.tmdb.org/t/p/w300/A5MP1guV8pbruieG0tnpPIbaJtt.jpg
84950,50725,https://image.tmdb.org/t/p/w300/nInduPOusI1alDIC0UttFjDIKsO.jpg
84952,54186,https://image.tmdb.org/t/p/w300/xn98VCLMcF6TulxsKJq2EQ8WYL2.jpg
84954,38050,https://image.tmdb.org/t/p/w300/5ZzeR8iz1nEFLp94OBnbakLZawo.jpg
85020,27582,https://image.tmdb.org/t/p/w300/k37axEHszFP9WOVvbozxF0r7X7g.jpg
85022,48988,https://image.tmdb.org/t/p/w300/eol3uD6whQKOKCmmhF7z39fq2Pe.jpg
85025,49494,https://image.tmdb.org/t/p/w300/mbsdwO4lfIARqt35VVTM0UlYkhZ.jpg
85056,46529,https://image.tmdb.org/t/p/w300/2NrP3h3GEsrPXX60bmjKuYWAvl9.jpg
85131,44943,https://image.tmdb.org/t/p/w300/jloyGeVYZSxM9zsLFvVOWuj2ey4.jpg
85179,28874,https://image.tmdb.org/t/p/w300/fIFzH5mZOeh9G3UqDd6WdaN72UV.jpg
85213,56831,https://image.tmdb.org/t/p/w300/8cwqylJVbCfMflcjXQ71CwsXdpf.jpg
85259,36540,https://image.tmdb.org/t/p/w300/7Y0F2gWQwbEmh0d3TGIAMguIv4S.jpg
85261,50321,https://image.tmdb.org/t/p/w300/yZBrpe4bxwDIDKBxPeJYrlyDK5R.jpg
85295,47533,https://image.tmdb.org/t/p/w300/q67pApjezoE8x2XE92MRMhcXr5P.jpg
85316,72185,https://image.tmdb.org/t/p/w300/4DUGoHzZHxD22AL4OIGTkkBpqm9.jpg
85334,26011,https://image.tmdb.org/t/p/w300/yZBHqhCZYAAihDBgMvQziITtLUO.jpg
85342,47931,https://image.tmdb.org/t/p/w300/c7yCrf3PTSdp6RMGktZQhzFcFFM.jpg
85354,15362,https://image.tmdb.org/t/p/w300/k9lhZ0PhY78nzwG034rNpsLXlpW.jpg
85367,50546,https://image.tmdb.org/t/p/w300/3rz7bfGsPGcI6cfY002n9VrUgao.jpg
85394,59490,https://image.tmdb.org/t/p/w300/7qBfQ2x3FnbB7uRaHQOBjfWFBpc.jpg
85397,49730,https://image.tmdb.org/t/p/w300/ixQYkLeLlTTnAoT32dukndyObB6.jpg
85399,38322,https://image.tmdb.org/t/p/w300/n1GSxFcDaZ6lMVf21M0KloPfuhu.jpg
85401,45132,https://image.tmdb.org/t/p/w300/jZrRMGSajZQehg8mz74A5A00L3.jpg
85412,46146,https://image.tmdb.org/t/p/w300/v2W5NEz0p9jPFzbbYt0dP86gsOX.jpg
85414,45612,https://image.tmdb.org/t/p/w300/nTr0lvAzeQmUjgSgDEHTJpnrxTz.jpg
85438,38684,https://image.tmdb.org/t/p/w300/3Cn7D0wEaxnvm8kTta1osNu3QJv.jpg
85510,23629,https://image.tmdb.org/t/p/w300/jtaUDnvIiHUd2ranDcjB5AbPx6o.jpg
85565,58232,https://image.tmdb.org/t/p/w300/uzHIG8nXums3sCAiO4w5heZi3Hc.jpg
85736,13413,https://image.tmdb.org/t/p/w300/1wOReJq1vArLBSejND2Jbw0KeKh.jpg
85774,58496,https://image.tmdb.org/t/p/w300/nZbLCbRoP6iJq5sr8daHQzjnzFh.jpg
85788,49018,https://image.tmdb.org/t/p/w300/1egpmVXuXed58TH2UOnX1nATTrf.jpg
85796,49010,https://image.tmdb.org/t/p/w300/xxMaO7VoN2BnZit79PedVHnTjcO.jpg
85881,55725,https://image.tmdb.org/t/p/w300/xX0Ryq5J2weFF5BPYb80giKUL02.jpg
85885,48650,https://image.tmdb.org/t/p/w300/w90ItYf9qagQKVEBr1uFxPomAtf.jpg
86000,39356,https://image.tmdb.org/t/p/w300/jOcwOnCwTbCvJm7jAbeSo4Jgv0H.jpg
86014,60307,https://image.tmdb.org/t/p/w300/w77ZoDmHNf6lnk8NWsXqWYOQqnp.jpg
86028,53172,https://image.tmdb.org/t/p/w300/1i1sDWOZecbUZ4Yp9DG5UiTBBRl.jpg
86059,50359,https://image.tmdb.org/t/p/w300/2FrDmwXWjRE1zpNP288YncRt5RF.jpg
86066,64484,https://image.tmdb.org/t/p/w300/nmeKDPvieULQZecpRBeToxQB4qk.jpg
86068,75725,https://image.tmdb.org/t/p/w300/xQyNqN5coVrmUCPgmrOMmMg53Ba.jpg
86142,58857,https://image.tmdb.org/t/p/w300/yUsVsiVXUwClk4vSCx80vrdO6MV.jpg
86190,50456,https://image.tmdb.org/t/p/w300/6QDeHwBXDHbCbuzStgUpuUAqnap.jpg
86237,367647,
86279,54527,https://image.tmdb.org/t/p/w300/hzINyIeovFPMwtwMteSuXdByCby.jpg
86286,23521,https://image.tmdb.org/t/p/w300/d9s1aOsnXfeSOlzYuX6VVmORrFo.jpg
86290,46105,https://image.tmdb.org/t/p/w300/8YGb2712WLwfcV6ZagNaolNfeYv.jpg
86293,49012,https://image.tmdb.org/t/p/w300/foUTAJurvnbUoIUbnuUk5dyHx7M.jpg
86295,41446,https://image.tmdb.org/t/p/w300/3cf8p2qw9qnsaaFWc64AG6U05eT.jpg
86298,46195,https://image.tmdb.org/t/p/w300/4nJxhUknKV8Gqdhov8pU1YWDYfb.jpg
86320,62215,https://image.tmdb.org/t/p/w300/fMneszMiQuTKY8JUXrGGB5vwqJf.jpg
86332,10195,https://image.tmdb.org/t/p/w300/prSfAi1xGrhLQNxVSUFh61xQ4Qy.jpg
86345,45523,https://image.tmdb.org/t/p/w300/8mJMrrT4tkfZLMFvKQ0Hq6jlXbp.jpg
86347,30969,https://image.tmdb.org/t/p/w300/jJpTrCHb4ETP2zzjA5RQgJHBxed.jpg
86355,56780,https://image.tmdb.org/t/p/w300/tYfZIQb6ZabSUy1s1TRqSrYaAoM.jpg
86377,24447,https://image.tmdb.org/t/p/w300/kSAKi7kvolRwrV5vGM5aMLdhYnX.jpg
86504,167966,https://image.tmdb.org/t/p/w300/vDaZo3DHytTcawVVKUPP34MrbsX.jpg
86548,55787,https://image.tmdb.org/t/p/w300/8T7Hvb9trKvCAmbSI8cEIU0Sl2T.jpg
86593,57586,https://image.tmdb.org/t/p/w300/nERPMF2kHjc1slLHZYZGwcWX9kg.jpg
86628,51209,https://image.tmdb.org/t/p/w300/yjDvqAMyFlesBtWNUUZMgglo78y.jpg
86644,51497,https://image.tmdb.org/t/p/w300/gEfQjjQwY7fh5bI4GlG0RrBu7Pz.jpg
86668,241620,https://image.tmdb.org/t/p/w300/zUhKXqi5XtTO53UfHMFjAOdZTxQ.jpg
86721,42521,https://image.tmdb.org/t/p/w300/z1cKsKMfjl5n1TNcfnk2rQ20wM0.jpg
86781,46738,https://image.tmdb.org/t/p/w300/yH6DAQVgbyj72S66gN4WWVoTjuf.jpg
86815,43959,https://image.tmdb.org/t/p/w300/cvgRxrEupUFeJ0xzUExJo4dMXbL.jpg
86817,49022,https://image.tmdb.org/t/p/w300/66VZu75VeLGc6tcAypqyGzWcPeN.jpg
86833,55721,https://image.tmdb.org/t/p/w300/gJtA7hYsBMQ7EM3sPBMUdBfU7a0.jpg
86835,38321,https://image.tmdb.org/t/p/w300/fYHiA7LPGl9DG7m3DUs0Td1VMcO.jpg
86864,39410,https://image.tmdb.org/t/p/w300/u6Xuovau8elLM6hGc5g1gMzjmWK.jpg
86880,1865,https://image.tmdb.org/t/p/w300/keGfSvCmYj7CvdRx36OdVrAEibE.jpg
86882,59436,https://image.tmdb.org/t/p/w300/4wBG5kbfagTQclETblPRRGihk0I.jpg
86892,51608,https://image.tmdb.org/t/p/w300/ld19CFIo27t41JXSGZdaPMUGTxh.jpg
86898,8967,https://image.tmdb.org/t/p/w300/l8cwuB5WJSoj4uMAsnzuHBOMaSJ.jpg
86911,45243,https://image.tmdb.org/t/p/w300/cKZu0Fdkj7dmwbfMpgDqVVCkLJQ.jpg
86922,52077,https://image.tmdb.org/t/p/w300/vqJmmfVavVX9F9De3LQLDlGPc6D.jpg
86960,21469,https://image.tmdb.org/t/p/w300/eH92tHb7A3jrPw0OBgwZeBWKlk1.jpg
87028,49950,https://image.tmdb.org/t/p/w300/kQZcOn5rDuwpbQTluC4Wm0amYmR.jpg
87192,59678,https://image.tmdb.org/t/p/w300/wzCMnA6NDruLzgWeqMcLPDrGAdF.jpg
87194,59468,https://image.tmdb.org/t/p/w300/uaRfG7n92IiuYcKLl7LJo2gr6qO.jpg
87197,51533,https://image.tmdb.org/t/p/w300/pkwBO3XkQLhgb31vl5ZwmGC5meT.jpg
87222,49444,https://image.tmdb.org/t/p/w300/mtqqD00vB4PGRt20gWtGqFhrkd0.jpg
87232,49538,https://image.tmdb.org/t/p/w300/hNEokmUke0dazoBhttFN0o3L7Xv.jpg
87234,49020,https://image.tmdb.org/t/p/w300/nbzXX3CYtKUBrPeMcG7PVoLQHXB.jpg
87287,70862,https://image.tmdb.org/t/p/w300/1vysYoEj5XFrfcSBrJyWQ4YeHks.jpg
87298,45658,https://image.tmdb.org/t/p/w300/n4wMD3LHyo3nYZNWEOGLzgdyWjX.jpg
87304,55347,https://image.tmdb.org/t/p/w300/mAquHAmoBgZ1omUNdNsnGVNX74c.jpg
87306,37686,https://image.tmdb.org/t/p/w300/pUWIjaMMYJjeBm5bJyE3mIXdQ62.jpg
87413,19963,https://image.tmdb.org/t/p/w300/c5jNOFSbUttQZl4CesnpAe1LrPR.jpg
87430,44912,https://image.tmdb.org/t/p/w300/fj21HwUprqjjwTdkKC1XZurRSpV.jpg
87444,56272,https://image.tmdb.org/t/p/w300/eLv57AjGugpx2shfaq9crEBVioL.jpg
87483,58224,https://image.tmdb.org/t/p/w300/jGwZ1QI5DaL7mHQ2ZsMV1p8xvPS.jpg
87485,52449,https://image.tmdb.org/t/p/w300/zpIY4qUSX91J9XpPgr0hFrk1eKr.jpg
87520,38356,https://image.tmdb.org/t/p/w300/28YlCLrFhONteYSs9hKjD1Km0Cj.jpg
87522,59861,https://image.tmdb.org/t/p/w300/8GDM7RqM6J1vNUdlU94rmtlNa3e.jpg
87529,38319,https://image.tmdb.org/t/p/w300/zw1tEKhR1ncGGtuYkkf30GYlvYQ.jpg
87660,65034,https://image.tmdb.org/t/p/w300/pcrCKELIeNFfFrAoVFpMTpzTqVx.jpg
87785,22907,https://image.tmdb.org/t/p/w300/s2zx7JA87rkQcmsV40k0vbVJ6oh.jpg
87834,73884,https://image.tmdb.org/t/p/w300/iyMQFIzidWRnjSjpPps1y5nFOPj.jpg
87867,38317,https://image.tmdb.org/t/p/w300/y3b4AYw8dr4hIKTfEAjxUxx0z8G.jpg
87869,51540,https://image.tmdb.org/t/p/w300/uQkUwgyFHAm0jGQERPG6Z9o9Zbj.jpg
87876,49013,https://image.tmdb.org/t/p/w300/okIz1HyxeVOMzYwwHUjH2pHi74I.jpg
87960,24792,https://image.tmdb.org/t/p/w300/cIvxIiwmx2bhDTFuflqgTNNC742.jpg
88069,67109,https://image.tmdb.org/t/p/w300/hGmjlOFPaqwxAxR3XDvalExTlXd.jpg
88094,64780,https://image.tmdb.org/t/p/w300/jV4USc1ivMeaaD0vMrfVfWiWmWb.jpg
88108,59860,https://image.tmdb.org/t/p/w300/dcbqyycrWA56HXq5lm41HYuED8Y.jpg
88125,12445,https://image.tmdb.org/t/p/w300/c54HpQmuwXjHq2C9wmoACjxoom3.jpg
88129,64690,https://image.tmdb.org/t/p/w300/602vevIURmpDfzbnv5Ubi6wIkQm.jpg
88140,1771,https://image.tmdb.org/t/p/w300/vSNxAJTlD0r02V9sPYpOjqDZXUK.jpg
88163,50646,https://image.tmdb.org/t/p/w300/p4RafgAPk558muOjnBMHhMArjS2.jpg
88179,51828,https://image.tmdb.org/t/p/w300/n9jMwSg4IavdD8wqdYnyW5w3Mvp.jpg
88235,67913,https://image.tmdb.org/t/p/w300/dtQiStID0le2EMTmJXupPRybARB.jpg
88267,51162,https://image.tmdb.org/t/p/w300/xlFs85nq62jeR4a9iHNGB113m6x.jpg
88272,65599,https://image.tmdb.org/t/p/w300/zOGqKcuApM1Js4C0n4luv9rctBH.jpg
88327,28039,https://image.tmdb.org/t/p/w300/80wyNgKIPJCMTb8lzaG9rbezV10.jpg
88345,13931,https://image.tmdb.org/t/p/w300/mOnNx05XOPFeQhOqpbPI0lwEf4N.jpg
88356,41513,https://image.tmdb.org/t/p/w300/vRhnslP2gW0QDym7BsMeSuioUfK.jpg
88405,50544,https://image.tmdb.org/t/p/w300/nKhhDFCdzxeJ3GUunQ570LDpUkz.jpg
88448,50004,https://image.tmdb.org/t/p/w300/xgdLPEiHr4HqtNYuzBhmY9nE4Aa.jpg
88515,55846,https://image.tmdb.org/t/p/w300/qjqmhhc7uLub22mhu4V6DjOBwXM.jpg
88593,57361,https://image.tmdb.org/t/p/w300/yPJMDxam5HP0DAc1rMk0aNRpSc5.jpg
88672,59968,https://image.tmdb.org/t/p/w300/2HahJCcUEduvMUTQhsqRwutpFw1.jpg
88697,209802,https://image.tmdb.org/t/p/w300/pzy2cwGh3fssoxqaIJFWOnMax5x.jpg
88699,51620,https://image.tmdb.org/t/p/w300/80mBFNVvak2bA9TJN1MD0yM7Lfi.jpg
88744,61791,https://image.tmdb.org/t/p/w300/oqA45qMyyo1TtrnVEBKxqmTPhbN.jpg
88746,51993,https://image.tmdb.org/t/p/w300/ng3K9EeuBFn82kN4XgpOKQgx6Fd.jpg
88785,49520,https://image.tmdb.org/t/p/w300/iV6ARQZyGpjygtzFMdWH9U1Lj9x.jpg
88810,50014,https://image.tmdb.org/t/p/w300/3kmfoWWEc9Vtyuaf9v5VipRgdjx.jpg
88812,62206,https://image.tmdb.org/t/p/w300/12VgS5G6OG7ANKrSbhtUD2POHb8.jpg
88911,39413,https://image.tmdb.org/t/p/w300/fWd8uTsMmbjFUXAjTTHwMHZglXq.jpg
88932,55779,https://image.tmdb.org/t/p/w300/Akx1Po4ZLetOWfYJhQf75tbhTtK.jpg
88954,55465,https://image.tmdb.org/t/p/w300/cncxLilRHKayn8VKhzjAMHkbN4f.jpg
89028,46261,https://image.tmdb.org/t/p/w300/jMBMm1jwqvILV8p1K44brBnmwLK.jpg
89039,55420,https://image.tmdb.org/t/p/w300/qvGJK3lFzpifAdyIupMNdWNX0qr.jpg
89047,44835,https://image.tmdb.org/t/p/w300/dD03azf3h1hUHVzVkkqJs96Kkay.jpg
89072,52015,https://image.tmdb.org/t/p/w300/q5Cq3svR0XPEb9VkVBHPowT1Bxf.jpg
89085,48289,https://image.tmdb.org/t/p/w300/zlavkPAIzIIQppcU9vcQrKZjfmb.jpg
89087,62835,https://image.tmdb.org/t/p/w300/rEdGDgRB3gducezNSIyx2lbKQy4.jpg
89090,55244,https://image.tmdb.org/t/p/w300/ex1m4lIAcdxJLBojN90fD3HoxlU.jpg
89118,63311,https://image.tmdb.org/t/p/w300/xa7uCwGYykrf8MMI8iF5dZvNlrG.jpg
89190,37430,https://image.tmdb.org/t/p/w300/sSMjZmOtqzlRTYSUFPmIXTV4rhh.jpg
89208,16335,https://image.tmdb.org/t/p/w300/cWDZAGHjsIk2Aezakk783cBIas5.jpg
89281,40016,https://image.tmdb.org/t/p/w300/gqmcAVNNUosB55RliecFYnkWT4M.jpg
89305,69798,https://image.tmdb.org/t/p/w300/nePYsVp0qU8EbSXeUdr3xEkHlzN.jpg
89343,48572,https://image.tmdb.org/t/p/w300/mbukOgivZWGNAxEQVt4hLUVME2P.jpg
89386,72744,https://image.tmdb.org/t/p/w300/d38PBlEsj5W9Od581GuWLeTuy4F.jpg
89388,70868,https://image.tmdb.org/t/p/w300/eUQfE21WB0qKfUx6yUAhmsCWTmX.jpg
89427,65055,https://image.tmdb.org/t/p/w300/cjfRqUXtNc2iJHfP60HTq9nFs0.jpg
89470,39538,https://image.tmdb.org/t/p/w300/qL0IooP0bjXy0KXl9KEyPo22ll0.jpg
89492,60308,https://image.tmdb.org/t/p/w300/4yIQq1e6iOcaZ5rLDG3lZBP3j7a.jpg
89580,55785,https://image.tmdb.org/t/p/w300/a964EBCChUHims8RxfU1LC0rws0.jpg
89582,68341,https://image.tmdb.org/t/p/w300/669GmEZsyMlPliURX5myHTStslv.jpg
89586,71689,https://image.tmdb.org/t/p/w300/updMFSOZwEftfkJRpozwBlRlYI2.jpg
89678,18093,https://image.tmdb.org/t/p/w300/gEuCp3fiWp3SBy2gnLR4HH2iAVQ.jpg
89745,24428,https://image.tmdb.org/t/p/w300/RYMX2wcKCBAr24UyPD7xwmjaTn.jpg
89753,49517,https://image.tmdb.org/t/p/w300/e0dZ7TapGY9HtJ9xk1TUHPEOccl.jpg
89759,60243,https://image.tmdb.org/t/p/w300/xQadpnoLokxzN3hRpCPbBGpxsiz.jpg
89761,48231,https://image.tmdb.org/t/p/w300/7TPYtzq9ABkfED1JB0tRASamL4z.jpg
89774,59440,https://image.tmdb.org/t/p/w300/iM8n4nZJPR2abpnyZ36FUgHiRjr.jpg
89804,10316,https://image.tmdb.org/t/p/w300/w8t4UnJnC24S9ygoaFgmMzRbErd.jpg
89837,74725,https://image.tmdb.org/t/p/w300/qwT2I3ons0oD58jIppKmd4qLtvB.jpg
89840,49021,https://image.tmdb.org/t/p/w300/7O2U0WPFPSvNSUYZlhbnV081lBF.jpg
89862,58699,https://image.tmdb.org/t/p/w300/4bGB2k4JngWLVABKIw1S7cnlh5h.jpg
89864,40807,https://image.tmdb.org/t/p/w300/8f9tM9JVB4ETBhxlQcXIjLckArl.jpg
89898,63375,https://image.tmdb.org/t/p/w300/c7aMcRsKSU3oOhEdrfcR04iZEMS.jpg
89904,74643,https://image.tmdb.org/t/p/w300/xYMYV8lMIeQMymuNPBvq3hOnqXw.jpg
89939,123723,https://image.tmdb.org/t/p/w300/devLzCOnSjKKXNZmXxVB8Rd86bA.jpg
89945,59852,https://image.tmdb.org/t/p/w300/5BAFoOcJ0kp1JNcI8eVyou49A54.jpg
90057,64720,https://image.tmdb.org/t/p/w300/dldIX0q5jewe8rSyCh8d5I1RYx3.jpg
90243,58878,https://image.tmdb.org/t/p/w300/5gHucIqPYxKzOhQxyEshbDtuU4m.jpg
90245,37239,https://image.tmdb.org/t/p/w300/5avrBzIW7mXrUmUAz8gNz8KxXhB.jpg
90249,39254,https://image.tmdb.org/t/p/w300/4GIeI5K5YdDUkR3mNQBoScpSFEf.jpg
90343,68817,https://image.tmdb.org/t/p/w300/cDUW5RWmyHcTxu7eg9eMqhBQy2J.jpg
90345,60935,https://image.tmdb.org/t/p/w300/dmn2nVo8h7LMnk694JxCRIwK06p.jpg
90353,59437,https://image.tmdb.org/t/p/w300/7puPuSeje8315Pbdxzo8bxHD6EB.jpg
90357,76543,https://image.tmdb.org/t/p/w300/p6PJGuO6K94YylUcAsTTn7Q4cQn.jpg
90374,50837,https://image.tmdb.org/t/p/w300/bgB4sa9UfCyGdamfKAZXyEWuAwR.jpg
90376,71859,https://image.tmdb.org/t/p/w300/AtdYbs1SqYwFOLyi2v6ldVTawbn.jpg
90384,10005,https://image.tmdb.org/t/p/w300/7sbLeFbRxSNXHc1ZO4zxFy3sIgc.jpg
90403,52451,https://image.tmdb.org/t/p/w300/woCADkkDIIKrOMEokbFOEsAYtUa.jpg
90405,49530,https://image.tmdb.org/t/p/w300/3Mwj2sIONQckOZP3YwsUXF7U5I4.jpg
90428,44754,https://image.tmdb.org/t/p/w300/zqBao8uRH6TQAJd13tqC22vPB76.jpg
90430,72113,https://image.tmdb.org/t/p/w300/3Imx53XV3T02ADlMxYazYXVNysZ.jpg
90439,50839,https://image.tmdb.org/t/p/w300/qtO57obCJuUBS0en3HLgFgZ19Xk.jpg
90469,72571,https://image.tmdb.org/t/p/w300/9nYranPiWdNmbD5PRPPSL7VUFTS.jpg
90471,72432,https://image.tmdb.org/t/p/w300/sQD8NLW8ZsKHZMx9n7dLHSDgseH.jpg
90522,58233,https://image.tmdb.org/t/p/w300/zDbrU0eSnRGh5gHc1iqTACTNNyT.jpg
90524,59965,https://image.tmdb.org/t/p/w300/d0TIDrwnMFVjg2EO4LsXQn1mbbc.jpg
90528,53487,https://image.tmdb.org/t/p/w300/7WSD4SAMGVP6BHSOzDGL9Acunxd.jpg
90531,76025,https://image.tmdb.org/t/p/w300/cAWLz9kFv4xc6IsEXTj2DrcqD55.jpg
90576,63492,https://image.tmdb.org/t/p/w300/eqn3UeXMY9W1Ow3jIZ6COqbjUWX.jpg
90600,70670,https://image.tmdb.org/t/p/w300/k5DQqsb9T8djkTAOdwNCBBBHrtK.jpg
90603,69735,https://image.tmdb.org/t/p/w300/mLZRhulJcDsxZWTdfx0trtk6y07.jpg
90630,77801,https://image.tmdb.org/t/p/w300/98owJxMsoARozljBXpQXH93v2fF.jpg
90717,59108,https://image.tmdb.org/t/p/w300/jQrroNwP8hbFiUlNMs20emauwPE.jpg
90719,88794,https://image.tmdb.org/t/p/w300/gltciP2dIaEQmm4JeYfB088k40n.jpg
90738,73499,https://image.tmdb.org/t/p/w300/t4W10sjJSDAWRUDn2Kb8DQKxiZv.jpg
90746,17578,https://image.tmdb.org/t/p/w300/fQZ3sLR1Fi63NMsNRbjm9q5qODJ.jpg
90769,40658,https://image.tmdb.org/t/p/w300/1z05uhHmSdXV8LGM8DPnBkf86DU.jpg
90809,65229,https://image.tmdb.org/t/p/w300/plEV1Q5u5caYASlG3pq3ON7acN7.jpg
90866,44826,https://image.tmdb.org/t/p/w300/1dxRq3o3l3bVWNRvvSb7rRf68qp.jpg
90888,37958,https://image.tmdb.org/t/p/w300/4SPPX5KIyaQ9O8n5rLvvUIiIhpF.jpg
90890,71880,https://image.tmdb.org/t/p/w300/kFeAxmZvu0TE4iuLRHQD6Cej8Wf.jpg
90943,77365,https://image.tmdb.org/t/p/w300/omYLK5w7N5YeWi4gFcNTylgvL8j.jpg
91077,65057,https://image.tmdb.org/t/p/w300/8cDq5UlOPYeKm39okALCEOsZPxk.jpg
91079,60420,https://image.tmdb.org/t/p/w300/8eIhNKnRfayRwWChx0atZh4vGua.jpg
91094,64328,https://image.tmdb.org/t/p/w300/mOB0Hdm23NslPNDkZC9eueatW3b.jpg
91104,50619,https://image.tmdb.org/t/p/w300/qs8LsHKYlVRmJbFUiSUhhRAygwj.jpg
91126,57212,https://image.tmdb.org/t/p/w300/3aRHhvvngFPJFy5uAjo7GVr3PhL.jpg
91128,23514,https://image.tmdb.org/t/p/w300/uErFROiMrpk7owQWKK3bpD4hSJs.jpg
91233,13060,https://image.tmdb.org/t/p/w300/iwI3R8ZR3MQ5dnTx9tHSiS81i4W.jpg
91261,38336,https://image.tmdb.org/t/p/w300/ongsJQScENi8QPrt8hXIjh0PKR.jpg
91266,15157,https://image.tmdb.org/t/p/w300/bW957WNXiiUvIGFaUVL7wMeD776.jpg
91273,30618,https://image.tmdb.org/t/p/w300/6VG9XFig4djqZEEot3PGGWeIpkf.jpg
91323,57431,https://image.tmdb.org/t/p/w300/jlGzZ8McDp73PAaWMeYCHWeHiM4.jpg
91325,64685,https://image.tmdb.org/t/p/w300/6pszViNvKr1r31pP7gJNYDHEx5P.jpg
91337,45708,https://image.tmdb.org/t/p/w300/48vqo9NZ6SyPohEepFiQNnYvnOg.jpg
91353,9369,https://image.tmdb.org/t/p/w300/lKSunt7dnbITSopaEeeR7KfeSHb.jpg
91355,9642,https://image.tmdb.org/t/p/w300/dW9h1Ez6PRx8PnZUVT27MnG8Wu5.jpg
91386,65759,https://image.tmdb.org/t/p/w300/2gWiQ4mn85jcXtREVePlVViupeV.jpg
91414,51052,https://image.tmdb.org/t/p/w300/brELZkSbkLrcCXJ0xt5hQUMXhut.jpg
91470,91550,https://image.tmdb.org/t/p/w300/aQawgKvHovftR0Ues1tlYrxLEWh.jpg
91483,70074,https://image.tmdb.org/t/p/w300/arJfxShfuZPhqfBZZU6DkPZfnjn.jpg
91485,76163,https://image.tmdb.org/t/p/w300/74rTIGyGoIu5KSxDVMdr8H3MtMo.jpg
91488,13396,https://image.tmdb.org/t/p/w300/b3CMolkeXrPaVvd5vTsssMKfZZo.jpg
91500,70160,https://image.tmdb.org/t/p/w300/yXCbOiVDCxO71zI7cuwBRXdftq8.jpg
91529,49026,https://image.tmdb.org/t/p/w300/hr0L2aueqlP2BYUblTTjmtn0hw4.jpg
91535,49040,https://image.tmdb.org/t/p/w300/1aExL5DTGHj25ZfIC3dDwS84RWi.jpg
91542,58574,https://image.tmdb.org/t/p/w300/y1MYZkwhZK6L0Jy4YMuPktzDOfn.jpg
91571,101173,https://image.tmdb.org/t/p/w300/6W6In8IUJMkxB8aBipulho6QLDd.jpg
91622,57157,https://image.tmdb.org/t/p/w300/4tGMz5xUs9sk8X9B28G6UalHK1d.jpg
91628,62838,https://image.tmdb.org/t/p/w300/TroWD1BdcLEL7Ycqv4kkCRw7KJ.jpg
91630,56292,https://image.tmdb.org/t/p/w300/eRZTGx7GsiKqPch96k27LK005ZL.jpg
91653,74465,https://image.tmdb.org/t/p/w300/dcOvIqdsojUdAtWt1nPT9xS76Su.jpg
91658,65754,https://image.tmdb.org/t/p/w300/8bokS83zGdhaXgN9tjidUKmAftW.jpg
91660,71469,https://image.tmdb.org/t/p/w300/iUrtHcc8rn7iX31Id3MYOT1rbyw.jpg
91666,16939,https://image.tmdb.org/t/p/w300/2rUFvSmkPvMMIhf02uFOfH1TDDA.jpg
91671,55301,https://image.tmdb.org/t/p/w300/npOXWVoZyl8UrF2wtByHtfmsWSX.jpg
91688,51995,https://image.tmdb.org/t/p/w300/q8kPPcpPUGhdAOP5LYHDMKZBXYP.jpg
91690,80038,https://image.tmdb.org/t/p/w300/cA6putv2ND8snBBa0t9WhlW1TfG.jpg
91784,59006,https://image.tmdb.org/t/p/w300/t6Mr51fTqha0bVFUS8b8YAhxhyJ.jpg
91842,77866,https://image.tmdb.org/t/p/w300/c9NQDANheSz887myHeMocUKQ5Je.jpg
91860,269963,https://image.tmdb.org/t/p/w300/8RHmX8qLya7hloxdOBzyzKDySH5.jpg
91869,75301,https://image.tmdb.org/t/p/w300/7W2jIcJoWyMaYNiSkCxhZQX3OQF.jpg
91873,63574,https://image.tmdb.org/t/p/w300/pIgrIGFMZ7CslGPCWI7JHV3R96H.jpg
91890,71688,https://image.tmdb.org/t/p/w300/fx7wpKXOht7WOkeOslvErbrf69Q.jpg
91935,72842,https://image.tmdb.org/t/p/w300/5t8UtFxxdf0QtwUZZ5vF3ei91mO.jpg
91947,79896,https://image.tmdb.org/t/p/w300/bECzzYkRFlCZZAjQ9wboMGyWFcL.jpg
91974,52520,https://image.tmdb.org/t/p/w300/jN0uuc8U6M3sTg9zEaliJV60Stf.jpg
91976,75174,https://image.tmdb.org/t/p/w300/a0Vt3wx8ciKmPt4iXPx9sH4HBVU.jpg
91978,49527,https://image.tmdb.org/t/p/w300/pziTpiYy5dtVdvXctYIZv09r5Nk.jpg
91981,55741,https://image.tmdb.org/t/p/w300/36HScOStUVBOydrQwofZwrG3CUE.jpg
92008,70435,https://image.tmdb.org/t/p/w300/c9fJ0dYC30NnE9k2p61c0dqlZqW.jpg
92046,31337,https://image.tmdb.org/t/p/w300/uDV8vKdnYb6XJtzZqu4Lqt6m7Yh.jpg
92048,65760,https://image.tmdb.org/t/p/w300/iIVcea2BHHi7RJgucGEmpt3zkED.jpg
92094,15044,https://image.tmdb.org/t/p/w300/atbER263nDEMBQEb0dnfikN4mgX.jpg
92192,50357,https://image.tmdb.org/t/p/w300/4bLqU6YncqvKETzvPZPPoVrLUYM.jpg
92198,74998,https://image.tmdb.org/t/p/w300/lN3O0j1DKVnwhO1h5J3utrmrBF2.jpg
92234,72431,https://image.tmdb.org/t/p/w300/dXmhYTdeMiuQFW4VpiWbfjtxtl9.jpg
92243,76758,https://image.tmdb.org/t/p/w300/7NVgVX663tdareijAiv0eLiLn6d.jpg
92259,77338,https://image.tmdb.org/t/p/w300/1QU7HKgsQbGpzsJbJK4pAVQV9F5.jpg
92264,54054,https://image.tmdb.org/t/p/w300/eeltLl5jLUl9d96tpKkCAWu4JWu.jpg
92309,58428,https://image.tmdb.org/t/p/w300/aC9XHtf0Opw2IJDVjSkL8eO71An.jpg
92348,58704,https://image.tmdb.org/t/p/w300/6TM68raRJOgfdyrlmToIjh8lHRs.jpg
92391,50698,https://image.tmdb.org/t/p/w300/8vnsB3Rg9Gb91UOaecXRb7dYB37.jpg
92420,76726,https://image.tmdb.org/t/p/w300/kdyrdFIt29FUmLIKvedAc2j4rpo.jpg
92422,65086,https://image.tmdb.org/t/p/w300/nghQnDZE4EsQJ4J4zxR3UqItTpO.jpg
92427,80125,https://image.tmdb.org/t/p/w300/9SmlwvWXuGU0OdrN78Cp9Tg2PTd.jpg
92439,64678,https://image.tmdb.org/t/p/w300/3ahdKyzHbYhvqJdtpsEWipEai98.jpg
92494,13976,https://image.tmdb.org/t/p/w300/pivw76Oclu3lWdLf3FjwHANXMdD.jpg
92507,59961,https://image.tmdb.org/t/p/w300/7CBhSjQa07LYt0RGejYjWugGmdV.jpg
92509,72570,https://image.tmdb.org/t/p/w300/y5GUXzTvt7kSQbdQrSvbYNoa8HB.jpg
92535,80379,https://image.tmdb.org/t/p/w300/bGntW92XqJ66EIQdBeseee1Q7Um.jpg
92637,54146,https://image.tmdb.org/t/p/w300/KIRFXDuELVg86zDqDH0ESd9QoV.jpg
92643,78480,https://image.tmdb.org/t/p/w300/qcSXbOP1iv859kgQgqZ4Ib9yqKG.jpg
92665,84200,https://image.tmdb.org/t/p/w300/9eIlVo8lvk9fmfP05JGFKlPha80.jpg
92674,73700,https://image.tmdb.org/t/p/w300/ps2q0DqpEOOvSLL6KQNmpqqsbKh.jpg
92681,72545,https://image.tmdb.org/t/p/w300/uFm2vnp9LhHx5MNo1Ego6O3vUhl.jpg
92694,51999,https://image.tmdb.org/t/p/w300/2UuuO6MX1AzD61zX6NHiHQODoI1.jpg
92730,64029,https://image.tmdb.org/t/p/w300/646qGnilmPEpMwhDYXQrsMUiweV.jpg
92760,37464,https://image.tmdb.org/t/p/w300/h3bIRCcoSIRbqneTtnooDmK4n4V.jpg
92938,71676,https://image.tmdb.org/t/p/w300/8zmX5xq9mkHNBF00CBQQXDns4MN.jpg
92954,21634,https://image.tmdb.org/t/p/w300/1viFwXluAettogGDsTrSUUg29lZ.jpg
93022,51875,https://image.tmdb.org/t/p/w300/mDrQ2rRdmlKAOeSUvSFZi0Rt5op.jpg
93114,59045,https://image.tmdb.org/t/p/w300/AjZgOidGeYN6ZGDHlwx1RZ9UFXV.jpg
93134,57243,https://image.tmdb.org/t/p/w300/88875SqNHpwslXXa5WtDA3VnOvn.jpg
93139,52454,https://image.tmdb.org/t/p/w300/Y2nVRQWMjmtdqZ6zzo3CuvVDFa.jpg
93193,45569,https://image.tmdb.org/t/p/w300/fLELMBUdDoqJvPDE7CcYn0Ny6y8.jpg
93208,25831,https://image.tmdb.org/t/p/w300/7sWpajczOeWzubfw7VLAMU9OeHS.jpg
93242,79548,https://image.tmdb.org/t/p/w300/5GcbQhm0Qbbf1qt24spUpqX5tfP.jpg
93270,57214,https://image.tmdb.org/t/p/w300/lUPDGT3lyRrq8SvWuNWG2DP64bR.jpg
93272,73723,https://image.tmdb.org/t/p/w300/tePFnZFw5JvjwjQjaKkqDPNMLPU.jpg
93287,73937,https://image.tmdb.org/t/p/w300/q6Pr8fWKh664seri2MaQeIJ6eSI.jpg
93297,75674,https://image.tmdb.org/t/p/w300/1Xcd5ci69pVXMPP02DU11Ffq0yY.jpg
93320,38674,https://image.tmdb.org/t/p/w300/sB2JGcgznErnf9lCm8cZjhV2W4W.jpg
93326,59962,https://image.tmdb.org/t/p/w300/7d1hwECRc1NZlGfAeYE42ki7Fem.jpg
93363,49529,https://image.tmdb.org/t/p/w300/lCxz1Yus07QCQQCb6I0Dr3Lmqpx.jpg
93443,74387,https://image.tmdb.org/t/p/w300/xLmZCfJici1SdT6zmhDtGVWsXXi.jpg
93502,63493,https://image.tmdb.org/t/p/w300/cTaDS6CTIfZ5MH189ub6oE1FATk.jpg
93510,64688,https://image.tmdb.org/t/p/w300/8v3Sqv9UcIUC4ebmpKWROqPBINZ.jpg
93512,82532,https://image.tmdb.org/t/p/w300/9zn7I5dmZ7IGng87gWVk9K37eq7.jpg
93563,81796,https://image.tmdb.org/t/p/w300/i5QfNIcg6hc327IWUerea0EczP4.jpg
93598,67748,https://image.tmdb.org/t/p/w300/5LW1vPLa8ueVwdOgR8w5xYkSQGv.jpg
93610,61984,https://image.tmdb.org/t/p/w300/qlRJcIFiVwA6X58LOGNuMP1io2H.jpg
93721,80767,https://image.tmdb.org/t/p/w300/iVrkM4jSJw1IsOpW5jTtY5QxVqj.jpg
93723,82533,https://image.tmdb.org/t/p/w300/kF5kdsQbRh1U8Bvjyu6iIxOAsEx.jpg
93740,81025,https://image.tmdb.org/t/p/w300/tSmZAKh1H80AGERgMOvXAWTwbVQ.jpg
93766,57165,https://image.tmdb.org/t/p/w300/b9n2R3xZWQ8MVZgndQoV34stS0h.jpg
93790,74308,https://image.tmdb.org/t/p/w300/bC5H2dabnHrQJD1KmQUSUUeuCXU.jpg
93805,10679,https://image.tmdb.org/t/p/w300/hVDJM29BSbET4FzI24xLuWSmDUR.jpg
93819,74777,https://image.tmdb.org/t/p/w300/imUIPWoe0Yma5UhZVl6bqX5lF.jpg
93831,71552,https://image.tmdb.org/t/p/w300/de5QBIdVR4dnkBZ4a0zjkS4lTg.jpg
93838,94329,https://image.tmdb.org/t/p/w300/Abnm1Ws3JH0ReCfEhLMPwPcMcGO.jpg
93840,22970,https://image.tmdb.org/t/p/w300/zZZe5wn0udlhMtdlDjN4NB72R6e.jpg
93855,74306,https://image.tmdb.org/t/p/w300/jEyiGve8BLOCvi8R2tL8H52aLp4.jpg
93980,76489,https://image.tmdb.org/t/p/w300/b0nNQCL90RGTwjxLEFsFFLQZKNe.jpg
93982,70436,https://image.tmdb.org/t/p/w300/boE0JFhZRpWLLrKOQE6bCBZGerP.jpg
94011,54271,https://image.tmdb.org/t/p/w300/hDBDk1wWOQ7PYSaGKbv8dEsFVYB.jpg
94015,62764,https://image.tmdb.org/t/p/w300/pys6zIJN8Sxlk2Ss2GZuYuXPbtw.jpg
94018,44833,https://image.tmdb.org/t/p/w300/9b0Im7SfedHiajTwzSL9zGyBI7M.jpg
94070,74534,https://image.tmdb.org/t/p/w300/gNWiOKTWDvPTpr7QfPWk18gLftz.jpg
94122,91356,https://image.tmdb.org/t/p/w300/zcYCcVxJWulOMNrQJZxzMRuBmm7.jpg
94130,84404,https://image.tmdb.org/t/p/w300/gFYEYUEvXsWzf5cDH64YjibMzpp.jpg
94150,75802,https://image.tmdb.org/t/p/w300/ziWnXi2VyNDD9qPi5wmOuolOCIu.jpg
94160,31967,https://image.tmdb.org/t/p/w300/nAEGEYTjbli3JoFgyrLn3blxDqi.jpg
94262,37467,https://image.tmdb.org/t/p/w300/vnofOvxhhG7gwAgSR0XJ9Y6JSMp.jpg
94266,72207,https://image.tmdb.org/t/p/w300/4Bj6pw3ZCo1f2DXP4k7AUDwMTFX.jpg
94323,67660,https://image.tmdb.org/t/p/w300/kfIrKVPDzXJDBzPnFEuoatlaZPW.jpg
94325,77877,https://image.tmdb.org/t/p/w300/vF1ZuIkF9Z71VzVvG265xJUawb0.jpg
94405,72387,https://image.tmdb.org/t/p/w300/kOCpkoMUVae9UIf85gO71SyjLbW.jpg
94478,62213,https://image.tmdb.org/t/p/w300/fd9Ck4cxVlmtXsbeGtQW7WFuUFI.jpg
94494,89326,https://image.tmdb.org/t/p/w300/39FwN8IVp8y46KJ6VjA8oFY8e1o.jpg
94503,40161,https://image.tmdb.org/t/p/w300/cLFecF4VfzuVXjQBnoo9sCDuTqW.jpg
94661,26815,https://image.tmdb.org/t/p/w300/3Z8lLFzPOBfOO4w3CykRaCeh9h.jpg
94677,76493,https://image.tmdb.org/t/p/w300/n0W7kajF4GFMRk2c0wWwMQqTaDM.jpg
94735,28500,https://image.tmdb.org/t/p/w300/aZoIWwA8Am0E4gjpcRRdoZVRLdJ.jpg
94777,41154,https://image.tmdb.org/t/p/w300/90DdoEStzeObs96fsYf4GG544iN.jpg
94780,58595,https://image.tmdb.org/t/p/w300/8HUa5kRubYbnAD5UVpnhTGGgMTW.jpg
94799,86812,https://image.tmdb.org/t/p/w300/6wStc532wuBrW2NZM3TicEWDmaL.jpg
94810,77561,https://image.tmdb.org/t/p/w300/9GH6VRhwI5SrD178aqPCI1Xpf4P.jpg
94833,72197,https://image.tmdb.org/t/p/w300/bkLeXPDP6sramrTiF5W7TzUl4t0.jpg
94864,70981,https://image.tmdb.org/t/p/w300/qsYQflQhOuhDpQ0W2aOcwqgDAeI.jpg
94867,111440,https://image.tmdb.org/t/p/w300/o0a4iSc5yKEiV15NCTI5GwrZudc.jpg
94896,92591,https://image.tmdb.org/t/p/w300/rW5CetooG545jpkPNpD4FjFAXfe.jpg
94919,12645,https://image.tmdb.org/t/p/w300/x1JpxURGHRkaGM819kVipNdtgR0.jpg
94931,86555,https://image.tmdb.org/t/p/w300/tjE6XUPNNaG6VGPyq1SdCghoMos.jpg
94953,50647,https://image.tmdb.org/t/p/w300/hH1Bla0W4YIn9sdd9NwODzDCcE4.jpg
94959,83666,https://image.tmdb.org/t/p/w300/y4SXcbNl6CEF2t36icuzuBioj7K.jpg
94985,80389,https://image.tmdb.org/t/p/w300/y4IACuEUGkygp2QsZPUEMY5Tlft.jpg
95004,13640,https://image.tmdb.org/t/p/w300/itvuWm7DFWWzWgW0xgiaKzzWszP.jpg
95067,72358,https://image.tmdb.org/t/p/w300/hSxVSMHrW3epffELvi2CC5XdFXb.jpg
95088,84332,https://image.tmdb.org/t/p/w300/gH0l9kiaK1Ulalbq07nqR7jtin5.jpg
95105,80321,https://image.tmdb.org/t/p/w300/ekraj4ksvIKeuvQVEevEJkuybZd.jpg
95135,84355,https://image.tmdb.org/t/p/w300/yEyoOzOEUBMSofsTticDWBOOsv7.jpg
95145,39144,https://image.tmdb.org/t/p/w300/dZCWRFJnwyxYOhzAhf7Xyru4moB.jpg
95147,39145,https://image.tmdb.org/t/p/w300/9BMFoAqU4DadJajmL3BX0CgJXfe.jpg
95149,22855,https://image.tmdb.org/t/p/w300/izvMc22ywSLFWUXZEIuJJ8dms75.jpg
95163,116776,https://image.tmdb.org/t/p/w300/4uPs9rjKkGWOmc5QO4VV08YdLpV.jpg
95165,39100,https://image.tmdb.org/t/p/w300/5elbm3iLgGQ6nA5vqUmi9vIojbF.jpg
95167,62177,https://image.tmdb.org/t/p/w300/1XAuDtMWpL0sYSFK0R6EZate2Ux.jpg
95170,13313,https://image.tmdb.org/t/p/w300/l1Tb0fvnj9wnCgm5qnTRoO6OxDT.jpg
95175,63193,https://image.tmdb.org/t/p/w300/w7UolFxzPi7ZA7LkglRotQ84g1g.jpg
95182,39101,https://image.tmdb.org/t/p/w300/fDX4Dp8IKvjBAaEb5MOJrGkxWX0.jpg
95193,13761,https://image.tmdb.org/t/p/w300/gAnmNjw1TCTzS702mj1OwwmXBpM.jpg
95199,76494,https://image.tmdb.org/t/p/w300/dHLN64hvTtbqVqeJI67Ali5XSBE.jpg
95201,81836,https://image.tmdb.org/t/p/w300/sMmYRgvFRk5Ginhytx7ciU7UwVs.jpg
95207,72331,https://image.tmdb.org/t/p/w300/qv8deK0ZmutAuEpejruQKApIy6r.jpg
95218,89874,https://image.tmdb.org/t/p/w300/lxbjoxnIlwZuvFw9WcRIgiVvBPp.jpg
95307,80585,https://image.tmdb.org/t/p/w300/oVeE2QTUb14jPU2lYEGPE3s8T9j.jpg
95309,88005,https://image.tmdb.org/t/p/w300/rBbCwFLyt7Q25yaw2bEOQh7RMG1.jpg
95311,13042,https://image.tmdb.org/t/p/w300/aKDwLqR0JWoLX7dgwje42vCwhBd.jpg
95313,13932,https://image.tmdb.org/t/p/w300/uKMYT8aAJS9LA8IM1juMqbXTtqU.jpg
95377,13933,https://image.tmdb.org/t/p/w300/zF0YT9g3fmjLB6kQrjmpWNqpoe4.jpg
95441,72105,https://image.tmdb.org/t/p/w300/1QVZXQQHCEIj8lyUhdBYd2qOYtq.jpg
95449,77930,https://image.tmdb.org/t/p/w300/cfRv1INLSSumjvxAqEGOP6b0Aw1.jpg
95473,39103,https://image.tmdb.org/t/p/w300/k23L4i0JjwU8D5flnR5damgXFcS.jpg
95475,24752,https://image.tmdb.org/t/p/w300/uqTSXqjaSgSAT2lCv3GyZeodQPG.jpg
95497,39104,https://image.tmdb.org/t/p/w300/pIwjWaEuCcT3QVBd9Ng9wG3kbpU.jpg
95499,34433,https://image.tmdb.org/t/p/w300/6iO8TJCyLI4BiPYOvdwzPV2bhoV.jpg
95508,95516,https://image.tmdb.org/t/p/w300/dgHAFprnEkdD8vFZTFnjoWgmucP.jpg
95510,1930,https://image.tmdb.org/t/p/w300/jexoNYnPd6vVrmygwF6QZmWPFdu.jpg
95519,39105,https://image.tmdb.org/t/p/w300/iihTK9Af8G1ZzBjkIIAV4qQMkzF.jpg
95543,57800,https://image.tmdb.org/t/p/w300/dfp1BZF7FxbBUyzHvMOI9t8NWDD.jpg
95558,84175,https://image.tmdb.org/t/p/w300/nQJmWekGYlXhezGUb21xFfEfwhH.jpg
95583,82525,https://image.tmdb.org/t/p/w300/joyiyBwYY5QCpldqT1FzrTqsTJK.jpg
95624,31218,https://image.tmdb.org/t/p/w300/1fuJJrud26pZ5zoNvkTbV4DOgpQ.jpg
95633,40770,https://image.tmdb.org/t/p/w300/wUEKxqSUv7dZwCwfCceCKkcgE0u.jpg
95654,13929,https://image.tmdb.org/t/p/w300/8PdCk3T9EkcKniUviDogWFCXx28.jpg
95690,80468,https://image.tmdb.org/t/p/w300/3k8CeFdvTOiKaRCnXQ9I7WuazQi.jpg
95720,80035,https://image.tmdb.org/t/p/w300/gwfgYA9wGpV4QLB0LrcexwfwC19.jpg
95744,84165,https://image.tmdb.org/t/p/w300/tK6G639JfQV36WRr9wTu1D9iZRg.jpg
95761,73567,https://image.tmdb.org/t/p/w300/6Tt1TQeOI4TpXu1cBUgNGNGeznW.jpg
95771,44251,https://image.tmdb.org/t/p/w300/Apnw8FWoPOIsu14d5dvaNZzFSJE.jpg
95780,39106,https://image.tmdb.org/t/p/w300/A0VKJ6eRIubW6wH4eAwcpQfjoRD.jpg
95796,14863,https://image.tmdb.org/t/p/w300/qQzn9r0dy4TWoRMsVHk5iBuwVyK.jpg
95839,16716,https://image.tmdb.org/t/p/w300/oi1NcVDXlFEsdpLp37BJmFbVlg9.jpg
95843,52906,https://image.tmdb.org/t/p/w300/tA7MNMfk1BQdEMM8aJhQSLP4fA5.jpg
95858,13930,https://image.tmdb.org/t/p/w300/7GogfWZYkZh802fnaMoDBnu8cfV.jpg
95873,103332,https://image.tmdb.org/t/p/w300/zELurt0GVRkR5X5ymuk7KXUxhC8.jpg
95875,64635,https://image.tmdb.org/t/p/w300/hVUxVVzZ0WvvPIpKwsMPMDOQyqi.jpg
95939,103747,https://image.tmdb.org/t/p/w300/bt9kJ8gwTMaDcmL0INlJYIZ887t.jpg
95949,56909,https://image.tmdb.org/t/p/w300/n97HpLLs6flPoxK1VVPMKN2Bc32.jpg
95965,39323,https://image.tmdb.org/t/p/w300/83BFmLVgUWXQIwO2Jo5CaHo5bij.jpg
96004,39324,https://image.tmdb.org/t/p/w300/x0FCkSSdOGTA3gC99QayGJH0Dqx.jpg
96007,18095,https://image.tmdb.org/t/p/w300/reNPMjkPg9f6wgf6kHSSkKjBarL.jpg
96020,76696,https://image.tmdb.org/t/p/w300/4LkufGzat0GMRDEr88w0oHQM2CD.jpg
96079,37724,https://image.tmdb.org/t/p/w300/d0IVecFQvsGdSbnMAHqiYsNYaJT.jpg
96084,58383,https://image.tmdb.org/t/p/w300/zR9uj0dtm5osrrpM7zwO5ndAtbh.jpg
96110,77953,https://image.tmdb.org/t/p/w300/jMWjJ13sFTT07DwjNlqh8VY4sK6.jpg
96114,85414,https://image.tmdb.org/t/p/w300/qKDoK8hUt8fGGXKpvAnt3AQVUvy.jpg
96121,82696,https://image.tmdb.org/t/p/w300/mHEca5NntVHtUPfBiQ3ZVFBRixe.jpg
96150,84327,https://image.tmdb.org/t/p/w300/eFMRyapxD7XP5Boj6CLaDtQ1m3o.jpg
96281,77174,https://image.tmdb.org/t/p/w300/9DZPtuYTKYxt6vzHvZ5FLThG4fl.jpg
96283,82650,https://image.tmdb.org/t/p/w300/7pTvjELxw0f0E6sUPGtPEl4WD0S.jpg
96373,109584,https://image.tmdb.org/t/p/w300/cNeDPyJdeV4Gzs3TcVthM8AJYHW.jpg
96411,76360,https://image.tmdb.org/t/p/w300/itnA0QZio9kzgI3jy1dTwQfutCg.jpg
96417,49526,https://image.tmdb.org/t/p/w300/gHnGhJmE0LByOd4RS2mOASmUqQu.jpg
96430,71864,https://image.tmdb.org/t/p/w300/24HWf4QBnEbNYDJfNFR1CmwtST5.jpg
96432,82633,https://image.tmdb.org/t/p/w300/Ahtzwts22ayviD3LEVslfL4nRWB.jpg
96448,71668,https://image.tmdb.org/t/p/w300/eOLA3IrZATSz5FQ6fmG0Q6sSVyq.jpg
96488,84334,https://image.tmdb.org/t/p/w300/ucM98HuBHSWmn44oiE83hIDc6VB.jpg
96530,83403,https://image.tmdb.org/t/p/w300/jUBEmGU3f3ItMInVkCfdWE4NMJJ.jpg
96563,83660,https://image.tmdb.org/t/p/w300/5Ix8SvMu5MllsXLtD0dvZR0vDi2.jpg
96567,83686,https://image.tmdb.org/t/p/w300/aJtPLZS7tlpiQl6pEr8H42K565x.jpg
96588,114150,https://image.tmdb.org/t/p/w300/gsFoJk9g8W3zgaipRrrURk7LbiF.jpg
96606,89708,https://image.tmdb.org/t/p/w300/qodkea4k0pNUmNTl5TJO2PdTqgW.jpg
96608,67166,https://image.tmdb.org/t/p/w300/cEB4K6YavRvrfiAp83cJCgg91Df.jpg
96610,59967,https://image.tmdb.org/t/p/w300/sNjL6SqErDBE8OUZlrDLkexfsCj.jpg
96616,87428,https://image.tmdb.org/t/p/w300/oaLhdRsZ5Mq8VfZtA4Wlvjzzn0X.jpg
96655,84329,https://image.tmdb.org/t/p/w300/602vUwe1GPmaRvcrT3OQWqH1Nm1.jpg
96691,71679,https://image.tmdb.org/t/p/w300/ohdUDWVlcbuWphaLu6wS91xdJ73.jpg
96726,100529,https://image.tmdb.org/t/p/w300/fnPAvlWX3HhHC8HlQWKJHgLrwVD.jpg
96728,68722,https://image.tmdb.org/t/p/w300/rUSjbyvYWN9H4az8xt0tDtU7I6v.jpg
96737,49049,https://image.tmdb.org/t/p/w300/wLx65gtGVnUFCxceHWGszcruCZj.jpg
96811,77016,https://image.tmdb.org/t/p/w300/pDeVKQICkcdwwjHxGj0MeS14YJ6.jpg
96815,84348,https://image.tmdb.org/t/p/w300/xVGfCaTwVdZt3lFqtOVhTDqmG58.jpg
96821,84892,https://image.tmdb.org/t/p/w300/aKCvdFFF5n80P2VdS7d8YBwbCjh.jpg
96829,103663,https://image.tmdb.org/t/p/w300/jkixsXzRh28q3PCqFoWcf7unghT.jpg
96832,103328,https://image.tmdb.org/t/p/w300/4ZuTrrDQhCS9f6KzIX6HfsjjyMd.jpg
96861,82675,https://image.tmdb.org/t/p/w300/yzAlcuJhpnxRPjaj7AHBRbNPQCJ.jpg
96917,82505,https://image.tmdb.org/t/p/w300/A25qFUMXmVuDnuUCedkkYO1aKgU.jpg
96935,45397,https://image.tmdb.org/t/p/w300/hqg4I0EXEd1cb2SGngyZ8e6vaTk.jpg
96945,85735,https://image.tmdb.org/t/p/w300/eO8O5SwT1bQMHtW6kqEPteMVeiX.jpg
96964,86597,https://image.tmdb.org/t/p/w300/iZGQsDlYcNaJf2MVopAZHs69FI4.jpg
96975,80271,https://image.tmdb.org/t/p/w300/AlnBUoKzzPnczrzzxuh0SYwDa3Z.jpg
97024,97365,https://image.tmdb.org/t/p/w300/6bcerd7CeQ5y5Dilym1O2C8c8Gl.jpg
97168,90125,https://image.tmdb.org/t/p/w300/1UQM8zsQ4HhUr4dMgDDDMBrsq5d.jpg
97172,62214,https://image.tmdb.org/t/p/w300/yGjVbLVdZRBlZTTQVBsj2KUjL1s.jpg
97188,82507,https://image.tmdb.org/t/p/w300/nzx10sca3arCeYBAomHan4Q6wa1.jpg
97194,92171,https://image.tmdb.org/t/p/w300/enqYQR24eOAvdtFKyoWGkK3dV3s.jpg
97225,76492,https://image.tmdb.org/t/p/w300/eJGvzGrsfe2sqTUPv5IwLWXjVuR.jpg
97230,110354,https://image.tmdb.org/t/p/w300/qeeQ7rfTAXNYh4EqqdolFLkNwKM.jpg
97285,71723,https://image.tmdb.org/t/p/w300/9lkQJVzUh0FWiOnoQWGhJ39vHCO.jpg
97304,68734,https://image.tmdb.org/t/p/w300/m5gPWFZFIp4UJFABgWyLkbXv8GX.jpg
97306,86838,https://image.tmdb.org/t/p/w300/4ukEYAxlSivFcDG6vLxJB6PjTjg.jpg
97328,84306,https://image.tmdb.org/t/p/w300/kqU8qijdt9mtX4Pt00PFno5bwrz.jpg
97470,75736,https://image.tmdb.org/t/p/w300/mbDQA2a3H9CbEHr7bDkaqxAGDO1.jpg
97643,80280,https://image.tmdb.org/t/p/w300/tI1534q0Up7PBcLdXdFerLmIXn3.jpg
97665,99770,https://image.tmdb.org/t/p/w300/rbdGCkvLPxuSvfVwHDK4PmOqmIm.jpg
97701,82990,https://image.tmdb.org/t/p/w300/na5tAslm1kGNcft083AIXMTOsYR.jpg
97742,94348,https://image.tmdb.org/t/p/w300/bQYXid9o6nunJBgmmjo6JFIQe1p.jpg
97752,83542,https://image.tmdb.org/t/p/w300/8naVv2Xu3rWI5JKHz0vCujx6GaJ.jpg
97757,72867,https://image.tmdb.org/t/p/w300/4qg5u2mLRMaTIs1rClhpjlcv7qc.jpg
97785,61012,https://image.tmdb.org/t/p/w300/rkAh9cPkb5PoTzEGWfBkhdFNIsf.jpg
97836,87826,https://image.tmdb.org/t/p/w300/g3ZjNkQP4M7Cs0clPD9q7EO2P1g.jpg
97858,126797,https://image.tmdb.org/t/p/w300/dIPAKUCtvLPrVauQwA0tdsPJo2w.jpg
97860,64689,https://image.tmdb.org/t/p/w300/heaz45kpFa4Oa7iLis0OBas68ls.jpg
97866,84287,https://image.tmdb.org/t/p/w300/bhdGcqZqPju3KEaT9J6lMxRO0TI.jpg
97870,113947,https://image.tmdb.org/t/p/w300/57o1DBc5DfJXVc8wArAblSbZ8sD.jpg
97904,84341,https://image.tmdb.org/t/p/w300/d4b2k3bB5C6AC9s3FFZhjZw7rB1.jpg
97913,82690,https://image.tmdb.org/t/p/w300/nrEupcBwf4O1zihCM34NoXusZDq.jpg
97921,82693,https://image.tmdb.org/t/p/w300/fhHB1uvfFKKFbj6bTKE8xdtsjKi.jpg
97923,87502,https://image.tmdb.org/t/p/w300/tFsHDNclXoCKy2xMxskzXXMaFJS.jpg
97936,96724,https://image.tmdb.org/t/p/w300/b9mvt1kKqDuveD1AJuGSkBEuagU.jpg
97938,87827,https://image.tmdb.org/t/p/w300/iLgRu4hhSr6V1uManX6ukDriiSc.jpg
97950,97430,https://image.tmdb.org/t/p/w300/nHgkRj6Igx3QsHmTyF4oAfBjAE7.jpg
97988,123105,https://image.tmdb.org/t/p/w300/fnmYgr4AOOE09zKa7omPW1FWT8K.jpg
98061,98631,https://image.tmdb.org/t/p/w300/s6T399aAmPNQEK8Uf4MImlQdiil.jpg
98083,65851,https://image.tmdb.org/t/p/w300/o0cILOYbqfppTLAhkI2tzA2BWtX.jpg
98122,80215,https://image.tmdb.org/t/p/w300/2B1IqPg97ZhpEov4Fg3si4hI1Kw.jpg
98124,123025,https://image.tmdb.org/t/p/w300/rVr2Tdp2LcL3DheXUrVN345Myhg.jpg
98154,72976,https://image.tmdb.org/t/p/w300/7mUYEkv9W3ek61eetZCfMQYVoi.jpg
98160,135708,https://image.tmdb.org/t/p/w300/xq20qo5gj5eMnDY0bdZDktrLyrl.jpg
98175,73935,https://image.tmdb.org/t/p/w300/43nUqYJMyqS9HbgD9XoKDvaz6AC.jpg
98203,50620,https://image.tmdb.org/t/p/w300/7IGdPaKujv0BjI0Zd0m0a4CzEjJ.jpg
98230,58547,https://image.tmdb.org/t/p/w300/AuCM5jU751cMLKOtHybzUoL6RaX.jpg
98239,60747,https://image.tmdb.org/t/p/w300/pwOcFK1hFZ5NJybBGfvzU6UHCPg.jpg
98243,81188,https://image.tmdb.org/t/p/w300/yfzmfWGjcmyugH6FZ13WcsUGiNj.jpg
98279,101519,https://image.tmdb.org/t/p/w300/sMZyKSo8b47VW1h2zjjGUZIefV1.jpg
98296,97614,https://image.tmdb.org/t/p/w300/5ZM6uKhuEzWZD3xklmqKPuvq1Nj.jpg
98361,102780,https://image.tmdb.org/t/p/w300/kFkfRnXz6Rk9tAKgUznJH1FURQ6.jpg
98491,140420,https://image.tmdb.org/t/p/w300/9tvF744hwTm2Bn9hkDjMfEsysKz.jpg
98499,19274,https://image.tmdb.org/t/p/w300/bmQR6gtoBJHUkgALLb1eGruKPll.jpg
98503,18867,https://image.tmdb.org/t/p/w300/lH11m3LC8itFSTWzkS4xVYL6nB.jpg
98585,112336,https://image.tmdb.org/t/p/w300/zlG4QzB00VM6QHUmRkKaboCOgat.jpg
98604,83389,https://image.tmdb.org/t/p/w300/rRLYX4RZIyloHSJwvZKAhphAjiB.jpg
98607,71883,https://image.tmdb.org/t/p/w300/yUkH0y9OsY7J08Dvfzi1P0di559.jpg
98623,25539,https://image.tmdb.org/t/p/w300/ngFYme3fGnwkssHkPXZr3peI6iW.jpg
98633,10044,https://image.tmdb.org/t/p/w300/dZzHBIcJsld2XMvwR75OZGf4NM2.jpg
98697,34280,https://image.tmdb.org/t/p/w300/w4UYJt7etFBmWBR5UhNcG6ttHZw.jpg
98799,110392,https://image.tmdb.org/t/p/w300/b8AKAb65f0CyuYM9FBkFYxePAlu.jpg
98809,49051,https://image.tmdb.org/t/p/w300/yHA9Fc37VmpUA5UncTxxo3rTGVA.jpg
98836,87504,https://image.tmdb.org/t/p/w300/fPqQ4lM1f4bkbpJ9J5Gt8QJRY5D.jpg
98908,40722,https://image.tmdb.org/t/p/w300/A3LppVfwslUokTyETpclKwGAXSM.jpg
98961,97630,https://image.tmdb.org/t/p/w300/wNSdSSxowM3WIqmPJNg3RagYbwP.jpg
99005,139567,https://image.tmdb.org/t/p/w300/kziBJGQFo9f0Vkj9s37qI0G9I0I.jpg
99007,82654,https://image.tmdb.org/t/p/w300/i8vCO3uszvlfBJVEyuIZVUDlt60.jpg
99030,83186,https://image.tmdb.org/t/p/w300/k6IvmVvfsoIL8HNVusb4oAQr6Rk.jpg
99087,77875,https://image.tmdb.org/t/p/w300/jYv6MqOoAIpxZd6ydJ4S5S2QHDZ.jpg
99106,82687,https://image.tmdb.org/t/p/w300/55JqWqocsMNx5uanELDRDFqu40J.jpg
99112,75780,https://image.tmdb.org/t/p/w300/uQBbjrLVsUibWxNDGA4Czzo8lwz.jpg
99114,68718,https://image.tmdb.org/t/p/w300/7oWY8VDWW7thTzWh3OKYRkWUlD5.jpg
99117,89492,https://image.tmdb.org/t/p/w300/mzUuOIFoVkRTHACRb58vm6mkbBN.jpg
99122,41153,https://image.tmdb.org/t/p/w300/dCbFIzq64uUo5ZR4W3vLFhaJenk.jpg
99130,44470,https://image.tmdb.org/t/p/w300/c6ZouvwSkBPnmKVjeBDwdA44Tx8.jpg
99145,80278,https://image.tmdb.org/t/p/w300/k0DLCiDbnYywOHiISALbl2EH2NE.jpg
99149,82695,https://image.tmdb.org/t/p/w300/6CuzBs2Lb8At7qQr64mLXg2RYRb.jpg
99191,16315,https://image.tmdb.org/t/p/w300/wcYwgCJioHteh7g0RaZ9Y8sEhvY.jpg
99415,88042,https://image.tmdb.org/t/p/w300/815zxi87kTUvleFHjnE5SNzWmVZ.jpg
99437,75761,https://image.tmdb.org/t/p/w300/1IsviP0Tb05xUAFWz5b7FJ0qIHP.jpg
99574,133694,https://image.tmdb.org/t/p/w300/5C0b6Wu4Z0V4NuA1cD8SZU7FCkb.jpg
99636,118628,https://image.tmdb.org/t/p/w300/ccEVR8sf18psGH5daio9y7OGu93.jpg
99638,38010,https://image.tmdb.org/t/p/w300/9boTcyjQ4IMnosjrFYhTyFsD7F4.jpg
99721,76617,https://image.tmdb.org/t/p/w300/dwIQ7WDCSiIcNdbferTcU7uI0KV.jpg
99728,82682,https://image.tmdb.org/t/p/w300/wAuQNTBFBu2yXZsX6yLhUPiwTlW.jpg
99750,68812,https://image.tmdb.org/t/p/w300/3edygPSm9XdISHza8zqHUVAQHAD.jpg
99764,147538,
99813,142061,https://image.tmdb.org/t/p/w300/d1TqoVkyL4x0dlu9w3F9Ah4LjNv.jpg
99846,135921,https://image.tmdb.org/t/p/w300/j7ibOc2uYDZbIr7T0aaFMdIi6Ud.jpg
99853,105538,https://image.tmdb.org/t/p/w300/fXk59gxprdNwd00m7VqPs08jDj3.jpg
99910,76640,https://image.tmdb.org/t/p/w300/3tP4r47v8v6mEj5X5RuG9y8Frbh.jpg
99917,145197,https://image.tmdb.org/t/p/w300/tQ4IWxSYIgZVWnQwLCG8r6sUraU.jpg
99992,84336,https://image.tmdb.org/t/p/w300/ihkceEMJK4XtHXgw97ggsrE3ExP.jpg
100068,85872,https://image.tmdb.org/t/p/w300/752BCNz9uFiym29bqIsyOaPAln5.jpg
100083,87818,https://image.tmdb.org/t/p/w300/uYa06GxHsCsELx9vOQ11vsT0Aa6.jpg
100106,128190,https://image.tmdb.org/t/p/w300/tGmLQzLuok7qB0xVLv7s6rvUdl3.jpg
100159,117974,https://image.tmdb.org/t/p/w300/l52cpdZcVkEVTaLqga6xxSQoaKX.jpg
100163,60304,https://image.tmdb.org/t/p/w300/j343Rpj3WeNvP0SV80zveve70io.jpg
100194,146837,https://image.tmdb.org/t/p/w300/ospzpJrBaCorNQlZC6VFBqwwUjk.jpg
100226,118677,https://image.tmdb.org/t/p/w300/xEaVD2RJADGWUhlBkhGV0vQoHrP.jpg
100277,93858,https://image.tmdb.org/t/p/w300/mtr1ztUkJs6jsYdzK3gBLsuffr4.jpg
100302,58244,https://image.tmdb.org/t/p/w300/wImo0dC72HRoI5QO85dGavmxW6q.jpg
100304,162145,https://image.tmdb.org/t/p/w300/4TdsXzigS6xYYO9Qn8oOQrZqX1M.jpg
100306,18912,https://image.tmdb.org/t/p/w300/nSYdWrPPwvcs5t5hG67XqDbwncG.jpg
100326,121824,https://image.tmdb.org/t/p/w300/pOXmX1rldFQv3rFkWwe4uqbPWPJ.jpg
100383,109421,https://image.tmdb.org/t/p/w300/dk10bwGyj8aRdOTl3EkgATEefh2.jpg
100390,109431,https://image.tmdb.org/t/p/w300/lIliJCGoWT6tEVaDivLpXEf038w.jpg
100397,87436,https://image.tmdb.org/t/p/w300/k3TcTGCgvvvhAiW9pkyWNz9CoNN.jpg
100487,109491,https://image.tmdb.org/t/p/w300/t7PWQHpJHb2ozALCfaPaC5aHxBs.jpg
100498,47964,https://image.tmdb.org/t/p/w300/qJ0csDXAVFMsNn0cRcjy6W6PxAK.jpg
100507,107811,https://image.tmdb.org/t/p/w300/azrjh38R7X9bznCocChvmXTOtF9.jpg
100527,112949,https://image.tmdb.org/t/p/w300/2CbJ3HTb6SFbMeguYH52UQSHOwY.jpg
100556,123678,https://image.tmdb.org/t/p/w300/sp5B7Tz5ttsgOLnIlCP5uEhtesI.jpg
100579,122857,https://image.tmdb.org/t/p/w300/4pefZa0U5h0avmdvRwWB4xjMFl6.jpg
100611,68179,https://image.tmdb.org/t/p/w300/9la0CSCJqwh6io3yk4Xv3aEZxEA.jpg
100714,132344,https://image.tmdb.org/t/p/w300/qbGKJmNUroDz75kh5Oafoall89e.jpg
100737,134411,https://image.tmdb.org/t/p/w300/1suKSCm8gVUIIOh4MgtWAtzkMe4.jpg
100810,145135,https://image.tmdb.org/t/p/w300/euLgEo2kvuLjYxbfOekWF3l82t6.jpg
100843,130739,https://image.tmdb.org/t/p/w300/gy58pmCztFrpxaRM9rGhv93LgCP.jpg
100882,170657,https://image.tmdb.org/t/p/w300/XcFMQQfx1gMlh1RyEednP6frNC.jpg
100906,28090,https://image.tmdb.org/t/p/w300/NWeLUBpxn7lcMpCPvnTGmtHwmj.jpg
101025,81005,https://image.tmdb.org/t/p/w300/9jSI7saUX9Qz0JLh19jX2ulEwL7.jpg
101070,129112,https://image.tmdb.org/t/p/w300/w4iCIZ1kWSOCt0yELjfUMNAToUF.jpg
101072,59255,https://image.tmdb.org/t/p/w300/3iuuvMNa3SxqAd3jrlLKhXEdW9a.jpg
101074,43650,https://image.tmdb.org/t/p/w300/6bt8qmhxVsgbxFLQCoAcekdCFiw.jpg
101076,72559,https://image.tmdb.org/t/p/w300/3rWIZMzTKcCtV0eHJ70Z4Ru659f.jpg
101088,86825,https://image.tmdb.org/t/p/w300/o0giW5oasaef5m9sgBuq0C7IkIa.jpg
101112,68728,https://image.tmdb.org/t/p/w300/tkzfAUEKoUp4YFNbZV9hfpZOz0z.jpg
101142,49519,https://image.tmdb.org/t/p/w300/27zvjVOtOi5ped1HSlJKNsKXkFH.jpg
101283,124459,https://image.tmdb.org/t/p/w300/Bl95sg5Ljo3Hu9SSL0JOvLerLh.jpg
101360,158011,https://image.tmdb.org/t/p/w300/mG334OlDVJpD8gMfTCM2Mpp0gQH.jpg
101362,117263,https://image.tmdb.org/t/p/w300/u3GTFGwesNBNd0t1hiLaEk1iqZU.jpg
101415,84199,https://image.tmdb.org/t/p/w300/tG6jUndWd9FRuvI4j5Z2bhTuq0V.jpg
101423,55892,https://image.tmdb.org/t/p/w300/f8VfbivexOy6ZUZTrqZsHz2vRPU.jpg
101525,97367,https://image.tmdb.org/t/p/w300/vY5j2xQzMGWmxBuhQo0HfA4Lxqb.jpg
101529,127867,https://image.tmdb.org/t/p/w300/6txTmb8OIimrQezgD8ERMmrrbnT.jpg
101531,173153,https://image.tmdb.org/t/p/w300/vGLqUtMmZPEes7q59GoNusNNtjY.jpg
101577,72710,https://image.tmdb.org/t/p/w300/1mfIZw6WgkCX310eoe0Ys14c3Fi.jpg
101612,144340,https://image.tmdb.org/t/p/w300/f3HoCikJxypRtLJptBwvs7L7etE.jpg
101739,109428,https://image.tmdb.org/t/p/w300/1gDV0Lm9y8ufIKzyf0h0GBgb9Zj.jpg
101741,68727,https://image.tmdb.org/t/p/w300/jPVFDcTaBvpavmmIkzi5gyiEHjv.jpg
101765,133698,https://image.tmdb.org/t/p/w300/iPFBW4KaLyCdXwEsa2TXRBW0Jxe.jpg
101864,75612,https://image.tmdb.org/t/p/w300/bYLM3GpNUZnoFElPXp1zlhDPdtv.jpg
101884,59963,https://image.tmdb.org/t/p/w300/gx56ZanaWd4pG930Z44eDLvnQ8N.jpg
101895,109410,https://image.tmdb.org/t/p/w300/iZ7jVGQWj3eBUdqwAPUlKk0BaS2.jpg
101962,110420,https://image.tmdb.org/t/p/w300/vHMvBkr42Gh3OORcnmfCFfqJ1E.jpg
101973,127517,https://image.tmdb.org/t/p/w300/mAStXq4ncbLBnujd3LG4KDd7Z3a.jpg
102007,13647,https://image.tmdb.org/t/p/w300/eebNTSRa5Hh5skPKGdGJIJpo9Ls.jpg
102025,42699,https://image.tmdb.org/t/p/w300/8o0ZwBHqueNvlynd2VX4xySRrFM.jpg
102033,134374,https://image.tmdb.org/t/p/w300/9WqA0Ry9wmTzFvom8mNbcyKZQgP.jpg
102058,15257,https://image.tmdb.org/t/p/w300/p8PZfkrCuXanfYr3k6xAS6WzN8Y.jpg
102066,121606,https://image.tmdb.org/t/p/w300/gTZTCMmU7N0qTWJrSUOVBI70ZlA.jpg
102070,84204,https://image.tmdb.org/t/p/w300/n1CkFfuDCh4NDZgaXmyna3V0Hxc.jpg
102084,76589,https://image.tmdb.org/t/p/w300/seCbcjdZYUl8SRKjeWfyi2ngzFj.jpg
102088,44865,https://image.tmdb.org/t/p/w300/ydBVVIscL6TsX5hYztA5YpBCwJ3.jpg
102123,109414,https://image.tmdb.org/t/p/w300/tNIW0NhX1hKvUsy6PQ80DOKUhkD.jpg
102125,68721,https://image.tmdb.org/t/p/w300/qhPtAc1TKbMPqNvcdXSOn9Bn7hZ.jpg
102165,174321,https://image.tmdb.org/t/p/w300/mF14chZNzgDRZffs8Wk8lPwdNQA.jpg
102194,103731,https://image.tmdb.org/t/p/w300/o2jT5jQdKh1HAF0fMKuGwBOwOYB.jpg
102217,25117,https://image.tmdb.org/t/p/w300/1xcuMgFbvWZBoTKS46Xbo5kOMj.jpg
102278,165739,https://image.tmdb.org/t/p/w300/x1xjvT12cF6CABsa8ji5Lj7GNyh.jpg
102338,45736,https://image.tmdb.org/t/p/w300/f6IALg4S0qujZha9xbFBLnELksZ.jpg
102378,72525,https://image.tmdb.org/t/p/w300/l3HSd4Nj6YKKUiE6q9WGow94f45.jpg
102407,64682,https://image.tmdb.org/t/p/w300/nimh1rrDDLhgpG8XAYoUZXHYwb6.jpg
102445,54138,https://image.tmdb.org/t/p/w300/Aim3kVNh1MPIxPEFeJrl9e9Uf1a.jpg
102481,116741,https://image.tmdb.org/t/p/w300/hIh3ZgsZ31nbUAGn5SKIZGKiKCX.jpg
102590,16150,https://image.tmdb.org/t/p/w300/kXyS0tsKssgECta1HeQCqIho1QH.jpg
102602,27861,https://image.tmdb.org/t/p/w300/61reasUU2uxRFQhxfKdvVHHMOsl.jpg
102666,20803,https://image.tmdb.org/t/p/w300/nTAP9fZT2fpl0YLZwMYaiWfV4Zg.jpg
102684,77987,https://image.tmdb.org/t/p/w300/kWjjFSng1JttmDRwDROoGcIArEh.jpg
102686,109439,https://image.tmdb.org/t/p/w300/vtxuPWkdllLNLVyGjKYa267ntuH.jpg
102716,82992,https://image.tmdb.org/t/p/w300/thSmnRdrzPBBospIOJjLZBReqzo.jpg
102720,116711,https://image.tmdb.org/t/p/w300/81cSsWzjTfR3cJSqnTiHwy1eyPK.jpg
102735,197467,https://image.tmdb.org/t/p/w300/gNGq4u0cymxZqGADZrx7AWrSB5m.jpg
102742,86282,https://image.tmdb.org/t/p/w300/hRH0ToR9tgCtNpyzOpqzYv1G47W.jpg
102747,2077,https://image.tmdb.org/t/p/w300/oaKKcsUChu117urmWBz9Os23Ad9.jpg
102749,197481,https://image.tmdb.org/t/p/w300/pocmh0P8Ddf5w33pP3Vuqm0JRP9.jpg
102760,42151,https://image.tmdb.org/t/p/w300/2WMwkZ4Qmsi3X6WvfjvBsC1er6F.jpg
102800,121986,https://image.tmdb.org/t/p/w300/jrq1NoKvsxWCcffVOjegiYwloFN.jpg
102802,104755,https://image.tmdb.org/t/p/w300/nqZ6CGGZpQWt139YioekSYHvvkU.jpg
102819,119675,https://image.tmdb.org/t/p/w300/iodt6hrewVXxR415PIjBeuZg3Qs.jpg
102823,130824,https://image.tmdb.org/t/p/w300/tDaxB5juEGwXD7oZwh8IXsnisar.jpg
102852,86843,https://image.tmdb.org/t/p/w300/36OgSOnBYoqJWwtY1VX5tc2f1iG.jpg
102880,82700,https://image.tmdb.org/t/p/w300/iXMvYIlzzJBs352CfeiQcBvovZt.jpg
102903,75656,https://image.tmdb.org/t/p/w300/tWsNYbrqy1p1w6K9zRk0mSchztT.jpg
102984,133463,https://image.tmdb.org/t/p/w300/k0sJHCm3vRqGioWywLsLnR6ujUf.jpg
102993,147773,https://image.tmdb.org/t/p/w300/4DgA0EDDVv37C8xISc3Vv0rhxlL.jpg
103027,91739,https://image.tmdb.org/t/p/w300/kDUEegV4P8odhUTjHE2e2kWMZo3.jpg
103042,49521,https://image.tmdb.org/t/p/w300/8GFtkImmK0K1VaUChR0n9O61CFU.jpg
103048,156700,https://image.tmdb.org/t/p/w300/6dcIbwJuxlEnzLe0EaGFvsh4ZdS.jpg
103075,158015,https://image.tmdb.org/t/p/w300/46X1ei9uf13nkkr0OhWldGyr5Uh.jpg
103085,174188,https://image.tmdb.org/t/p/w300/9yc5UCe3i5mrHuIWsGgsKfI37rd.jpg
103107,159014,https://image.tmdb.org/t/p/w300/6iRxKxfE6SB586cQV3BH8NSMzoZ.jpg
103137,96936,https://image.tmdb.org/t/p/w300/6yh55qCcdgPRJweDWM2CiEubJCL.jpg
103141,62211,https://image.tmdb.org/t/p/w300/y7thwJ7z5Bplv6vwl6RI0yteaDD.jpg
103171,160085,https://image.tmdb.org/t/p/w300/3b9tQFCfnCGFcM7kRKWJAZcw2qA.jpg
103210,80518,https://image.tmdb.org/t/p/w300/7RvBQOTZGhCoPvLiF3Ugp2Q94Ux.jpg
103219,103620,https://image.tmdb.org/t/p/w300/nbDkRvhmbYnHDXkoq0sF0PLeo8j.jpg
103221,120292,https://image.tmdb.org/t/p/w300/wYxr14jTu02noGxXRqPDJgK37wC.jpg
103228,68726,https://image.tmdb.org/t/p/w300/8wo4eN8dWKaKlxhSvBz19uvj8gA.jpg
103233,177271,https://image.tmdb.org/t/p/w300/dY8lQeVN7wq6UAg3bLffVugK3p9.jpg
103235,152742,https://image.tmdb.org/t/p/w300/ibDGPgUZn6vxHiSgt2xeQyFp8Np.jpg
103245,53928,https://image.tmdb.org/t/p/w300/jtf60tNMJQ6Jbman4Fi43rnSIVA.jpg
103249,72190,https://image.tmdb.org/t/p/w300/aCnVdvExw6UWSeQfr0tUH3jr4qG.jpg
103253,68724,https://image.tmdb.org/t/p/w300/aRjuJuPXHtVs6YegfeeQWXGRs1E.jpg
103335,93456,https://image.tmdb.org/t/p/w300/5Fh4NdoEnCjCK9wLjdJ9DJNFl2b.jpg
103339,117251,https://image.tmdb.org/t/p/w300/6TeIVKPw7nXXWy2zKmDmlnSwzb7.jpg
103341,107985,https://image.tmdb.org/t/p/w300/kpglnOBYmKn0AkkWDzGxzKHDbds.jpg
103366,136418,https://image.tmdb.org/t/p/w300/bN2aGUOxHRwGms68WTDr2MHzkKa.jpg
103372,136795,https://image.tmdb.org/t/p/w300/yERBa1y5zNUOTRKQPiDCPIc2fuv.jpg
103384,57201,https://image.tmdb.org/t/p/w300/yDuJGq8biNMW7zM3w95UaDJv0KG.jpg
103449,109099,https://image.tmdb.org/t/p/w300/o9DoB4Rsuc8wdkSZCJWB6fq9QPP.jpg
103483,159117,https://image.tmdb.org/t/p/w300/o4hcWsHaHaNQ9BBReOxLvYJNRhA.jpg
103502,136386,https://image.tmdb.org/t/p/w300/AsH7mCK965PxxRuN7ut9tpLxFez.jpg
103539,157386,https://image.tmdb.org/t/p/w300/obDS8pTWVWZiNAaTyfIFWYZbRsZ.jpg
103543,157375,https://image.tmdb.org/t/p/w300/ecArdkI6uDNBZ59482pv7lDqVzY.jpg
103596,205321,https://image.tmdb.org/t/p/w300/atEmHkVFTSGRYt2PeCiziQqbZnI.jpg
103602,178946,https://image.tmdb.org/t/p/w300/zzQRBkQnO0qgaWrlexUfA0KioLL.jpg
103606,111969,https://image.tmdb.org/t/p/w300/byic4VFVrpPyjDWK54CcsxYWW85.jpg
103609,30963,https://image.tmdb.org/t/p/w300/bjXz1WkcaOMVZr70GIVqbQ2clWG.jpg
103624,157354,https://image.tmdb.org/t/p/w300/oXSy3nEKFtfw5iRxdG8ouEFAnxs.jpg
103655,49524,https://image.tmdb.org/t/p/w300/rS0kByPD4YF8pQ85KjzMdGiu7Xf.jpg
103685,179111,https://image.tmdb.org/t/p/w300/dKhMJr8yoHVyvxyUiAeIn2hKVdL.jpg
103688,138843,https://image.tmdb.org/t/p/w300/wVYREutTvI2tmxr6ujrHT704wGF.jpg
103755,77950,https://image.tmdb.org/t/p/w300/w6GdF5hcnsU5IwaRhyhnysNy5hO.jpg
103772,76170,https://image.tmdb.org/t/p/w300/t2wVAcoRlKvEIVSbiYDb8d0QqqS.jpg
103801,172533,https://image.tmdb.org/t/p/w300/iunbsMWtkwfrtRzU7hdCHhPjjJf.jpg
103810,146216,https://image.tmdb.org/t/p/w300/tbksijr6g340yFWRgI4JfwrtM9h.jpg
103819,198062,https://image.tmdb.org/t/p/w300/475PTJRhikorye5BnTan5BPm85j.jpg
103865,192126,https://image.tmdb.org/t/p/w300/3LDh44NHhTa27TfO0ntWiilogKo.jpg
103883,136400,https://image.tmdb.org/t/p/w300/ptURGAFktibhk7DEAbMazlmNqWa.jpg
103980,160588,https://image.tmdb.org/t/p/w300/nsj0RLRI10351uYMoAKPur6Derd.jpg
103984,179144,https://image.tmdb.org/t/p/w300/7suf0vaQfv5E7X1GVh4HJwK90yo.jpg
104017,58447,https://image.tmdb.org/t/p/w300/wAwzuwe5BGglw4WEdSViSKx02wZ.jpg
104069,185574,https://image.tmdb.org/t/p/w300/uMiRDSnFRpKicYbikKa8aO1QKbU.jpg
104074,76285,https://image.tmdb.org/t/p/w300/tAu90qEpLqwqiZLsMqpaMVr55oN.jpg
104076,77931,https://image.tmdb.org/t/p/w300/tmjvgbEH4BKYFfHmWXjXrHgi8wT.jpg
104078,177699,https://image.tmdb.org/t/p/w300/oqdSe46XQ9CKcj1WMyfD2LaVoER.jpg
104129,76544,https://image.tmdb.org/t/p/w300/wnuT1D0fsFu7chFLtcQqwPBaBVg.jpg
104141,21683,https://image.tmdb.org/t/p/w300/mlmhpUArJdpRPO211v3lETe3uzg.jpg
104211,138832,https://image.tmdb.org/t/p/w300/qF2LJ0jwWrtXSuT4AFD5OS2IqaT.jpg
104218,109418,https://image.tmdb.org/t/p/w300/hT6ijOtjtYrnyDhN7VA2QWyGFAm.jpg
104241,59859,https://image.tmdb.org/t/p/w300/1go2A3gdQjaMuHWquybgoJlQRcX.jpg
104243,87421,https://image.tmdb.org/t/p/w300/pUul9pGWOKT7X0smkTvsIEIQxcP.jpg
104245,151960,https://image.tmdb.org/t/p/w300/i2xgU0y0p77WTrB0oIkbpdaWq8R.jpg
104272,158999,https://image.tmdb.org/t/p/w300/kCk4mDFE96Mn1AYfEcbxkIiw7ND.jpg
104283,149870,https://image.tmdb.org/t/p/w300/jfwSexzlIzaOgxP9A8bTA6t8YYb.jpg
104303,115782,https://image.tmdb.org/t/p/w300/mOyZ0UAWaOJartFq2G3Cv0soFtQ.jpg
104337,132363,https://image.tmdb.org/t/p/w300/pAi8Bl3ZKX6pANPVhNwbhbQANop.jpg
104339,157360,https://image.tmdb.org/t/p/w300/xbuiPYXOk1aHaNf7o2mAQxeDs7s.jpg
104374,122906,https://image.tmdb.org/t/p/w300/ls6zswrOZVhCXQBh96DlbnLBajM.jpg
104419,30061,https://image.tmdb.org/t/p/w300/tN2lodc5g7Fkkus6I6Ch2tNTgb5.jpg
104457,83899,https://image.tmdb.org/t/p/w300/l163jakfKvchUTVTtBi0KA7ZhIc.jpg
104644,147129,https://image.tmdb.org/t/p/w300/x3oMuJQdkOMVzkS6FoJd6BDa1G7.jpg
104760,146227,https://image.tmdb.org/t/p/w300/z4sEWm1ykf9WX5WJU4XMD4oI5sI.jpg
104780,49802,https://image.tmdb.org/t/p/w300/c34bVzr6akMEJ7j2yrzRfgPJlVO.jpg
104837,17282,https://image.tmdb.org/t/p/w300/j5oRakY1PoEd4c56LtpyuBVek5e.jpg
104841,49047,https://image.tmdb.org/t/p/w300/kZ2nZw8D681aphje8NJi8EfbL1U.jpg
104863,212716,https://image.tmdb.org/t/p/w300/67x9NJyjK4u02NpISnChDMKzCUr.jpg
104875,115199,https://image.tmdb.org/t/p/w300/cJHq7n8fl6p5tY0Jr6GQ2uoO0rR.jpg
104879,146233,https://image.tmdb.org/t/p/w300/jsS3a3ep2KyBVmmiwaz3LvK49b1.jpg
104906,156711,https://image.tmdb.org/t/p/w300/8f9XX2rIOY5kmzivS5sZfnVuCxE.jpg
104908,91586,https://image.tmdb.org/t/p/w300/w5JjiB3O1CLDXbTJe1QpU5RHmlU.jpg
104913,96721,https://image.tmdb.org/t/p/w300/95BDrWmcfJDEa2WCfjmLgi67jhi.jpg
104925,112205,https://image.tmdb.org/t/p/w300/x2arN02JFsZcDKmBb0SIjG8Smc8.jpg
104944,169813,https://image.tmdb.org/t/p/w300/iRYip0xx8sxM1TvgDQdK2YKV5pw.jpg
105020,102059,https://image.tmdb.org/t/p/w300/xpyePeVClwq85miKvY1r4T8ps5.jpg
105037,129139,https://image.tmdb.org/t/p/w300/vSVYCcvDJljrESZo1jJyXPVvwfk.jpg
105121,121676,https://image.tmdb.org/t/p/w300/gCeZGBFcxjyGdvFncJqCGffBCpw.jpg
105197,129670,https://image.tmdb.org/t/p/w300/o1t2Mw18EEBnl8v4Nby3PFjxnM1.jpg
105211,209263,https://image.tmdb.org/t/p/w300/p5naJg0K8xF0h0HWEfiz6rc9lC4.jpg
105213,138697,https://image.tmdb.org/t/p/w300/uh8bwvgGXeUKzdL4oSul9zxyTcd.jpg
105246,157820,https://image.tmdb.org/t/p/w300/y41mndWYov3oPSZdHUtyjEdALvF.jpg
105254,157409,https://image.tmdb.org/t/p/w300/jX34ccG13P66S4qVqLRRyR0hZLS.jpg
105325,172828,https://image.tmdb.org/t/p/w300/1dmHunFILNXKzjOkl1A7IIsTI58.jpg
105351,146238,https://image.tmdb.org/t/p/w300/ck5jZjv7WVoCBBgTH1gJlhyCLPy.jpg
105355,152584,https://image.tmdb.org/t/p/w300/kgUk1wti2cvrptIgUz0VTAtSF6w.jpg
105468,109451,https://image.tmdb.org/t/p/w300/ss5NcK2NWFg2YcKKYXLrk8q1myS.jpg
105504,109424,https://image.tmdb.org/t/p/w300/8Td0kkocW6sD3uRpzwfMfkqMWhx.jpg
105540,51985,https://image.tmdb.org/t/p/w300/7J8qq1O1kAjVdpDJnxuzNC5tH3H.jpg
105585,106747,https://image.tmdb.org/t/p/w300/uAl0YzUf2NHm7PqjsilmeCDbQNb.jpg
105593,85889,https://image.tmdb.org/t/p/w300/tzTKDgF6GcGaxKvRHR5J4MeWJ7b.jpg
105653,107846,https://image.tmdb.org/t/p/w300/qOZPLflxDqKogu9v9hYw3lolxGs.jpg
105720,55370,https://image.tmdb.org/t/p/w300/tPEDn3u2q8q82kREjiGKmfA7rPm.jpg
105731,133805,https://image.tmdb.org/t/p/w300/kloXz9qwO23z9Kbt3z3MgnjF4xO.jpg
105746,173495,https://image.tmdb.org/t/p/w300/et7jpooiP4K7eawUhmbYJmRyI7J.jpg
105755,109091,https://image.tmdb.org/t/p/w300/aNiLkGnzVb5CorZHKk16w9S4COt.jpg
105801,158752,https://image.tmdb.org/t/p/w300/g3qZofBWiLauJviv27f8zpEFbki.jpg
105835,146015,https://image.tmdb.org/t/p/w300/7kNcpmP1Pe9fWLKEbEOX5GEWueC.jpg
105844,76203,https://image.tmdb.org/t/p/w300/xdANQijuNrJaw1HA61rDccME4Tm.jpg
105954,152747,https://image.tmdb.org/t/p/w300/9cVA4oX2xHgiglv6hemxwAaofsq.jpg
106002,80274,https://image.tmdb.org/t/p/w300/pVcRI5YKnkkgaAD876jBeKb189d.jpg
106062,208134,https://image.tmdb.org/t/p/w300/dDSMzBEaM0LYSy9Muo0zsCo77Vh.jpg
106072,76338,https://image.tmdb.org/t/p/w300/wp6OxE4poJ4G7c0U2ZIXasTSMR7.jpg
106100,152532,https://image.tmdb.org/t/p/w300/7Fdh7gUq3plvQqxRbNYhWvDABXA.jpg
106144,194101,https://image.tmdb.org/t/p/w300/5Bj6Oku5o7mcqZHMn6sZM1ifMhd.jpg
106330,137093,https://image.tmdb.org/t/p/w300/9Aht200Eu2jYiE9cEQdFfNDtHl6.jpg
106438,205220,https://image.tmdb.org/t/p/w300/eBUv2GmGdXmCk1AaSOmyiu70hN8.jpg
106441,203833,https://image.tmdb.org/t/p/w300/wj4U5sMLcJMa3WR9CpRR9e2sdgZ.jpg
106487,101299,https://image.tmdb.org/t/p/w300/vrQHDXjVmbYzadOXQ0UaObunoy2.jpg
106489,57158,https://image.tmdb.org/t/p/w300/xQYiXsheRCDBA39DOrmaw1aSpbk.jpg
106491,64686,https://image.tmdb.org/t/p/w300/xDHnmcroujCRG0ysYQaiswjbyHd.jpg
106540,146239,https://image.tmdb.org/t/p/w300/huXHYDclKT4RM1OvS3O7SXYRAU0.jpg
106542,41602,https://image.tmdb.org/t/p/w300/7BbrgKfnRfEFIePqdRcWzuHs3KI.jpg
106594,137312,https://image.tmdb.org/t/p/w300/rVuLdqIO2AWzciwFEv4mEjsfObG.jpg
106642,253941,
106648,80662,https://image.tmdb.org/t/p/w300/9Yc6ip8cBDbkfy5K8Ob401PjlJa.jpg
106696,109445,https://image.tmdb.org/t/p/w300/itAKcobTYGpYT8Phwjd8c9hleTo.jpg
106766,86829,https://image.tmdb.org/t/p/w300/nNxK3pC3DMpPpWKMvo2p3liREVT.jpg
106782,106646,https://image.tmdb.org/t/p/w300/kW9LmvYHAaS9iA0tHmZVq8hQYoq.jpg
106785,204082,https://image.tmdb.org/t/p/w300/xcFLM44jgl015wLe7lWC1C1bEEM.jpg
106839,192136,https://image.tmdb.org/t/p/w300/nzjwDSwLbalv7bCXnFbkAuIxXLx.jpg
106873,75629,https://image.tmdb.org/t/p/w300/d0s1xvykzl0kz7fP5S2ROYqphdz.jpg
106883,174311,https://image.tmdb.org/t/p/w300/spCLVHZnOCcjrGwCEaVi8ADKRsn.jpg
106889,212063,https://image.tmdb.org/t/p/w300/vEF0f8dktdp4NbUbpi0xSzwUAY8.jpg
106916,168672,https://image.tmdb.org/t/p/w300/z6O1KDhfWDTm5ZBr6Ovr0eg8LqO.jpg
106918,116745,https://image.tmdb.org/t/p/w300/iAo1hlzsPV9XpYcLQp6Ud065tGO.jpg
106920,152601,https://image.tmdb.org/t/p/w300/eCOtqtfvn7mxGl6nfmq4b1exJRc.jpg
106927,39260,https://image.tmdb.org/t/p/w300/7fN1ZDG7sumIgndF8KfzEAvzkL8.jpg
107013,45697,https://image.tmdb.org/t/p/w300/sAqIotgXveaOjNFGd3MCwzCjHat.jpg
107069,193756,https://image.tmdb.org/t/p/w300/zaBIrloyhGK7iNTZMb3f9SARsl8.jpg
107141,140823,https://image.tmdb.org/t/p/w300/4RkcUe5PKnYvrCwMjk8giUAoID7.jpg
107159,40897,https://image.tmdb.org/t/p/w300/7AJD46hbaU47ScV5Oe8hX5OmEw7.jpg
107314,87516,https://image.tmdb.org/t/p/w300/iX93YdBrZA1EpGbphmjf4ARj1Za.jpg
107338,209232,https://image.tmdb.org/t/p/w300/mlE9wNxyzGQPJm26Fn8eBr1H1gx.jpg
107348,109443,https://image.tmdb.org/t/p/w300/BAdmxMdCqzjs6hx3KuEtnoWP8d.jpg
107406,110415,https://image.tmdb.org/t/p/w300/kw6YQudA0TMcNmGUGy5XIw7zbnV.jpg
107408,37129,https://image.tmdb.org/t/p/w300/4TE8gM826e1OU62AErJ5LS4F1os.jpg
107410,20894,https://image.tmdb.org/t/p/w300/nAYREETmvDPPf3nZJDmMdANyGWp.jpg
107412,20878,https://image.tmdb.org/t/p/w300/orp7Ec8fDDHXFYnAjOPWsuF0Dhe.jpg
107436,166271,https://image.tmdb.org/t/p/w300/gBsO7Sp3g1oOaxQ44pomsJLm7m7.jpg
107447,158990,https://image.tmdb.org/t/p/w300/15SXDNERXh3QEffPxDDbt0DVHij.jpg
107449,27190,https://image.tmdb.org/t/p/w300/zDxpOQi7kkokDLxZkVQhejp2VHu.jpg
107462,180894,https://image.tmdb.org/t/p/w300/f4i1wzuyFXv6NHREAy4fPPGSH7E.jpg
107565,233063,https://image.tmdb.org/t/p/w300/hV88MiailtnGVF6rbp6Ug6UBKYS.jpg
107630,27584,https://image.tmdb.org/t/p/w300/3pZzS9R1r6qHvstMxmGq54JkFDR.jpg
107702,64807,https://image.tmdb.org/t/p/w300/jTq9jYTKKo6EhQPso4xTMpPYYXW.jpg
107723,13194,https://image.tmdb.org/t/p/w300/f4htbMf2LORgMjKn0litcUFWuWY.jpg
107771,152603,https://image.tmdb.org/t/p/w300/6siwECwpRbNX70ybF8iqZqnspGP.jpg
107846,13632,https://image.tmdb.org/t/p/w300/A1fwL6i2PObYIeOW6iMhimLpIa3.jpg
107945,122796,https://image.tmdb.org/t/p/w300/Am8zDtxkWlqtY5nVn7TKgsgw6C7.jpg
107951,204810,https://image.tmdb.org/t/p/w300/su3Jt6PTVjyfbE8f2FVSHxVWksM.jpg
107953,126963,https://image.tmdb.org/t/p/w300/nxZEdYcHMuD8SSuwusDnK9CD2H1.jpg
107962,243531,https://image.tmdb.org/t/p/w300/kxtp9hqHK22x9DUVsQE58rrpJvz.jpg
107997,159128,https://image.tmdb.org/t/p/w300/3Q0rtUfNHFOEnVoRv1pmKaAbZEV.jpg
107999,39102,https://image.tmdb.org/t/p/w300/1lmwZTsqwTtvd3m60pyQfhGM2Ut.jpg
108078,206408,https://image.tmdb.org/t/p/w300/urOhy4mkGTcRHjXBotanF6zyBJw.jpg
108090,39148,https://image.tmdb.org/t/p/w300/wPkoqtFhDoIbzt61oOYwmLOZdAg.jpg
108156,168530,https://image.tmdb.org/t/p/w300/qrt65VVaP5DEEBZgB5XYctA82Qv.jpg
108188,137094,https://image.tmdb.org/t/p/w300/m7HcLUodrD4lM4s0Hui1tzO2pjO.jpg
108190,157350,https://image.tmdb.org/t/p/w300/aNh4Q3iuPKDMPi2SL7GgOpiLukX.jpg
108192,6418,https://image.tmdb.org/t/p/w300/fiWLuGIUAcJtu2hs7KlcZ0O2Ix3.jpg
108540,126319,https://image.tmdb.org/t/p/w300/iJPbRASktYW0I009Ktc2zUE6Fvg.jpg
108601,137968,https://image.tmdb.org/t/p/w300/wAQsxWn82CXsFxrItzzSfYJdSd3.jpg
108689,100241,https://image.tmdb.org/t/p/w300/a53tIl4k20zCZCNyq73kiXkwWkl.jpg
108715,157099,https://image.tmdb.org/t/p/w300/9PpwTNDsXnuGHcwBdpgybVSwsFN.jpg
108729,181886,https://image.tmdb.org/t/p/w300/vf40tyDRKZsBmaLsYeopzfFLzLx.jpg
108795,15359,https://image.tmdb.org/t/p/w300/u6sI0yLJXkmrbSJzVRCmmfa4nhx.jpg
108928,152760,https://image.tmdb.org/t/p/w300/wiWAg4mKV2S4vImPxsPRIdj2R2B.jpg
108932,137106,https://image.tmdb.org/t/p/w300/lbctonEnewCYZ4FYoTZhs8cidAl.jpg
108945,97020,https://image.tmdb.org/t/p/w300/gM5ql3BKYmHG3WtZ0buKXN7xY8O.jpg
108949,209247,https://image.tmdb.org/t/p/w300/4R6ojBfyO8fj3WszLE9rog5qR4W.jpg
108981,249397,https://image.tmdb.org/t/p/w300/iLUNqgNKuWn667kXCKztSxYbT3k.jpg
109042,74461,https://image.tmdb.org/t/p/w300/7hxpi2Y7JNGHmETL2VAPONhvHGZ.jpg
109161,197082,https://image.tmdb.org/t/p/w300/b9pCYixO3ZO7tB303efB3O4nkqC.jpg
109183,99367,https://image.tmdb.org/t/p/w300/ieLOyHzoJKyflqGdfj82S1MMm5A.jpg
109187,157834,https://image.tmdb.org/t/p/w300/j2sEI9FOaJszidVatzIaaMPdLsm.jpg
109191,137321,https://image.tmdb.org/t/p/w300/dwDAUpidqVEql6w1o51VIPlMtbG.jpg
109241,146375,https://image.tmdb.org/t/p/w300/lJSNu2WJ5PGuEnyD8mfSVp5yY0H.jpg
109282,103732,https://image.tmdb.org/t/p/w300/gu6dd3SkfOJ37be5h8UDnoy1WKp.jpg
109313,17684,https://image.tmdb.org/t/p/w300/74Bv2j3LVWxArUqoN2EZwS0Hr7x.jpg
109317,249923,https://image.tmdb.org/t/p/w300/4fwVknJ86F6pAXWGOKItWABb1yp.jpg
109372,222899,https://image.tmdb.org/t/p/w300/z3dVYQtxXldDawz7d15wqt2PQLe.jpg
109374,120467,https://image.tmdb.org/t/p/w300/eWdyYQreja6JGCzqHWXpWHDrrPo.jpg
109383,84319,https://image.tmdb.org/t/p/w300/igSjDMaviTLS3mrq3r9CzNC46uw.jpg
109416,21474,https://image.tmdb.org/t/p/w300/o3zsel0aCcBWgOCytyFa9FxuPTk.jpg
109483,225565,https://image.tmdb.org/t/p/w300/tjDAdesZNYFyRNnZvLT0osc7S2t.jpg
109487,157336,https://image.tmdb.org/t/p/w300/yQvGrMoipbRoddT0ZR8tPoR7NfX.jpg
109569,192102,https://image.tmdb.org/t/p/w300/paDgMlfQIrK6PCG5g7UYv9YOdmK.jpg
109576,205724,https://image.tmdb.org/t/p/w300/xWXn2Pfrkbe7Xuwv2BZ2UL53Wdf.jpg
109578,225574,https://image.tmdb.org/t/p/w300/Nkgaj3X0W2jHQ1TzHEgWFpN3kJ.jpg
109596,85444,https://image.tmdb.org/t/p/w300/9aamZ9pJpWnPjYvQz68dsX15YwZ.jpg
109633,198375,https://image.tmdb.org/t/p/w300/mXUCVq3HMtS4Y9IQ8vmEOPyN0vH.jpg
109673,53182,https://image.tmdb.org/t/p/w300/wYDdWN1McB1Sio4z1dPSkb40Z78.jpg
109687,202141,https://image.tmdb.org/t/p/w300/3MHs9BrHt6ZjlPvaL4CP1ULYV2Z.jpg
109723,242076,https://image.tmdb.org/t/p/w300/iWVuYsgZYhtDVroaxu6zCF5FA63.jpg
109846,82703,https://image.tmdb.org/t/p/w300/hPcImYndWESKHzT2GHVCDsUxzYg.jpg
109848,97370,https://image.tmdb.org/t/p/w300/55wmcXJIDYITr7JDijJTdvwSaAv.jpg
109850,136797,https://image.tmdb.org/t/p/w300/45D153Bk0bNwonV1w5IBBvqssPV.jpg
109853,242042,https://image.tmdb.org/t/p/w300/7CWdmxafzSVEUv4mMlOpw89NKXE.jpg
109864,177494,https://image.tmdb.org/t/p/w300/qWBAPJdew9MRUv8ApRPkXAM1feB.jpg
109895,209403,https://image.tmdb.org/t/p/w300/hZo399sszo6QxEPOmqJiq5NhQeU.jpg
109897,235260,https://image.tmdb.org/t/p/w300/ayqHV0rHuAdMv8PS497W2OByGWk.jpg
109941,83201,https://image.tmdb.org/t/p/w300/ptvbHUWpU8Nh6vrmSvjx4ESDgfC.jpg
109968,134350,https://image.tmdb.org/t/p/w300/6jVK9vvUDp9eH0JSIUgcvlrqdGa.jpg
109971,236737,https://image.tmdb.org/t/p/w300/vUbn2Dy9qWWV8VnktvuGn9YiCRL.jpg
110102,100402,https://image.tmdb.org/t/p/w300/tVFRpFw3xTedgPGqxW0AOI8Qhh0.jpg
110127,86834,https://image.tmdb.org/t/p/w300/vVLkHabnF5lVpCpqyhZBI5iCYMA.jpg
110130,227783,https://image.tmdb.org/t/p/w300/4iHnGlmOjAj2k5zUftYDIzSITCf.jpg
110281,53168,https://image.tmdb.org/t/p/w300/dmJWvKNgeCrIwJH6AapdSMiZHop.jpg
110286,155084,https://image.tmdb.org/t/p/w300/x4tC1s6oFG9nEyxVSM0FiIsLea1.jpg
110297,145220,https://image.tmdb.org/t/p/w300/8CU1WSLAaQjLmRbEmyhfDoOJCyh.jpg
110330,119360,https://image.tmdb.org/t/p/w300/bvwPVIo33VT192KRx4aBiWTQ5Fc.jpg
110350,256561,https://image.tmdb.org/t/p/w300/ohLJT2UiFLsiw3SeXrbw6dxT7Fg.jpg
110387,209799,https://image.tmdb.org/t/p/w300/8BiCtoif98SAhSRRNfshRL75xCW.jpg
110501,180299,https://image.tmdb.org/t/p/w300/mlGuKlIDLdPhYjz1QBXi0FmyYik.jpg
110541,25706,https://image.tmdb.org/t/p/w300/cKafo8AqHsFi42uAmRUn334HQn8.jpg
110553,102382,https://image.tmdb.org/t/p/w300/dGjoPttcbKR5VWg1jQuNFB247KL.jpg
110586,157832,https://image.tmdb.org/t/p/w300/jzgiam18I0gR20LB8BAE5u4dIdm.jpg
110591,157547,https://image.tmdb.org/t/p/w300/yCzR1yKRLiJyTDLgY1ppazXEmdE.jpg
110603,249660,https://image.tmdb.org/t/p/w300/yKUzBolWrwyByevBtDPfy3kIumv.jpg
110611,244509,https://image.tmdb.org/t/p/w300/1rXkxhubAtKVTZl29Xbnwpfen3H.jpg
110655,172385,https://image.tmdb.org/t/p/w300/gVNTBrjxh2YRmQFjlaqrNbHVvrd.jpg
110669,262481,https://image.tmdb.org/t/p/w300/sXgXPtynmZnLLISonrrc7XtrLKv.jpg
110718,214030,https://image.tmdb.org/t/p/w300/bThnmRhh0d3oKcmte2w0aArm8Lq.jpg
110730,157353,https://image.tmdb.org/t/p/w300/i3JqPtiJWnidaif3UA2K2Eng0hp.jpg
110746,167575,https://image.tmdb.org/t/p/w300/kbSuJBmPXn72SibvzXk6eGVo1D2.jpg
110771,193610,https://image.tmdb.org/t/p/w300/yHnbb6z8REuFIyBLT2Nj3MX54dY.jpg
110773,184345,https://image.tmdb.org/t/p/w300/oV7M00fPXy5P0nbdeMbSUjYv0vx.jpg
110781,12242,https://image.tmdb.org/t/p/w300/mIHE3BKyAKG8ocRAoZuCQN1NTv9.jpg
110826,254473,https://image.tmdb.org/t/p/w300/6OopiNRk7lWP0hPsY0eYqq2kQTi.jpg
110882,210479,https://image.tmdb.org/t/p/w300/tTREq5tTyYwmSLDRMhybJ82zXcX.jpg
111113,195589,https://image.tmdb.org/t/p/w300/sN1RU08CMi8xkRIibremh3AOdgw.jpg
111146,258096,https://image.tmdb.org/t/p/w300/nHNjwY0C2OAWqGDAq6roJk3Hn5O.jpg
111320,252680,https://image.tmdb.org/t/p/w300/gP97yU8YrVZY2yLxTwsicS8KuSe.jpg
111360,240832,https://image.tmdb.org/t/p/w300/kRbpUTRNm6QbLQFPFWUcNC4czEm.jpg
111362,127585,https://image.tmdb.org/t/p/w300/tYfijzolzgoMOtegh1Y7j2Enorg.jpg
111364,124905,https://image.tmdb.org/t/p/w300/tphkjmQq8WebuVwNXelmjLUXuPJ.jpg
111375,187596,https://image.tmdb.org/t/p/w300/3zMS66gtw8ccvy1BWD6thJ67jgX.jpg
111384,188166,https://image.tmdb.org/t/p/w300/q0itEsso2drJXqH9kfdidxIT5dF.jpg
111443,212778,https://image.tmdb.org/t/p/w300/hyp8EXDmO4dSC8V6Q5jU7gD1kcg.jpg
111551,210947,https://image.tmdb.org/t/p/w300/iDbdxDHFtBZ8gnGsrinB7atE26P.jpg
111617,232672,https://image.tmdb.org/t/p/w300/o2YrH9jS7CAfWjETHFeL0tth79E.jpg
111622,198277,https://image.tmdb.org/t/p/w300/qx4HXHXt528hS4rwePZbZo20xqZ.jpg
111659,102651,https://image.tmdb.org/t/p/w300/bDG3yei6AJlEAK3A5wN7RwFXQ7V.jpg
111663,254474,https://image.tmdb.org/t/p/w300/gdb7v5GCfijrCjOjzbziGMGs6JA.jpg
111680,194722,https://image.tmdb.org/t/p/w300/6hhXewoxobQ0C6sWFmvnsslvZOB.jpg
111732,137698,https://image.tmdb.org/t/p/w300/2qbsG9t943DciYTHITISzXQltqt.jpg
111743,188161,https://image.tmdb.org/t/p/w300/n9SicwnoNGWBwE75le27sUhCLMm.jpg
111759,137113,https://image.tmdb.org/t/p/w300/nBM9MMa2WCwvMG4IJ3eiGUdbPe6.jpg
111781,177677,https://image.tmdb.org/t/p/w300/fRJLXQBHK2wyznK5yZbO7vmsuVK.jpg
111785,20880,https://image.tmdb.org/t/p/w300/q9JKL5NFOTQEJ1mBaBIhWJrAoe3.jpg
111795,198185,https://image.tmdb.org/t/p/w300/6OgA9x6jvwBIj8e7x8LANTbVvR2.jpg
111800,174323,https://image.tmdb.org/t/p/w300/f4fR1WMgSv7K93ZPoJlPyvaApdE.jpg
111817,192133,https://image.tmdb.org/t/p/w300/dsNU5nwOy30WfTet32cLiOsFkkN.jpg
111844,255268,https://image.tmdb.org/t/p/w300/h51RmbFvlkIszrAjJD40H2jLd9W.jpg
111913,248212,https://image.tmdb.org/t/p/w300/4u0iIdNdaTtTg0xY3If9HRZfPYR.jpg
111921,222935,https://image.tmdb.org/t/p/w300/kcVuktIlrn9SAN1uBmPDnocTQmF.jpg
112006,82881,https://image.tmdb.org/t/p/w300/5IeMW79OxftIUoR5duxyQ4LW5Iy.jpg
112070,157851,https://image.tmdb.org/t/p/w300/aoMNfiaMmT7o7wY8oXWCLErZtah.jpg
112138,187017,https://image.tmdb.org/t/p/w300/850chzYHYbT3IISl6Q7dbBuFP2B.jpg
112171,156022,https://image.tmdb.org/t/p/w300/9u4yW7yPA0BQ2pv9XwiNzItwvp8.jpg
112175,82702,https://image.tmdb.org/t/p/w300/d13Uj86LdbDLrfDoHR5aDOFYyJC.jpg
112183,194662,https://image.tmdb.org/t/p/w300/rHUg2AuIuLSIYMYFgavVwqt1jtc.jpg
112290,85350,https://image.tmdb.org/t/p/w300/2BvtvDUyxiMJ4dmKfiQf4qdOHQN.jpg
112303,184098,https://image.tmdb.org/t/p/w300/bsKfhf0y9Zx7h4j5GHu1JANpKwl.jpg
112316,209451,https://image.tmdb.org/t/p/w300/kz956Y83YtT6vTyg0Q40mzRe2UM.jpg
112326,27460,https://image.tmdb.org/t/p/w300/4T0YjvnBaMASZkkRKxMIe6IoWO0.jpg
112334,250658,https://image.tmdb.org/t/p/w300/6yfXtkVPWxeU3OonoKDem4Hrdbb.jpg
112370,91314,https://image.tmdb.org/t/p/w300/jyzrfx2WaeY60kYZpPYepSjGz4S.jpg
112421,171372,https://image.tmdb.org/t/p/w300/mGzqs4CHW8LomreoPATnyrTXk7j.jpg
112450,180296,https://image.tmdb.org/t/p/w300/ifvKTtvmPYOGed2hP9ogPq98In7.jpg
112454,186988,https://image.tmdb.org/t/p/w300/s7QhAAnHcwc9w45pGQLrBUJwdxh.jpg
112460,218836,https://image.tmdb.org/t/p/w300/pOmteFeBDI9FJOPTDvYJYFeAtdp.jpg
112497,226486,https://image.tmdb.org/t/p/w300/efsVMziwE9BNTDX5fNmYVA5oAzJ.jpg
112512,64246,https://image.tmdb.org/t/p/w300/aSM1ki4WSEgvPYMZ9K28aylImFF.jpg
112515,242224,https://image.tmdb.org/t/p/w300/qt3fqapeo94TfvMyld8P7gkpXLz.jpg
112552,244786,https://image.tmdb.org/t/p/w300/7fn624j5lj3xTme2SgiLCeuedmO.jpg
112556,210577,https://image.tmdb.org/t/p/w300/ts996lKsxvjkO2yiYG0ht4qAicO.jpg
112580,152790,https://image.tmdb.org/t/p/w300/v0tiYRNhMYbefWlgWFmbhXiOwjr.jpg
112623,119450,https://image.tmdb.org/t/p/w300/mSmAc9G25fhOHH45SLEeagR0qi7.jpg
112727,184346,https://image.tmdb.org/t/p/w300/Uz32ERsyCmGwV8Eg2wmT2ooWpo.jpg
112749,253235,https://image.tmdb.org/t/p/w300/bJoWtA8OAIqavlb5mbx3EzvxFUA.jpg
112788,225886,https://image.tmdb.org/t/p/w300/u2h7UnSHrbAA5WBoKhdH1rlDZfz.jpg
112804,244267,https://image.tmdb.org/t/p/w300/2P31jhd1dWUAPD8dmnSrwkQ8CNN.jpg
112818,238636,https://image.tmdb.org/t/p/w300/qwqHHZLZSUvMkAMQ47ymtfjEifY.jpg
112852,118340,https://image.tmdb.org/t/p/w300/r7vmZjiyZw9rpJMQJdXpjgiCOk9.jpg
112868,242095,https://image.tmdb.org/t/p/w300/r5v3gzfxtnO9bKebs5Ujee6LLP1.jpg
112897,138103,https://image.tmdb.org/t/p/w300/utS5euWHlEdKBNnEFwjpZ2oGuhF.jpg
112911,184315,https://image.tmdb.org/t/p/w300/sKNIwY6UENCJ36FvYvnBW3Vdzt7.jpg
112940,157849,https://image.tmdb.org/t/p/w300/6B76Z5Ct758RfKFoFg37skVRiMp.jpg
113159,244566,https://image.tmdb.org/t/p/w300/4ZQ8LoU9SwSxSrmc3aOtHmruk26.jpg
113186,209269,https://image.tmdb.org/t/p/w300/b36OAp2q5m0oZ4oUcwg2B0cTHrV.jpg
113207,239566,https://image.tmdb.org/t/p/w300/dVbGeU5agxFGcJnL5hk4uO8W7i2.jpg
113225,229297,https://image.tmdb.org/t/p/w300/mNYZUVDj4ORSPHWinmqJbXyuG6W.jpg
113252,253306,https://image.tmdb.org/t/p/w300/jPKEeHmUuoDnIaRs6VUqSr4qRGR.jpg
113275,228194,https://image.tmdb.org/t/p/w300/1vFhSr7INoulu18smHqicft05i8.jpg
113278,242643,https://image.tmdb.org/t/p/w300/b9KxvIAZkl2f57kjObj8Z9z9LhL.jpg
113280,192623,https://image.tmdb.org/t/p/w300/9T3BQSIuw7OkvWndcr306tC2ybR.jpg
113313,244610,https://image.tmdb.org/t/p/w300/o0cHa11nmOUaF4kYQ7vh1Xtssek.jpg
113345,76757,https://image.tmdb.org/t/p/w300/2NCcAZ3M3F0FxENYmammBknwpVn.jpg
113348,98566,https://image.tmdb.org/t/p/w300/azL2ThbJMIkts3ZMt3j1YgBUeDB.jpg
113350,273404,https://image.tmdb.org/t/p/w300/3osrKXIz5OkSrpnEt1hqHAAyvbd.jpg
113374,48347,https://image.tmdb.org/t/p/w300/cr9Qsgv2IoEnlbT12WGDEOxQW5G.jpg
113378,227156,https://image.tmdb.org/t/p/w300/dul62Av4pgi5x8LP7ELHzNyka9Z.jpg
113394,174337,https://image.tmdb.org/t/p/w300/rIYgspS4xulnonEUG2Xh3VXfDt0.jpg
113416,286709,https://image.tmdb.org/t/p/w300/vnM4uANJz8cDLvBZUVFFqfLsIty.jpg
113453,193893,https://image.tmdb.org/t/p/w300/pf4FoUr2phn5WyZjU7rLXSiW1Ve.jpg
113532,242022,https://image.tmdb.org/t/p/w300/xP328XWLccsitiTTClWGTNlwz48.jpg
113565,211067,https://image.tmdb.org/t/p/w300/thdioQOYqqusDUfT6trgwMIoNaQ.jpg
113573,189,https://image.tmdb.org/t/p/w300/50kALxDX4mmzIRljbNbPY0u4cie.jpg
113604,249164,https://image.tmdb.org/t/p/w300/7Twh8h3Wh7GC9npTAEUThgkxkWL.jpg
113705,221902,https://image.tmdb.org/t/p/w300/2qpZZ5a5Axpk8OeCtrvNTQfJiB2.jpg
113741,220289,https://image.tmdb.org/t/p/w300/ezUtb9m5DeLwL2gxi4gktzNCvQv.jpg
113780,256274,https://image.tmdb.org/t/p/w300/oJZSajKLJkoTOzSZQN2ZwRnPwHZ.jpg
113829,242090,https://image.tmdb.org/t/p/w300/ewsYTI6KKQw3IDPFmVVbHq89kxv.jpg
113849,88573,https://image.tmdb.org/t/p/w300/wuZ6uVkuaKfehCSKMKb5SznEkpc.jpg
113862,241848,https://image.tmdb.org/t/p/w300/gvlEFHu9FuYLmBZwsARTtuNIiDO.jpg
114028,234200,https://image.tmdb.org/t/p/w300/Kc3vbqO0X4VRnjACGNoWLNQvHo.jpg
114044,254191,https://image.tmdb.org/t/p/w300/8XPGgvhsJxFvmVH9xAm9q9J7Coy.jpg
114060,154400,https://image.tmdb.org/t/p/w300/olQInYvVCW2wycMSU1ogo9Jshml.jpg
114066,246400,https://image.tmdb.org/t/p/w300/pUmYsh07P2Bq6ip2RZmOq6mr2vF.jpg
114074,244772,https://image.tmdb.org/t/p/w300/lDygTdg1KlrVJVzqsFL515uGzSe.jpg
114126,27286,https://image.tmdb.org/t/p/w300/9gllAA4UnQWQVkpe2RVXTOMr90P.jpg
114180,198663,https://image.tmdb.org/t/p/w300/ode14q7WtDugFDp78fo9lCsmay9.jpg
114184,244506,https://image.tmdb.org/t/p/w300/aqNzRiaEsfv567Ji9njJofblRBE.jpg
114246,169917,https://image.tmdb.org/t/p/w300/euPgyPsiNFp6gOBB7nUFxvN5ZaY.jpg
114265,244264,https://image.tmdb.org/t/p/w300/kL2ccASO8O6v92gGTaaY5gOCAI4.jpg
114335,32891,https://image.tmdb.org/t/p/w300/dKJFtBGBCVr4t1PXG5JvjKNQ4od.jpg
114396,230779,https://image.tmdb.org/t/p/w300/cyEpCV8nLfhloAkwNxel4OjIhAA.jpg
114494,284427,https://image.tmdb.org/t/p/w300/oR3tbNzJMJmCKS5O5fanU9yxIOk.jpg
114554,149871,https://image.tmdb.org/t/p/w300/cQidJuA546OSSXKWXoiCeINDxuj.jpg
114601,239678,https://image.tmdb.org/t/p/w300/rVUI2267FdetVWz9UBQbqTmRVhQ.jpg
114627,15916,https://image.tmdb.org/t/p/w300/dcEUGvckbePFzPKhGXnS9T3kZMG.jpg
114662,190859,https://image.tmdb.org/t/p/w300/i1U46OwMc6vlm7OoSUKfqUH615e.jpg
114670,246403,https://image.tmdb.org/t/p/w300/pA2SgITmH0lzet9Nn5cxeinRKMv.jpg
114678,254375,https://image.tmdb.org/t/p/w300/lymRg46xAt6s9ApWa9MBcgnzXAS.jpg
114707,149509,https://image.tmdb.org/t/p/w300/tjTy6W05mPXXw87IqpjeGNhIcM4.jpg
114713,250546,https://image.tmdb.org/t/p/w300/yLsuU2P2SpDYFwtZQ7dtfVAf6TE.jpg
114762,286554,https://image.tmdb.org/t/p/w300/rz0YnlHieXP9SBuJU4ANBW8ttIw.jpg
114795,49017,https://image.tmdb.org/t/p/w300/m5h3NtZ2ZfryIHl1MvatmANvIqQ.jpg
114818,227300,https://image.tmdb.org/t/p/w300/pLmIFQu2fFB6YkYuYzBotKMFGqZ.jpg
114847,262543,https://image.tmdb.org/t/p/w300/h7SEtIWOfLsuCWhQgflev7ppRPq.jpg
114925,244761,https://image.tmdb.org/t/p/w300/wLoFxTZFEfAzFLk2qSoPbcz58Jb.jpg
114935,206487,https://image.tmdb.org/t/p/w300/38Xr1JnV1ZcLQ55zmdSp6n475cZ.jpg
115065,146381,https://image.tmdb.org/t/p/w300/z6GrOTKOazrLnHQWVrN1pA082qi.jpg
115111,48585,https://image.tmdb.org/t/p/w300/mT505ts2fpLMzhBSlqUvxp9NxGG.jpg
115122,246741,https://image.tmdb.org/t/p/w300/a2rD3i3DBMeYbA34rBv6z3B9S3a.jpg
115149,245891,https://image.tmdb.org/t/p/w300/wXqWR7dHncNRbxoEGybEy7QTe9h.jpg
115151,208869,https://image.tmdb.org/t/p/w300/1jva5sTJnlz9g11Xm0GTxl6WAIk.jpg
115170,205587,https://image.tmdb.org/t/p/w300/3K93GWotLXe4FqpErri0xkpLaD5.jpg
115203,295538,https://image.tmdb.org/t/p/w300/h2rtO45j5BehkqeXwfJ434ZCmDh.jpg
115210,228150,https://image.tmdb.org/t/p/w300/pfte7wdMobMF4CVHuOxyu6oqeeA.jpg
115216,266285,https://image.tmdb.org/t/p/w300/xQsv3OI8UT6s9Rn3C0WxO24bnEx.jpg
115231,239563,https://image.tmdb.org/t/p/w300/1bb7MTHCIPhpKZFysDpxNaNrdMk.jpg
115502,289727,https://image.tmdb.org/t/p/w300/IrJiEtUa2OhZvFEM2pseyaxChd.jpg
115569,242582,https://image.tmdb.org/t/p/w300/j9HrX8f7GbZQm1BrBiR40uFQZSb.jpg
115617,177572,https://image.tmdb.org/t/p/w300/2mxS4wUimwlLmI1xp6QW6NSU361.jpg
115664,228326,https://image.tmdb.org/t/p/w300/aotTZos5KswgCryEzx2rlOjFsm1.jpg
115667,200727,https://image.tmdb.org/t/p/w300/2HOd431LX9ggqSpBIJ7qyYhATyo.jpg
115680,273271,https://image.tmdb.org/t/p/w300/lfggWOEZ9pL34XKYisBTJ0vFnFS.jpg
115713,264660,https://image.tmdb.org/t/p/w300/dmJW8IAKHKxFNiUnoDR7JfsK7Rp.jpg
115727,40081,https://image.tmdb.org/t/p/w300/eKdvNCKtiuUFvwCXtpwISw8jqZ5.jpg
115819,234862,https://image.tmdb.org/t/p/w300/cUDszLzmJ8SoB9ls4NyyTdfkdVY.jpg
115828,251232,https://image.tmdb.org/t/p/w300/1MSFfjvgf9auNANWcaGTvzf1TcW.jpg
115877,116440,https://image.tmdb.org/t/p/w300/6db4Dzg3GmlQxbUrJCDhcbMvMxN.jpg
116044,55596,https://image.tmdb.org/t/p/w300/Alwn4aKfVwqHPNYcUMNuuvZSlE6.jpg
116138,265180,https://image.tmdb.org/t/p/w300/dwmHSBBiu2ow271zrQ33rPKZDSC.jpg
116169,44092,https://image.tmdb.org/t/p/w300/jIQAm7YlBoZqllu4gbnagRlO9NY.jpg
116207,185567,https://image.tmdb.org/t/p/w300/h5OZD7pVkIKR5jf4lGFzQQrLmLc.jpg
116411,238628,https://image.tmdb.org/t/p/w300/jNKUXcwZr1vpgq7sGTCEqdngo4Z.jpg
116413,260001,https://image.tmdb.org/t/p/w300/434samTfccB2N7zl0saWp9ev5pL.jpg
116419,256092,https://image.tmdb.org/t/p/w300/wSujXhZJPvwKtMhIAuIuXZ93gYO.jpg
116505,79723,https://image.tmdb.org/t/p/w300/2NyrICtZIlDvJjzcau2tUkqdhGw.jpg
116529,203793,https://image.tmdb.org/t/p/w300/pk2d5ahR9g4R3YDlhNA5m1vHhFv.jpg
116668,241842,https://image.tmdb.org/t/p/w300/raKPvj9Jw1f5KuEXa1xi3pa2omW.jpg
116718,37133,https://image.tmdb.org/t/p/w300/yDunXhmYjX7yjG4q3exMewj6zZw.jpg
116724,84111,https://image.tmdb.org/t/p/w300/mQ07Y4KlYZlJjVSEp2AFTYZA9i.jpg
116738,77067,https://image.tmdb.org/t/p/w300/uDhZDedBv9eRDkuJSTbM77EmHI1.jpg
116797,205596,https://image.tmdb.org/t/p/w300/zSqJ1qFq8NXFfi7JeIYMlzyR0dx.jpg
116799,171274,https://image.tmdb.org/t/p/w300/pfVua7TzzttOh3RTOuBqT7xN0oY.jpg
116817,244403,https://image.tmdb.org/t/p/w300/ka3gEmHph5FTJouSdOOK02Ck6bx.jpg
116823,131631,https://image.tmdb.org/t/p/w300/4FAA18ZIja70d1Tu5hr5cj2q1sB.jpg
116849,295315,https://image.tmdb.org/t/p/w300/wDPjTT14pIbKs5r1ZJazRsDwTRQ.jpg
116887,147441,https://image.tmdb.org/t/p/w300/uaDj37JtvLan9tihxZ18e6qL33b.jpg
116897,265195,https://image.tmdb.org/t/p/w300/bU7IUeTdYFOgeUPtwpWKQNhORMC.jpg
116941,17009,https://image.tmdb.org/t/p/w300/u7MciwvfyYrvZEua22wz48Puu7O.jpg
116963,21811,https://image.tmdb.org/t/p/w300/gDlLWxvr6lMBRevo2RXb0eUF8RQ.jpg
116977,100042,https://image.tmdb.org/t/p/w300/cvEi0xV7TUkabJGuzulhvbMjrHi.jpg
116985,206821,https://image.tmdb.org/t/p/w300/nXWsjQefKVsJdQQsu5NZT1Zk1rv.jpg
117107,261037,https://image.tmdb.org/t/p/w300/fpYXvWGKPwk51UTk8hqo0qE13qk.jpg
117109,301566,https://image.tmdb.org/t/p/w300/mloofB4SaWLJCh1eGHb0dPvVybE.jpg
117133,17808,https://image.tmdb.org/t/p/w300/5F7FS2brRyRp2lSLEsuvuRBSsrt.jpg
117176,266856,https://image.tmdb.org/t/p/w300/7kwcLFNt887saoQAL7EY0XnW7VI.jpg
117192,282848,https://image.tmdb.org/t/p/w300/8GSVpMPlvymndYheKMtQb1aLDBh.jpg
117364,263614,https://image.tmdb.org/t/p/w300/b59YdJZyRUu04hnWdmmz4kPjbTF.jpg
117368,10258,https://image.tmdb.org/t/p/w300/gOVdfrRfzQjYwezOxIap13j05d8.jpg
117444,110416,https://image.tmdb.org/t/p/w300/16LQC6zpqB0l74mVWb93a2oMFnX.jpg
117466,205775,https://image.tmdb.org/t/p/w300/weVvNPfk6FM9vBg3BXtRtNAmiYM.jpg
117511,303623,https://image.tmdb.org/t/p/w300/7O41oM6Va5wffkIjunwqAoseNs9.jpg
117529,135397,https://image.tmdb.org/t/p/w300/rhr4y79GpxQF9IsfJItRXVaoGs4.jpg
117531,215032,https://image.tmdb.org/t/p/w300/ggHgV6OfSAkCZeUbQtMK1sNWq9G.jpg
117533,293310,https://image.tmdb.org/t/p/w300/nOVhX69EAxtSKEEnr5UcSd5UVci.jpg
117545,170522,https://image.tmdb.org/t/p/w300/oppvIr8jmTXEVkzRHtipxcmvdQ5.jpg
117572,294538,https://image.tmdb.org/t/p/w300/9jveY5ak0bmEWpJaQTLFPB2dUwu.jpg
117590,227159,https://image.tmdb.org/t/p/w300/boBOkwIqgrs8noxBUSDkkicKa4K.jpg
117630,88107,https://image.tmdb.org/t/p/w300/c9Q0zxjCPBS84y2akpowbnNcnOQ.jpg
117646,10473,https://image.tmdb.org/t/p/w300/plFfQfmr4J4ghg3v2p7oWtFKvNc.jpg
117849,25518,https://image.tmdb.org/t/p/w300/8KE4MGBu9BNr2dawI17n1We64nF.jpg
117851,270946,https://image.tmdb.org/t/p/w300/dXbpNrPDZDMEbujFoOxmMNQVMHa.jpg
117867,252178,https://image.tmdb.org/t/p/w300/2ZfUpDXEFQxEyXfzfxGFA9rcbP1.jpg
117877,75491,https://image.tmdb.org/t/p/w300/pcjwhq6hF3z2Wir0ZcKHTxmtRsH.jpg
117881,284293,https://image.tmdb.org/t/p/w300/jJiGGbuLW8IkEnh5073maEmIr7V.jpg
117887,116149,https://image.tmdb.org/t/p/w300/wpchRGhRhvhtU083PfX2yixXtiw.jpg
117895,294254,https://image.tmdb.org/t/p/w300/mYw7ZyejqSCPFlrT2jHZOESZDU3.jpg
117922,79218,https://image.tmdb.org/t/p/w300/ue5417HaDcvgMDusryenwwwZARq.jpg
118082,244458,https://image.tmdb.org/t/p/w300/weY5OVSFmxvA3D4lfyhgvugklEh.jpg
118166,70966,https://image.tmdb.org/t/p/w300/tme4oPYFDiW6HWonNlcmx8Ukevs.jpg
118198,250798,https://image.tmdb.org/t/p/w300/xeUxtEDEA4AXWg7pV5oen0rn4EX.jpg
118248,297596,https://image.tmdb.org/t/p/w300/gL6riNxQeyPXT5YsgqE2aWhl1zi.jpg
118270,123107,https://image.tmdb.org/t/p/w300/sWgCQPypdN9jFaUSjItPn9htW9p.jpg
118290,17135,https://image.tmdb.org/t/p/w300/j8gSAdGQRxf4eGOSueff1LjZREW.jpg
118326,270005,https://image.tmdb.org/t/p/w300/k5U1M1frRT1AnP89dYw4eBpoWfE.jpg
118354,245916,https://image.tmdb.org/t/p/w300/8gaNZiKZHvKCqMDByY00dUIV0YC.jpg
118512,15261,https://image.tmdb.org/t/p/w300/hMRjQuTZQ8bZNrwqkKhBgbh8MkF.jpg
118530,42441,https://image.tmdb.org/t/p/w300/jKXjLxy7aZ7bpn55TDJeVoQon2o.jpg
118572,253272,https://image.tmdb.org/t/p/w300/qwMZYSkLofFC27oBeZ1hZWgliXw.jpg
118696,122917,https://image.tmdb.org/t/p/w300/xT98tLqatZPQApyRmlPL12LtiWp.jpg
118700,273895,https://image.tmdb.org/t/p/w300/2QyUcitU0hrxy6B2zkyJ0EhNlqm.jpg
118702,227306,https://image.tmdb.org/t/p/w300/vAlHUjHwLWMV5mg4epGR9WSIfiy.jpg
118706,246080,https://image.tmdb.org/t/p/w300/oqOXFP35a2DjxjdpmEaOTIfI5TS.jpg
118784,22285,https://image.tmdb.org/t/p/w300/njFt25F9as6CPhsK8diNsF8An4d.jpg
118814,277547,https://image.tmdb.org/t/p/w300/96htqghZlKctNJqDLo2DuC9PEap.jpg
118834,24388,https://image.tmdb.org/t/p/w300/3VO1tfqK9ZGCyfCrLKQJC6eqOrl.jpg
118862,137347,https://image.tmdb.org/t/p/w300/pBqnSEkLMZoEFgOCQLxM7wKmmS0.jpg
118880,252171,https://image.tmdb.org/t/p/w300/cd2rCE1nun7CESjBI8PGNEof1tb.jpg
118888,20147,https://image.tmdb.org/t/p/w300/udpZ1HTMNPS9fi4s6PNY2QLIJqf.jpg
118894,32916,https://image.tmdb.org/t/p/w300/1cKL7mZW5shP9r9TlTNQX4doMQN.jpg
118896,265177,https://image.tmdb.org/t/p/w300/uPDP0cHGOpkr47rdCdHWo4CyiPj.jpg
118900,228970,https://image.tmdb.org/t/p/w300/ohhWI4Xwf4m4HjbQiIkyAhLekUy.jpg
118924,284296,https://image.tmdb.org/t/p/w300/nM5zWv6zpWHsrKNMrPKg23UHZCA.jpg
118930,308571,https://image.tmdb.org/t/p/w300/abpDJ3XyqSp0sQdG7SIAItjBHb1.jpg
118985,87093,https://image.tmdb.org/t/p/w300/203HAjJcLMl7xThcTqZx4zmEGcV.jpg
118997,224141,https://image.tmdb.org/t/p/w300/bINGDDuvUnZyde2sIcSx41IE5b6.jpg
119068,243684,https://image.tmdb.org/t/p/w300/dzFHIxCcvq2CZVFCsgz7n1z5oIM.jpg
119141,228967,https://image.tmdb.org/t/p/w300/tIDC4xT65l7a8qbgg8GvwD5g8c5.jpg
119145,207703,https://image.tmdb.org/t/p/w300/r6q9wZK5a2K51KFj4LWVID6Ja1r.jpg
119153,191489,https://image.tmdb.org/t/p/w300/3bjakdfXXzQ1M82vpqyQXH85lz0.jpg
119155,181533,https://image.tmdb.org/t/p/w300/xwgy305K6qDs3D20xUO4OZu1HPY.jpg
119167,51239,https://image.tmdb.org/t/p/w300/aYR9jDH3fFTdPVreFKfaavTCscn.jpg
119655,68737,https://image.tmdb.org/t/p/w300/7Q8DfXSjcFSSQDOxz1Sk865wNqI.jpg
119714,298533,https://image.tmdb.org/t/p/w300/3Foy86VCs8MZhTieDsglSTm4xMU.jpg
119828,19946,https://image.tmdb.org/t/p/w300/9hX2IlU9trlVThCV5fe0n3fBvcU.jpg
119964,286532,https://image.tmdb.org/t/p/w300/eR9muFXkNCknGdfTQSeDS6tdPdZ.jpg
120130,92321,https://image.tmdb.org/t/p/w300/mDqzHV8UXWWNpZkoAbKmKX1ZxEE.jpg
120138,297222,https://image.tmdb.org/t/p/w300/z2x2Y4tncefsIU7h82gmUM5vnBJ.jpg
120466,198184,https://image.tmdb.org/t/p/w300/uuDUpzlMFomdSfNWlpEPS9nVZWV.jpg
120478,265297,https://image.tmdb.org/t/p/w300/jRmQNj8NacAHJnzwfvFvglKSGB6.jpg
120625,285700,https://image.tmdb.org/t/p/w300/jJOuPUrkpUDETHqfZU0hXWvuWU0.jpg
120635,260346,https://image.tmdb.org/t/p/w300/vzvMXMypMq7ieDofKThsxjHj9hn.jpg
120637,201088,https://image.tmdb.org/t/p/w300/7zu6HPnKPjNA7NuR4DGRdaH0PdX.jpg
120761,126644,https://image.tmdb.org/t/p/w300/en5KODxMeWO5KgFDFh8974mfSgS.jpg
120783,294652,https://image.tmdb.org/t/p/w300/yRLVyhQfkW2hn15e8NIqarswLAr.jpg
120799,87101,https://image.tmdb.org/t/p/w300/oZRVDpNtmHk8M1VYy1aeOWUXgbC.jpg
120807,86705,https://image.tmdb.org/t/p/w300/ufE8KAkLQT9u91AgDSc5Oxa3DjW.jpg
120813,27317,https://image.tmdb.org/t/p/w300/fk7grnwQtt1W9PkJj0Gc2sc300N.jpg
120827,68352,https://image.tmdb.org/t/p/w300/2T9IFr9j8MhC8DpsF9TQ4Zg9NnL.jpg
120919,267573,https://image.tmdb.org/t/p/w300/u45gBnx1FBgMccThUAFpoqOMBms.jpg
121007,14749,https://image.tmdb.org/t/p/w300/8C0u4EuisSRBa3Htr9kWUStkDnW.jpg
121097,50327,https://image.tmdb.org/t/p/w300/muzQuNYEQfZEPIN7G5shtKKT3fP.jpg
121099,13654,https://image.tmdb.org/t/p/w300/uB0DQU4Cog8tYrkiOEVTmDw6Qnn.jpg
121129,244688,https://image.tmdb.org/t/p/w300/sOqB812jWYgcHCyT2PVEk3RBtSm.jpg
121169,250225,https://image.tmdb.org/t/p/w300/gUxyr5zfglwUE8Xod7yYiY1zNqQ.jpg
121171,256876,https://image.tmdb.org/t/p/w300/y2e6I7A8AgNTfB1MeNZfhh9Q4ES.jpg
121231,270303,https://image.tmdb.org/t/p/w300/iwnQ1JH1wdWrGYkgWySptJ5284A.jpg
121253,287084,https://image.tmdb.org/t/p/w300/dHXH9Gzk14am6KFFG7B3W60P5R4.jpg
121338,19254,https://image.tmdb.org/t/p/w300/3S9fkzkl3kqgnlZUvBF1SqYKVm0.jpg
121342,26190,https://image.tmdb.org/t/p/w300/uGdrTIuUQK5NkEwVjts1BLn9w9X.jpg
121372,46967,https://image.tmdb.org/t/p/w300/9DKunkJiOxInOXZsk22bULt1428.jpg
121374,32836,https://image.tmdb.org/t/p/w300/iKycji2aWSOS8at0W4VIEm2cmec.jpg
121469,14862,https://image.tmdb.org/t/p/w300/fhZNX8SCvtrrTfh8NV5EgtZC9d0.jpg
121715,102517,https://image.tmdb.org/t/p/w300/cd7LpSJ8GOwaqxnRADV4VTqm1Dp.jpg
121781,30178,https://image.tmdb.org/t/p/w300/zImw7IVg8dxPkqMfT0L33sdsIHC.jpg
122092,14407,https://image.tmdb.org/t/p/w300/kAruqIkf1GxYyWS03pq7NKdp6dC.jpg
122246,84575,https://image.tmdb.org/t/p/w300/oIkcTCUdvc5fDyG2IxdCd26hRQ7.jpg
122433,47003,https://image.tmdb.org/t/p/w300/ePWorn3mWFdZNSlQbjBbymrAzFC.jpg
122490,256740,https://image.tmdb.org/t/p/w300/dTxOsk0wVG1EgyCbWbaNxQXZLxy.jpg
122627,80985,https://image.tmdb.org/t/p/w300/nC88F3tNp1MKSFWMPGEixjqvhu9.jpg
122882,76341,https://image.tmdb.org/t/p/w300/hA2ple9q4qnwxp3hKVNhroipsir.jpg
122884,280092,https://image.tmdb.org/t/p/w300/iDdGfdNvY1EX0uDdA4Ru77fwMfc.jpg
122886,140607,https://image.tmdb.org/t/p/w300/wqnLdwVXoBjKibFRR5U3y0aDUhs.jpg
122888,271969,https://image.tmdb.org/t/p/w300/c9CoGrBA5yw8A7YBMz0hGzfzpNq.jpg
122890,68735,https://image.tmdb.org/t/p/w300/eGi5aoxaZveqNLtE7BZJCuWwR3G.jpg
122892,99861,https://image.tmdb.org/t/p/w300/4ssDuvEDkSArWEdyBl2X5EHvYKU.jpg
122896,166426,https://image.tmdb.org/t/p/w300/6lAPOAFYFWIO3SQRemEY2wInQMC.jpg
122898,141052,https://image.tmdb.org/t/p/w300/eifGNCSDuxJeS1loAXil5bIGgvC.jpg
122900,102899,https://image.tmdb.org/t/p/w300/rQRnQfUl3kfp78nCWq8Ks04vnq1.jpg
122902,166424,https://image.tmdb.org/t/p/w300/cDroz5qSlP8xZ6tOpeYoPkBvKyL.jpg
122904,293660,https://image.tmdb.org/t/p/w300/3E53WEZJqP6aM84D8CckXx4pIHw.jpg
122906,284054,https://image.tmdb.org/t/p/w300/uxzzxijgPIY7slzFvMotPv8wjKA.jpg
122912,299536,https://image.tmdb.org/t/p/w300/7WsyChQLEftFiDOVTGkv3hFpyyt.jpg
122916,284053,https://image.tmdb.org/t/p/w300/rzRwTcFvttcN1ZpX2xv4j3tSdJu.jpg
122918,283995,https://image.tmdb.org/t/p/w300/y4MBh0EjBlMuOzv9axM4qJlmhzz.jpg
122920,271110,https://image.tmdb.org/t/p/w300/rAGiXaUfPzY7CDEyNKUofk3Kw2e.jpg
122922,284052,https://image.tmdb.org/t/p/w300/xf8PbyQcR5ucXErmZNzdKR0s8ya.jpg
122924,246655,https://image.tmdb.org/t/p/w300/2mtQwJKVKQrZgTz49Dizb25eOQQ.jpg
122932,268171,https://image.tmdb.org/t/p/w300/yNzVwtlqOmPLVKD5zZIzAME9vYc.jpg
123200,31981,https://image.tmdb.org/t/p/w300/8GyTQCTnXE5JExI9Z8lncyRCpoO.jpg
123310,36983,https://image.tmdb.org/t/p/w300/kzQNHyfqdbUdpJqHyqtZSQYxq5F.jpg
123545,228074,https://image.tmdb.org/t/p/w300/hgdWIKhE9T3Dqr0D78YJzx2L97k.jpg
123553,252360,https://image.tmdb.org/t/p/w300/yetbsCuB6fmzI4lpJMvqwJcehti.jpg
123947,284276,https://image.tmdb.org/t/p/w300/5GJEZovjtKisJxNMG6fBTCxNzZi.jpg
124273,48132,https://image.tmdb.org/t/p/w300/6pyliHh44dOQM476EnSGuuP4Fht.jpg
124404,85439,https://image.tmdb.org/t/p/w300/khcQB7EDZUbo0AVqFORK9pWkZrJ.jpg
124484,114735,https://image.tmdb.org/t/p/w300/ovwEWbDo4Zb6Kpm43HdeyiIssXM.jpg
124851,279828,https://image.tmdb.org/t/p/w300/mJXHsvyg1SlxtIFg5yO38ODjdwx.jpg
124853,72585,https://image.tmdb.org/t/p/w300/5w7A4i3vIZXKbkpvLIxOzwAlXtk.jpg
124859,284536,https://image.tmdb.org/t/p/w300/hIgU3cxn7Y87joQGM3srofnXOm5.jpg
125221,108181,https://image.tmdb.org/t/p/w300/xN8Dv4DXCoJjupn12QjAgYCYfgi.jpg
125914,210860,https://image.tmdb.org/t/p/w300/zIRDhdAuMevOuY2vs3s1HNcqDq7.jpg
125916,216015,https://image.tmdb.org/t/p/w300/63kGofUkt1Mx0SIL4XI4Z5AoSgt.jpg
125970,27850,https://image.tmdb.org/t/p/w300/y9RJCxJMbWqhXjkBgC0VXETmHj6.jpg
125974,34560,https://image.tmdb.org/t/p/w300/dJsmptwkTWbxk1NwLAKeoYtcTuJ.jpg
126088,48874,https://image.tmdb.org/t/p/w300/e0KbZdRvxuki9nrXqRtpkgcj3Vt.jpg
126090,36129,https://image.tmdb.org/t/p/w300/4sMh4bpyy5zhOS7G48WOsOBIhIH.jpg
126142,159704,https://image.tmdb.org/t/p/w300/6oZjPqEp9KUxxgyHNZuuGvVxEOq.jpg
126420,250066,https://image.tmdb.org/t/p/w300/526uxanwv4mMK0YTxjVrsmMXXo2.jpg
126482,302429,https://image.tmdb.org/t/p/w300/vjCdrK8gGRFnyuZb1j9BzgN2RaY.jpg
126548,272693,https://image.tmdb.org/t/p/w300/A6ScveWmIPL9vSYyULD8ObqyHDQ.jpg
126577,89247,https://image.tmdb.org/t/p/w300/7lWYTb3g0VdbwPYD1HG6AzHF74M.jpg
126921,9948,https://image.tmdb.org/t/p/w300/o3b8nenAzu5OJk7sbPJURwmeHSV.jpg
127052,20875,https://image.tmdb.org/t/p/w300/di0OpDXkIj53Fv2wy6f5As8AbNA.jpg
127096,227719,https://image.tmdb.org/t/p/w300/9u5Rb0e7mx8qOO7zj39KnIRWClr.jpg
127098,321594,https://image.tmdb.org/t/p/w300/9ULqaND2rzNFL4OAxCbSrY7UWem.jpg
127108,167073,https://image.tmdb.org/t/p/w300/cs7W8j5lI7qzRW6tKSj9p1Q0Ze7.jpg
127114,249688,https://image.tmdb.org/t/p/w300/3fEuVd8Xorwtk5kFVvyiNlOtcIw.jpg
127116,309299,https://image.tmdb.org/t/p/w300/kMTLGbekuHkpw4M8XKdN2d7n2aF.jpg
127130,309245,https://image.tmdb.org/t/p/w300/w0V4M9nY9bjsoTKdaAYzL9gRpWY.jpg
127132,309503,https://image.tmdb.org/t/p/w300/qHQbXfdYhh3CRtIufoiD4AxPWi0.jpg
127134,232572,https://image.tmdb.org/t/p/w300/zJmNuWakSSaJvywYyxZIS9EGWPN.jpg
127136,245706,https://image.tmdb.org/t/p/w300/ncP8XQ0bXP0xSpJmMsRt8mUcEXd.jpg
127146,319075,https://image.tmdb.org/t/p/w300/hQEkK4WnTtQXIp5QOnVTsK3xYRM.jpg
127152,318224,https://image.tmdb.org/t/p/w300/zWHQYR9srde9nZjU6Dot8qTjoni.jpg
127164,318044,https://image.tmdb.org/t/p/w300/8XpM91NVq6IyCnDkiWf4xjHpewK.jpg
127172,194537,https://image.tmdb.org/t/p/w300/61lbpT6ucASzSuXS9887wEao688.jpg
127184,283330,https://image.tmdb.org/t/p/w300/9Cy49FxqqcW4ybj1EWtTaahRIRv.jpg
127194,308638,https://image.tmdb.org/t/p/w300/34sJQxmJT42jioSiabF5QobG0NC.jpg
127198,308639,https://image.tmdb.org/t/p/w300/n6u00imN7AX2NiyWUc5kTgHXmEf.jpg
127202,308369,https://image.tmdb.org/t/p/w300/eLjS2bLMjln2n2I73Xu6TaANPDZ.jpg
127204,308024,https://image.tmdb.org/t/p/w300/8DDEGc6vifxxYdkym3G99AMlITG.jpg
127212,308032,https://image.tmdb.org/t/p/w300/orMkBkPqu7szuBRdMLUB4TWKiVV.jpg
127298,110390,https://image.tmdb.org/t/p/w300/h2uRIr0fNpZbTGH5youi7MDRL2T.jpg
127319,72784,https://image.tmdb.org/t/p/w300/msHg4MRKZBcGwIakhMEaYRSdYag.jpg
127323,307663,https://image.tmdb.org/t/p/w300/cBwZIq1QFasmsC9Wi3HvyEljfYN.jpg
128087,102959,https://image.tmdb.org/t/p/w300/7P5RPPdTdVsiaygDky0g4EcqUMj.jpg
128089,27866,https://image.tmdb.org/t/p/w300/xixDPGXhg9Kz93HspsDo1iHf5PO.jpg
128097,216553,https://image.tmdb.org/t/p/w300/nwRE4yenVnThmFPtOdy7nJza7sq.jpg
128099,289333,https://image.tmdb.org/t/p/w300/pqGtStSCU0F3cZyEItCaqol24Mi.jpg
128197,89292,https://image.tmdb.org/t/p/w300/kPfXplEnUW2OIsOCydTmuxu2lw5.jpg
128360,273248,https://image.tmdb.org/t/p/w300/jIywvdPjia2t3eKYbjVTcwBQlG8.jpg
128366,251016,https://image.tmdb.org/t/p/w300/wAqRKiJfL7GlUbo10JNvHdJEL41.jpg
128488,265208,https://image.tmdb.org/t/p/w300/zN80Tlly8oMpKbVJv2TfRIj8dHG.jpg
128512,286565,https://image.tmdb.org/t/p/w300/lVW67w7eWwmBhbBCc4f983pO8m6.jpg
128520,252838,https://image.tmdb.org/t/p/w300/ciR2suRkfJen9lQvfz22lgCj7g7.jpg
128542,290999,https://image.tmdb.org/t/p/w300/oyF0zNkTfvodHvkSEs9E88jvQRi.jpg
128592,241251,https://image.tmdb.org/t/p/w300/gicmSeLG6Uh7BF1r1mxZHUQ8r26.jpg
128594,263105,https://image.tmdb.org/t/p/w300/sxgQDPNkky07l1bv9g8AyoB4jJp.jpg
128620,320007,https://image.tmdb.org/t/p/w300/9P8QgfoMcFX7vp2Gj2cYFecHVRZ.jpg
128695,248933,https://image.tmdb.org/t/p/w300/8s59L4YCmDNyQAkSrlkvc3Vc3fp.jpg
128736,37058,https://image.tmdb.org/t/p/w300/1jq9zUwPIFGid3BMrLLcm3YY2nY.jpg
128832,206296,https://image.tmdb.org/t/p/w300/dxTLKSTyGb5IXB64iNgU9AWAsXT.jpg
128838,201085,https://image.tmdb.org/t/p/w300/f9TOb5anVwZeSbYjU1qNxPk3KUk.jpg
128842,300803,https://image.tmdb.org/t/p/w300/qPiyMWZHlRGgQ54roaraS3iJR12.jpg
128852,17870,https://image.tmdb.org/t/p/w300/b5T4xRePE7VckU5xAFZh6jUEgD0.jpg
128900,195862,https://image.tmdb.org/t/p/w300/wy0V2Ddac3vkVXxrLMIXVPA6qhs.jpg
128902,105554,https://image.tmdb.org/t/p/w300/f7Dg4t7hOFsRRNfmVM9ebEomYdM.jpg
128908,117098,https://image.tmdb.org/t/p/w300/x4vlDX1xc0ZPRYnzyiGMpUOBSPv.jpg
128914,259395,https://image.tmdb.org/t/p/w300/hguiOqqFzYPwIIm6GZBjTAjiqzH.jpg
128944,11425,https://image.tmdb.org/t/p/w300/nbU3UgIjxNTrSSe2gcOSGQjf55a.jpg
128968,15567,https://image.tmdb.org/t/p/w300/flwMGZcOO80lqsnZ6lIwsKja5N.jpg
128975,243938,https://image.tmdb.org/t/p/w300/lBroHetSm8RMI8zp7ThpFJsw9E1.jpg
128991,269711,https://image.tmdb.org/t/p/w300/5eHUeluD8dKncrT6nEOuRUhFUAH.jpg
129011,13590,https://image.tmdb.org/t/p/w300/tSiyjmGJEWprHWPR8Eop1ML82gB.jpg
129229,286873,https://image.tmdb.org/t/p/w300/bx70ZCmLlzu0kALPGoiBezGPG7o.jpg
129250,325358,https://image.tmdb.org/t/p/w300/iuIWl90qCpoxv6g775JB6Kg0m86.jpg
129313,179150,https://image.tmdb.org/t/p/w300/l6aty0lfqsTefZ5xduwT7D44N1q.jpg
129333,278632,https://image.tmdb.org/t/p/w300/56W0KP6xEpvAjVf3Ofc0yyhfuNk.jpg
129354,256591,https://image.tmdb.org/t/p/w300/lOzGWjceYTd0kd5HyX7Ch46O9kh.jpg
129397,119569,https://image.tmdb.org/t/p/w300/hnSxG8clwLuAXEkp9emc8HCUcHD.jpg
129428,268238,https://image.tmdb.org/t/p/w300/j4PARl3gDpv2K45YAv0tgocLW5K.jpg
129514,13643,https://image.tmdb.org/t/p/w300/m9fIvowFHpVjGn5OzFKudp2XJLD.jpg
129657,290764,https://image.tmdb.org/t/p/w300/2XoazCkD4gRlqkJK7q6TOTUx1ta.jpg
129659,228203,https://image.tmdb.org/t/p/w300/yyhniD8A7Mv6SOn8oo1Ba2K0mKc.jpg
129737,239573,https://image.tmdb.org/t/p/w300/eVWVZf3fkx9eNqbHyn9xNlmC2h4.jpg
129779,196750,https://image.tmdb.org/t/p/w300/p0kHK9nJoLzpqa6tqOzPgPkdxYN.jpg
129937,241554,https://image.tmdb.org/t/p/w300/iGvSMoPbWZWDnIhh54yiq3sW7wH.jpg
130050,279972,https://image.tmdb.org/t/p/w300/xCE04zhX6TSQF1VvViyVTBVqvkr.jpg
130052,112454,https://image.tmdb.org/t/p/w300/gp5QyaU49utfWVVL698BzlN2vMh.jpg
130073,150689,https://image.tmdb.org/t/p/w300/j91LJmcWo16CArFOoapsz84bwxb.jpg
130083,228968,https://image.tmdb.org/t/p/w300/6JAb9jQa4sONkutfqfR3I7LFpGd.jpg
130087,238215,https://image.tmdb.org/t/p/w300/oMgBX4uqF1VIz95tD4iJggz6Ceh.jpg
130444,175774,https://image.tmdb.org/t/p/w300/lCfUO2be7jlskyTXRnf1bQtdIes.jpg
130450,266647,https://image.tmdb.org/t/p/w300/w8i0mZR7MEL7c3bXSsuYg7VJsew.jpg
130452,252512,https://image.tmdb.org/t/p/w300/rdYXGeK3OZjBrd2R8A1sSS0Kxcq.jpg
130482,27036,https://image.tmdb.org/t/p/w300/7lCWILDGzk8EjFILNO9Xy96DsKT.jpg
130490,262500,https://image.tmdb.org/t/p/w300/dP5Fb6YRfzmCQtRbHOr2kO7tJW9.jpg
130498,39385,https://image.tmdb.org/t/p/w300/z1JRKYnac2SvvQsCbHaVM2E5x0v.jpg
130518,213110,https://image.tmdb.org/t/p/w300/gTANNf43FKKxN5bEGNGIhBF9Wg2.jpg
130520,228161,https://image.tmdb.org/t/p/w300/usFenYnk6mr8C62dB1MoAfSWMGR.jpg
130576,245703,https://image.tmdb.org/t/p/w300/hgDRq1l4ATxwufWjILKsYtglbI6.jpg
130578,266396,https://image.tmdb.org/t/p/w300/lnUozDnDANTsDYEdsNsHC6b8IiS.jpg
130634,168259,https://image.tmdb.org/t/p/w300/ktofZ9Htrjiy0P6LEowsDaxd3Ri.jpg
130686,293970,https://image.tmdb.org/t/p/w300/gQYKSRVo5iZACFOY6x50RblI6rx.jpg
130840,241855,https://image.tmdb.org/t/p/w300/aBObn1dKdJpMA1EYFDTYPWdccwr.jpg
130970,13015,https://image.tmdb.org/t/p/w300/djoek5ZJA1J7E6vD0jAoUN5Mqjb.jpg
130976,184155,https://image.tmdb.org/t/p/w300/qYXz5nWpZkquk8mzxmpISPwv6Qc.jpg
130978,32334,https://image.tmdb.org/t/p/w300/njP3HZQpCyI9vDyVAHjYqMKdYNC.jpg
131013,257091,https://image.tmdb.org/t/p/w300/rJPbS2cYOYhDCjT5NmW1Fm6gFl3.jpg
131023,305091,https://image.tmdb.org/t/p/w300/qF1fDtJ1vU3hrLDNJCgRoQekFmM.jpg
131098,238302,https://image.tmdb.org/t/p/w300/luIe2Qe7dYmlJ37CvDaLp2sKxc1.jpg
131104,33436,https://image.tmdb.org/t/p/w300/wCtaWDaOiGPVEoo7tiPBSH7sQx9.jpg
131130,24696,https://image.tmdb.org/t/p/w300/a9klAPAt6SdGuAyh4zMOveYXyg0.jpg
131237,35428,https://image.tmdb.org/t/p/w300/kprgQJtu9I5ZWaDHeTTufDIGgaa.jpg
131439,237756,https://image.tmdb.org/t/p/w300/dfsDkaWN8jhoa4przuvP1S3woqm.jpg
131480,298093,https://image.tmdb.org/t/p/w300/xMwrmcAxJ2CpDnPXZVXTRiw7tsv.jpg
131578,44664,https://image.tmdb.org/t/p/w300/ufTt0YqzlZvNjht4YVEqzXWtaXK.jpg
131610,46836,https://image.tmdb.org/t/p/w300/oM45veApm8KhnSolOROA67ScjJu.jpg
131656,263109,https://image.tmdb.org/t/p/w300/1GMvKNy2Ht5QwI0oV0ycYnxzWdC.jpg
131714,308504,https://image.tmdb.org/t/p/w300/kDDwAQHkqPy8RYQc38lFTuRw8Ro.jpg
131724,321640,
131739,321528,https://image.tmdb.org/t/p/w300/aGp9XDXmVM5lCKHWtgBC15S7XLr.jpg
131749,268523,https://image.tmdb.org/t/p/w300/zZVKhza6ZICh7tjhXNR2vNSyHES.jpg
131796,304357,https://image.tmdb.org/t/p/w300/6eoj6bozvgwNuDV3vOrqlvrCrX.jpg
131826,320996,https://image.tmdb.org/t/p/w300/gXuT1R89O9Z07dI9dnEHm2lhODr.jpg
131920,228108,https://image.tmdb.org/t/p/w300/1lkp87orcl6IjrdJJTJPnY2gEoc.jpg
131934,30296,https://image.tmdb.org/t/p/w300/qD0Q7Q9K6LSKFtug1heQdjAllvG.jpg
132046,158852,https://image.tmdb.org/t/p/w300/kziYpr5Nfw60P0My8aj1sgCEqed.jpg
132084,335145,https://image.tmdb.org/t/p/w300/1qtbNeTKp97YqZpoiaAQm3BOcLI.jpg
132153,253303,https://image.tmdb.org/t/p/w300/ziImW5nB2AENKBjSo5oEZBUGYOw.jpg
132157,256961,https://image.tmdb.org/t/p/w300/qML63w7vgspicwLK6xXGLK17cM0.jpg
132333,278990,https://image.tmdb.org/t/p/w300/8sf6aMGE2CYTo4KLWN8bkaHNb2W.jpg
132335,270400,https://image.tmdb.org/t/p/w300/z568idoup0lE4qxlUfQt4T1F7tO.jpg
132362,14572,https://image.tmdb.org/t/p/w300/aB7HCqsA3d2TkAoTkiy7sioJZJ9.jpg
132422,278316,https://image.tmdb.org/t/p/w300/dUqIwSKX9cEkahmv1lsolT8ouE9.jpg
132424,228205,https://image.tmdb.org/t/p/w300/qdUVfvPBvT6cetDDM7rn8y2CNZE.jpg
132454,254936,https://image.tmdb.org/t/p/w300/xJTrdoiowuVfij1QyzdeMicf5QP.jpg
132462,313074,https://image.tmdb.org/t/p/w300/jzGCV0V4B5L0VgmAYGMawqaIhha.jpg
132488,319389,https://image.tmdb.org/t/p/w300/mxFjqVyBjzvjLrBQ5wKvxdC3OyL.jpg
132496,256924,https://image.tmdb.org/t/p/w300/sf9ndc9l6alP9DhJF1ZpKz1PaXK.jpg
132584,50794,https://image.tmdb.org/t/p/w300/xFDvO48Gq7putBBJmvjZAXARHQW.jpg
132618,192712,https://image.tmdb.org/t/p/w300/twNC3WumNZvTk5TGvLY8okhXDaB.jpg
132660,332340,https://image.tmdb.org/t/p/w300/tJskXY0qQcc21UzkGPyiGRKw2md.jpg
132796,254128,https://image.tmdb.org/t/p/w300/2Gfjn962aaFSD6eST6QU3oLDZTo.jpg
132800,284537,https://image.tmdb.org/t/p/w300/pGZV5m7T8NzNC4V2gk304W5SpVX.jpg
132888,300302,https://image.tmdb.org/t/p/w300/5FrJ7IarXFtM3bgpHDzFsoXu8mS.jpg
133115,268159,https://image.tmdb.org/t/p/w300/ljDB4G9w6yeqaOKQ1LIswkdYu0L.jpg
133195,249070,https://image.tmdb.org/t/p/w300/cx9AOBOv9Qf5ufZYQMbfTV7w7VY.jpg
133217,335819,https://image.tmdb.org/t/p/w300/d57C8xTZ6KzmF0rZcYi00AmklU6.jpg
133281,275601,https://image.tmdb.org/t/p/w300/y9hw9XSk8uVgLRfq3cweiAEJtU.jpg
133365,306482,https://image.tmdb.org/t/p/w300/4x7gzun1Llfgt9AtMj9Jx8druIF.jpg
133377,301728,https://image.tmdb.org/t/p/w300/3RpZabrzEKiwoG5Y74HkX4rMQHM.jpg
133419,254470,https://image.tmdb.org/t/p/w300/oFBQUufCV4c8WZoNhtGM17p884H.jpg
133545,258099,https://image.tmdb.org/t/p/w300/rEwXZIOh3CLVA5JJmxT5kaYY6ff.jpg
133645,258480,https://image.tmdb.org/t/p/w300/cJeled7EyPdur6TnCA5GYg0UVna.jpg
133712,31139,https://image.tmdb.org/t/p/w300/21TgZRiA5gDlyCwQEyYqZcqwMgN.jpg
133716,42279,https://image.tmdb.org/t/p/w300/fZi6LHEs2BmuthHs5IyWYWj2DA5.jpg
133771,254320,https://image.tmdb.org/t/p/w300/7Y9ILV1unpW9mLpGcqyGQU72LUy.jpg
133780,256057,https://image.tmdb.org/t/p/w300/rHyeILjVAejwMKiTHkxk6kaY2kV.jpg
133782,287424,https://image.tmdb.org/t/p/w300/twa9gXjocLM629sJrQYVtmF306R.jpg
133798,268920,https://image.tmdb.org/t/p/w300/lobNOBHuJQCP9ZYAf86MBMwRrmZ.jpg
133802,223485,https://image.tmdb.org/t/p/w300/j3PmbRZvf5KpNbapSjn8b0CpD6a.jpg
133832,171424,https://image.tmdb.org/t/p/w300/nh2EAkJEWaOFdzK2DMaITrdmM2a.jpg
133867,248574,https://image.tmdb.org/t/p/w300/8emz9dKW8KKIqG8WcFG1lJbr2ub.jpg
133879,5061,https://image.tmdb.org/t/p/w300/tZE4PPIX1qhUZjyajzDLwsEZtVT.jpg
134004,25973,https://image.tmdb.org/t/p/w300/c08XFez7JngaahzAZ2fojewfNrt.jpg
134019,47759,https://image.tmdb.org/t/p/w300/vBHI9QjQyCyJP7EtqoGweahTU8S.jpg
134021,259954,https://image.tmdb.org/t/p/w300/sQM9OKpj876pDWFbkfRIrpQG6fZ.jpg
134041,20870,https://image.tmdb.org/t/p/w300/6wp40fUEK8qlfqyFE1uvTV8bg4e.jpg
134095,104522,https://image.tmdb.org/t/p/w300/pFy7fz3P7TDb0XTHjLF7zkQzCLM.jpg
134109,25936,https://image.tmdb.org/t/p/w300/vTgBZx0cPalFmYFoLJLA4jfLsRj.jpg
134130,286217,https://image.tmdb.org/t/p/w300/fASz8A0yFE3QB6LgGoOfwvFSseV.jpg
134158,333381,https://image.tmdb.org/t/p/w300/mBIRSvt2ebgdztuX7F7GwR0iPM0.jpg
134170,251516,https://image.tmdb.org/t/p/w300/f1QpIlCqlFXp1hjnLplXb5irxip.jpg
134184,20963,https://image.tmdb.org/t/p/w300/9QtqntCWyOwUxPQCgEEyxlSV2fr.jpg
134214,310593,https://image.tmdb.org/t/p/w300/ceRN51oeadmccAvqvDxpnnNRcLU.jpg
134246,334074,https://image.tmdb.org/t/p/w300/npyCpfYyYknFoY2iJPyfqp70FVX.jpg
134248,318256,https://image.tmdb.org/t/p/w300/75ot83QOkc02vujyzmIbumQCU6Y.jpg
134252,27937,https://image.tmdb.org/t/p/w300/ofW7l89csAAe9XpVINFCjlQIpiv.jpg
134326,10986,https://image.tmdb.org/t/p/w300/4cDTwuuT8Zyl7zPSRltDIlMBO17.jpg
134334,20359,https://image.tmdb.org/t/p/w300/c1Mvyd983ZyrU5Vf2aKEe6WncSq.jpg
134368,238713,https://image.tmdb.org/t/p/w300/vPBmfMHxQvRRNGYD5S5ko2KnX56.jpg
134393,271718,https://image.tmdb.org/t/p/w300/wrY629UTCUAKLJ4CxQXz6DCE7pr.jpg
134515,17381,https://image.tmdb.org/t/p/w300/4WdK6WHPRncDiE8ngspO4EE8fH9.jpg
134524,280276,https://image.tmdb.org/t/p/w300/8O4Y6fNxHaHwiI8SQpQekCJlnfz.jpg
134528,222936,https://image.tmdb.org/t/p/w300/58Y4CjcRX8AtMNtI0AXu9H7iebP.jpg
134775,300168,https://image.tmdb.org/t/p/w300/m5yyMErIDbdzVLIDXVBG6EzM1oF.jpg
134783,188222,https://image.tmdb.org/t/p/w300/28dqsx1jCxhR05DfH35ui13ywNZ.jpg
134796,321109,https://image.tmdb.org/t/p/w300/8TIXHoByfOPv7d88cM4OGxhTUx7.jpg
134808,343371,https://image.tmdb.org/t/p/w300/bUFrAhqlER7oJVdfCcfp2rzHfeC.jpg
134847,86541,https://image.tmdb.org/t/p/w300/oduJ7jj5DsVuvIctPxHRcb88vfr.jpg
134849,53210,https://image.tmdb.org/t/p/w300/bKF3kDYLjt5X3YsntmydkLJHK9I.jpg
134853,150540,https://image.tmdb.org/t/p/w300/2H1TmgdfNtsKlU9jKdeNyYL5y8T.jpg
134859,307931,https://image.tmdb.org/t/p/w300/gr0hihtD5wxvsH8N4HB66XKfnAo.jpg
134861,250556,https://image.tmdb.org/t/p/w300/8z255VNqrNaBhh6MwKAABOKx9K4.jpg
134881,271714,https://image.tmdb.org/t/p/w300/4jn0hDsl6lsv4qEc7aiLlgbaIjo.jpg
135133,131634,https://image.tmdb.org/t/p/w300/lImKHDfExAulp16grYm8zD5eONE.jpg
135137,257344,https://image.tmdb.org/t/p/w300/d26S5EfVXLNxRXqyFy1yyl3qRq3.jpg
135143,259316,https://image.tmdb.org/t/p/w300/fLsaFKExQt05yqjoAvKsmOMYvJR.jpg
135198,42293,https://image.tmdb.org/t/p/w300/i7iS8HgmMprSdVQHYgVMYAI9l1A.jpg
135216,74849,https://image.tmdb.org/t/p/w300/lGJDx7RCgyMMa3owtp150umMnnJ.jpg
135288,280996,https://image.tmdb.org/t/p/w300/iNnHMoj2oldH7O9uL08iGhfHzh.jpg
135436,328111,https://image.tmdb.org/t/p/w300/g3Hms6AE174doeGR1gz5zX5sVsv.jpg
135456,18839,https://image.tmdb.org/t/p/w300/vUWRz8C7mgMMxI1dZhwgumcVFjB.jpg
135518,238615,https://image.tmdb.org/t/p/w300/6ri3y5n3BXahy6lu2i0ndrqA4CA.jpg
135532,274854,https://image.tmdb.org/t/p/w300/dS9YdnJkxtKE2PKCSsxTaO7Jpf5.jpg
135534,287903,https://image.tmdb.org/t/p/w300/mzPCU6xQ2XQmD76cDVZPm5PZAaS.jpg
135536,297761,https://image.tmdb.org/t/p/w300/sk3FZgh3sRrmr8vyhaitNobMcfh.jpg
135567,47933,https://image.tmdb.org/t/p/w300/9S50foUIYGwiNPWOxi1WJF6IPwI.jpg
135569,188927,https://image.tmdb.org/t/p/w300/cnQp8GmOWahIgQaH60Kwez3TNzw.jpg
135777,19670,https://image.tmdb.org/t/p/w300/3ubefqLk26Gy0lXCfGIu8hQrBak.jpg
135787,37588,https://image.tmdb.org/t/p/w300/oSJhm6X4FOAmBSEfTe2OvqGuBN0.jpg
135803,41378,https://image.tmdb.org/t/p/w300/WnfqFz8qQ35RMpOrv5X8FJxPwB.jpg
135815,141131,https://image.tmdb.org/t/p/w300/8XKX4MUeU7hauNY0EndClNlYidF.jpg
135861,214756,https://image.tmdb.org/t/p/w300/38C91I7Xft0gyY7BITm8i4yvuRb.jpg
135885,86828,https://image.tmdb.org/t/p/w300/tnBt9yPCQwnXLwioqfgnL5hqGM6.jpg
135887,211672,https://image.tmdb.org/t/p/w300/dr02BdCNAUPVU07aOodwPYv6HCf.jpg
135937,10450,https://image.tmdb.org/t/p/w300/s4mxntM3FM7joVGz1LECSGfvYtm.jpg
136012,36692,https://image.tmdb.org/t/p/w300/xgr8VRMyNrw8RooFuwrIxGnITVg.jpg
136016,105864,https://image.tmdb.org/t/p/w300/8RSkxOO80btfKjyiC5ZiTaCHIT8.jpg
136018,261023,https://image.tmdb.org/t/p/w300/zfwciv4LIJkNQsfuhYGv0Nkiweg.jpg
136020,206647,https://image.tmdb.org/t/p/w300/zj8ongFhtWNsVlfjOGo8pSr7PQg.jpg
136024,17922,https://image.tmdb.org/t/p/w300/nOTFmar2FyhDEDFNIMQL97K5Pcg.jpg
136297,72886,https://image.tmdb.org/t/p/w300/11IzPcxoq22dqrftKgt5CZPHjhM.jpg
136305,331446,https://image.tmdb.org/t/p/w300/r8qy2CgaSjJYusWy3XkbZieK5aG.jpg
136341,16390,https://image.tmdb.org/t/p/w300/qJ0UlWWrBn2fnAg4SifTJbDUuaf.jpg
136353,12902,https://image.tmdb.org/t/p/w300/hmeJnofknkSnczzN3J7Wvfn7OGI.jpg
136355,119321,https://image.tmdb.org/t/p/w300/i0zImtsknzWLl5OvAQ23Y3gfEYZ.jpg
136359,36972,https://image.tmdb.org/t/p/w300/t0DDWZVOyRjrpotc2qOvcFsRryp.jpg
136443,20720,https://image.tmdb.org/t/p/w300/hYYiubXgtEmWvsaKVp3ssAzUr9l.jpg
136445,34509,https://image.tmdb.org/t/p/w300/gMA34cMwtPKG1GbKlWokMSmUDIE.jpg
136447,34513,https://image.tmdb.org/t/p/w300/rLW93IZAIwnnN9P1oGJjidsPoEm.jpg
136449,14092,https://image.tmdb.org/t/p/w300/5ngIhoA0b4aGBoPFPURAbDwCKT7.jpg
136469,261414,https://image.tmdb.org/t/p/w300/oAPbSMOWJCXXJbRYNBfzojE8Lql.jpg
136471,74510,https://image.tmdb.org/t/p/w300/jk7C5sIDHSGiJjBQz6bmPNP1WOF.jpg
136503,60293,https://image.tmdb.org/t/p/w300/8kJT2PQXBdLvT7jimzgxQFWXPBK.jpg
136511,300685,https://image.tmdb.org/t/p/w300/9o97CIpO5FgNXBYoXYxfgoV4lrz.jpg
136540,85860,https://image.tmdb.org/t/p/w300/nmo8R1FpBEsC80qYOaXtx2vMrSa.jpg
136556,81003,https://image.tmdb.org/t/p/w300/xON7QZ6yHYt1S1Aji0wfGQ1a7ml.jpg
136562,321697,https://image.tmdb.org/t/p/w300/ljiRO29Y9khEERRqMluptUYunJ9.jpg
136564,225728,https://image.tmdb.org/t/p/w300/a5NEpil29Uns1wEYF8k99qVgj1T.jpg
136598,296099,https://image.tmdb.org/t/p/w300/fYDALvoCt3DBlSWN6pSAnGQ9ld7.jpg
136602,250574,https://image.tmdb.org/t/p/w300/qn53D574tT0YRyLgirEFHQwGUXw.jpg
136654,254024,https://image.tmdb.org/t/p/w300/100pHE252kgwxwVNbiflYV9j1yi.jpg
136664,324333,https://image.tmdb.org/t/p/w300/77iVwo0oBaHRk4sFOBcMCh71xlr.jpg
136666,239568,https://image.tmdb.org/t/p/w300/qnhMdtcbZnzcA9cMuZttwosaXji.jpg
136778,312796,https://image.tmdb.org/t/p/w300/slfooToW48qtqEHKr755VjksRWG.jpg
136786,317744,https://image.tmdb.org/t/p/w300/alRvln4lzGjdSExC37vr1spSTF7.jpg
136800,240483,https://image.tmdb.org/t/p/w300/n9zyjUoTkcxWPC2osR2AdblPza1.jpg
136816,309887,https://image.tmdb.org/t/p/w300/moZSQaD6GPRELWZO9qbRJjzq7re.jpg
136834,33723,https://image.tmdb.org/t/p/w300/kyGFZeCOMylgpEC4LelxAL86Eeo.jpg
136838,38918,https://image.tmdb.org/t/p/w300/sAQPWUoDmbY01KqZrqg4VRbnqeA.jpg
136840,217412,https://image.tmdb.org/t/p/w300/xpzJezYGChp6Wchj5eh1VQ9Dvua.jpg
136850,30341,https://image.tmdb.org/t/p/w300/45iFu2qhIDrRHfwEPRUsZUaqJlz.jpg
136859,79698,https://image.tmdb.org/t/p/w300/6esL8UH2sXXqbfbaV6bFEUBCDOr.jpg
136864,209112,https://image.tmdb.org/t/p/w300/5UsK3grJvtQrtzEgqNlDljJW96w.jpg
136912,128767,https://image.tmdb.org/t/p/w300/owFV0qujjF1l3TdD3ZJCp6pW5og.jpg
136958,44859,https://image.tmdb.org/t/p/w300/lFjv4XTWRW1Q84A42ACzkQgBIDR.jpg
137218,88673,https://image.tmdb.org/t/p/w300/lRAKBACw4h85ltnDIuETTYlsPr2.jpg
137337,331781,https://image.tmdb.org/t/p/w300/qL0RepWSNUuZoeDXfyhqowVYhrn.jpg
137345,253622,https://image.tmdb.org/t/p/w300/rUdcfBb2HLtXqnE8Sngk38bSuKV.jpg
137517,29419,https://image.tmdb.org/t/p/w300/2UEBhca8be67AMKVeW7C1Pa0TKO.jpg
137595,264999,https://image.tmdb.org/t/p/w300/jkuCNd3wOmf4sDlZ89HEt8jmsqr.jpg
137857,278927,https://image.tmdb.org/t/p/w300/2Epx7F9X7DrFptn4seqn4mzBVks.jpg
137863,303857,https://image.tmdb.org/t/p/w300/soq3AxjALdBfdPAm8H7yuMmNL5Y.jpg
138036,203801,https://image.tmdb.org/t/p/w300/y5yZaForGSJbPD66Cvq9AT5WMAD.jpg
138186,337879,https://image.tmdb.org/t/p/w300/mJNmwYyhM6FuvGoyAXUg1PR5dwy.jpg
138204,287689,https://image.tmdb.org/t/p/w300/fyY19vwlKaJfPJHunvc7fjQczI1.jpg
138208,285783,https://image.tmdb.org/t/p/w300/tiESRqurrZwAC0hpERogOsBhjeg.jpg
138210,300671,https://image.tmdb.org/t/p/w300/fZlAxZMo6BId1SiqyjLmkd7oUB7.jpg
138396,158182,https://image.tmdb.org/t/p/w300/jrev43dDMMmr1iLl69HoxHOHuas.jpg
138546,301748,https://image.tmdb.org/t/p/w300/4OGyobNioLlo1aj4ioxxmsssSCj.jpg
138610,299245,https://image.tmdb.org/t/p/w300/4oBk2DsYRO0VuloOX52ROmz2QhU.jpg
138632,240566,https://image.tmdb.org/t/p/w300/cpvQrnZwGvzG0moL4oMdmKMYKDB.jpg
138702,293299,https://image.tmdb.org/t/p/w300/6hAgSxgd2YIK5pYhwowtnlGpwbe.jpg
138798,335970,https://image.tmdb.org/t/p/w300/nde744Wjaj11BXA4npXcByLDMkw.jpg
138835,49418,https://image.tmdb.org/t/p/w300/5MkJspGYDwPB7QsFGi35sfBQoNJ.jpg
138966,60843,https://image.tmdb.org/t/p/w300/xcwIb5YEfTeVqCRJXNL8Ai1RcEj.jpg
139052,182560,https://image.tmdb.org/t/p/w300/acJXtT4ZX7nWIhOaCfSAGBxFw71.jpg
139157,329134,https://image.tmdb.org/t/p/w300/qXJTn2ZMhrbs4TawcZfoI2Ifwws.jpg
139385,281957,https://image.tmdb.org/t/p/w300/ji3ecJphATlVgWNY0B0RVXZizdf.jpg
139415,282984,https://image.tmdb.org/t/p/w300/ipAqhEWRzEuD6aXlAWIvEEF1KUe.jpg
139511,21784,https://image.tmdb.org/t/p/w300/hhfjXQxMoZkknfO0TVQGZrGzIk5.jpg
139640,326215,https://image.tmdb.org/t/p/w300/gEJXHgpiKh89Vwjc4XUY5CIgUdB.jpg
139642,307081,https://image.tmdb.org/t/p/w300/kSQ49Fi3NVTqGGXILmxV2T2pdkG.jpg
139644,273481,https://image.tmdb.org/t/p/w300/lz8vNyXeidqqOdJW9ZjnDAMb5Vr.jpg
139655,284303,https://image.tmdb.org/t/p/w300/u3G2gF7M9dmH4Vcs54PUjieOi0C.jpg
139717,346592,https://image.tmdb.org/t/p/w300/eLxk3fmxtfxRCMavwdxP4R6BRzs.jpg
139747,283350,https://image.tmdb.org/t/p/w300/qBnkNKjbJV0E8GvEPidBS1nIRWD.jpg
139855,291270,https://image.tmdb.org/t/p/w300/4DJ1zNr4Y6q7zQ27goEYla46VdO.jpg
139857,318781,https://image.tmdb.org/t/p/w300/p7oGFkMGaQR27R1olN9RoMzg4vS.jpg
139859,212168,https://image.tmdb.org/t/p/w300/eC8babU050Nwnss5CnAJyymGkB.jpg
139915,253344,https://image.tmdb.org/t/p/w300/ubuc8fRcT0I5lF4Q5P5lnyrZJJg.jpg
139994,30459,https://image.tmdb.org/t/p/w300/929UzpnRMgolTdyvhr11BpSXTeX.jpg
140016,329289,https://image.tmdb.org/t/p/w300/gL1OSeSYZc4kcqkYybPAzS21LY2.jpg
140038,11441,https://image.tmdb.org/t/p/w300/9Mo9IKxv7XOMJrdVpWY0iZqPMhe.jpg
140110,257211,https://image.tmdb.org/t/p/w300/bTQ46fupPbjBfFBHuzfD3hxxL0Q.jpg
140133,27412,https://image.tmdb.org/t/p/w300/2IRG18T8Jt6H8oa0dNM01Ikxc5e.jpg
140162,292431,https://image.tmdb.org/t/p/w300/yz6lmOmsmYuj6AOLG4LIwK5eJZF.jpg
140174,264644,https://image.tmdb.org/t/p/w300/2hHDMeYyZjbGWn0BeNH1cTMxuM7.jpg
140237,277546,https://image.tmdb.org/t/p/w300/2fPnVkWueayfbqk2g66fSTLoyWu.jpg
140247,328425,https://image.tmdb.org/t/p/w300/kH3qLP8pn68Xq5XwvmPkCyaAU7W.jpg
140265,25161,https://image.tmdb.org/t/p/w300/vnUzbdtqkudKSBgX0KGivfpdYNB.jpg
140267,310131,https://image.tmdb.org/t/p/w300/zap5hpFCWSvdWSuPGAQyjUv2wAC.jpg
140289,296313,https://image.tmdb.org/t/p/w300/6lZ1EjOoWJiZaGJe38052Hmt73l.jpg
140301,351964,https://image.tmdb.org/t/p/w300/ueiLy3gu0yeoJy7hf9TzTdXfWa1.jpg
140359,281979,https://image.tmdb.org/t/p/w300/ikb6cZI8RXUqcxApMJmIdimAJ1X.jpg
140523,298312,https://image.tmdb.org/t/p/w300/mtMfKRCa2V5b7d9k4piogB72mcY.jpg
140525,290751,https://image.tmdb.org/t/p/w300/gJl4iTxQlazkPCplGmSLGBUwqg9.jpg
140541,143634,https://image.tmdb.org/t/p/w300/bDFG4dCpIkyBFU3oKuuA8tiSPcR.jpg
140561,343295,https://image.tmdb.org/t/p/w300/74oz1uPUxnRwys0D9JMKNMialE0.jpg
140627,332270,https://image.tmdb.org/t/p/w300/cURuQIcuJ5U8ToPJByqytaIpL7U.jpg
140711,261392,https://image.tmdb.org/t/p/w300/g9JX6RZQoTInDJhbrKItnOr47qr.jpg
140715,277216,https://image.tmdb.org/t/p/w300/1CiLJx8Xtv3TbbFj6k7BboSmKgC.jpg
140725,310133,https://image.tmdb.org/t/p/w300/6MCvmPcMdbmdsIeRNQhKzLcZorP.jpg
140816,308084,https://image.tmdb.org/t/p/w300/EKLR5c61XQzBTeMokFrmS3kdt8.jpg
140850,258284,https://image.tmdb.org/t/p/w300/jR3rrAtFhK6MufgJIlNYoo0Iyfd.jpg
140852,50162,https://image.tmdb.org/t/p/w300/99iOoaDyFElUA5ihgBYKmGRhPJs.jpg
140928,274479,https://image.tmdb.org/t/p/w300/nZAs0HbW82TI1i4Xid83M941Pki.jpg
140956,333339,https://image.tmdb.org/t/p/w300/pU1ULUq8D3iRxl1fdX2lZIzdHuI.jpg
141004,228066,https://image.tmdb.org/t/p/w300/bYUmSLPtWylFKbEBHOXT1kt9l5b.jpg
141131,354556,https://image.tmdb.org/t/p/w300/sGHAoGdxD9CeJxr1mvKHjgt8eqj.jpg
141400,48297,https://image.tmdb.org/t/p/w300/gZ9KLwe4dKDWI0S83n0uk3nAG4D.jpg
141408,273477,https://image.tmdb.org/t/p/w300/lUKvvSnjFlazrdh6wyHxHrdMknD.jpg
141422,245168,https://image.tmdb.org/t/p/w300/y706qec117bN2S7XgCs2Yz8jEfv.jpg
141513,253255,https://image.tmdb.org/t/p/w300/fhm3SFtrcyzA1rGT00OnOeZ4WDF.jpg
141544,310135,https://image.tmdb.org/t/p/w300/ArUqADkwycYtNVuXSoSXVrdJ8iJ.jpg
141646,287241,https://image.tmdb.org/t/p/w300/r6carqRHObNUtlJVKcrIye6A85H.jpg
141668,323272,https://image.tmdb.org/t/p/w300/unxQeVUi5DH01r7ZNvAHwpvX7UK.jpg
141688,276907,https://image.tmdb.org/t/p/w300/4shf5Alq4KWCKqrAAQe0JGJHYp5.jpg
141718,323373,https://image.tmdb.org/t/p/w300/e4dF2KRSZ0l7PaZg3XvSsCMAeNZ.jpg
141749,306819,https://image.tmdb.org/t/p/w300/mXZZIacI5FC8thzSC0lgQBQ2uAX.jpg
141799,241843,https://image.tmdb.org/t/p/w300/oFBQsngRdgxnbO4H1FIbQ0Zuq43.jpg
141810,27924,https://image.tmdb.org/t/p/w300/vAAkpQ1Z9hpVO9j7lfJWZNeU6Tz.jpg
141818,27935,https://image.tmdb.org/t/p/w300/htvbPwc21Ey2yk4RDv69JM7ivRw.jpg
141820,46010,https://image.tmdb.org/t/p/w300/hCoon0OCV0eT3MKRrnEOkU4j0JH.jpg
141830,57778,https://image.tmdb.org/t/p/w300/51iIpaPeoVj8yCo92GpWzUnPIiM.jpg
141836,42275,https://image.tmdb.org/t/p/w300/rmxoa3hYcQxweULdO34BRoViqss.jpg
141844,31648,https://image.tmdb.org/t/p/w300/fVzfgLPgrEOti2svUqwyLCtIeML.jpg
141846,324308,https://image.tmdb.org/t/p/w300/y8zA8Vdh5AQRULuDDp2xx08DNNx.jpg
141866,313922,https://image.tmdb.org/t/p/w300/evZicaR7nXe4LiD9G6QYTorcJGO.jpg
141890,283587,https://image.tmdb.org/t/p/w300/1D4vcJmJc58WXarpRtwgd2do9Rg.jpg
141928,317981,https://image.tmdb.org/t/p/w300/ymDJQsmDSgQ4IGZAxW4aR0WpVAr.jpg
141994,295884,https://image.tmdb.org/t/p/w300/6MLSD1OYGDWkCk05m7vA1xCrfKr.jpg
142020,2798,https://image.tmdb.org/t/p/w300/imsP4Vl1UpsLf27DPxX1atIubBB.jpg
142056,230896,https://image.tmdb.org/t/p/w300/xCBBQMPxXsqIlZUAbpeSo1SVj6R.jpg
142074,263472,https://image.tmdb.org/t/p/w300/cUC4rUb1Cs2KMaZ6RD4uYUEEwls.jpg
142115,200813,
142196,32285,https://image.tmdb.org/t/p/w300/i5abuNGk5ocEZNN8K7SByhZT1Gt.jpg
142222,303991,https://image.tmdb.org/t/p/w300/4t56LZ1KbOOxgKfqMKN6truBDVc.jpg
142366,327389,https://image.tmdb.org/t/p/w300/rXDGsLihFMoEAMjQTcnMyJePvBY.jpg
142372,10317,https://image.tmdb.org/t/p/w300/tE7oaFegUgfBC0FMZbHdwB9I1lC.jpg
142420,254302,https://image.tmdb.org/t/p/w300/47aaJXO87scDABLUT7vg2bHsdrF.jpg
142422,296100,https://image.tmdb.org/t/p/w300/rfeNBaiMBg0UQsBQFv1qsjTjZWn.jpg
142424,334538,https://image.tmdb.org/t/p/w300/3xBUU6pYZPe9tqVH2R430y6psEm.jpg
142444,285840,https://image.tmdb.org/t/p/w300/xFRFBJTmFJ4PMQvOv2VpRTbFdO.jpg
142448,253412,https://image.tmdb.org/t/p/w300/2jKOu2bjpLP6NXJcm7Ep14bDGtA.jpg
142456,330764,https://image.tmdb.org/t/p/w300/eRKgcuXSP9KiGlh2tlS85oh6ceN.jpg
142488,314365,https://image.tmdb.org/t/p/w300/8DPGG400FgaFWaqcv11n8mRd2NG.jpg
142507,245698,https://image.tmdb.org/t/p/w300/5vcLstd2hYn0XhyuEKaPbBZAqSh.jpg
142509,325348,https://image.tmdb.org/t/p/w300/ik1uZyiMSxF9HqrgRKUNfMCfr3z.jpg
142536,295964,https://image.tmdb.org/t/p/w300/iptu4zfvbeULkeuoVkTl2mOqTPS.jpg
142550,315841,https://image.tmdb.org/t/p/w300/kMPpxlQhsqzImbhctl3lDrOHoQZ.jpg
142558,18303,https://image.tmdb.org/t/p/w300/wK8P91PlbLqXi75AlzaxErd1e8q.jpg
142598,296065,https://image.tmdb.org/t/p/w300/fBrUODXYBb3lUoitnBzGz81Bo2D.jpg
142602,329263,https://image.tmdb.org/t/p/w300/wbpmtx3XUZIwHA8sVqWpHyTIV0V.jpg
142831,19636,https://image.tmdb.org/t/p/w300/puk8ca4bL9HG1R8BwORif8bHGqY.jpg
142961,277967,https://image.tmdb.org/t/p/w300/lSQ9fgPwhZfcFKxChHjHrbEiDLm.jpg
142997,159824,https://image.tmdb.org/t/p/w300/3nFnrivNgipSKZ8LZJJbRSlAcTR.jpg
143001,330206,https://image.tmdb.org/t/p/w300/x4R8eSyHhMQHdKjxeLC3LBC4PWS.jpg
143031,13968,https://image.tmdb.org/t/p/w300/bC15nPOGIOXohhqzC2GTg0DlqIy.jpg
143245,309809,https://image.tmdb.org/t/p/w300/je5Z7gbFTzrs3FPHINo9yGiHoVo.jpg
143255,301228,https://image.tmdb.org/t/p/w300/puxZMIhfaIzRqBzu0J64soz5ewv.jpg
143257,330112,https://image.tmdb.org/t/p/w300/hQDEvfqoYD33JnMWKccVDeWOkVG.jpg
143355,297762,https://image.tmdb.org/t/p/w300/v4ncgZjG2Zu8ZW5al1vIZTsSjqX.jpg
143365,339988,https://image.tmdb.org/t/p/w300/bQVqd5rWrx5GbXhJNuvKy4Viz6j.jpg
143367,68730,https://image.tmdb.org/t/p/w300/x5T0cQDYws0xRBVG4Q3wpcrcmax.jpg
143385,296098,https://image.tmdb.org/t/p/w300/fmOOjHAQzxr0c1sfcY4qkiSRBH6.jpg
143410,316042,https://image.tmdb.org/t/p/w300/zdn34Jx3rRkhDGsD0qcB0cA1HzB.jpg
143458,273197,https://image.tmdb.org/t/p/w300/hqfKwoVMe3WCtTWWv2rIW6Oe05X.jpg
143472,244316,https://image.tmdb.org/t/p/w300/i5GbFCeZ0fG5xb2ta6B3yNgzIM7.jpg
143511,359364,https://image.tmdb.org/t/p/w300/l02W63OGQKYugJrs3Uw8nA9gii4.jpg
143525,319996,https://image.tmdb.org/t/p/w300/z2cSwPEt4VUrEdhzFTWBrvkNemK.jpg
143559,323792,https://image.tmdb.org/t/p/w300/rwXmbnXIQcfmdK0phXcMIZgX0KA.jpg
143859,270487,https://image.tmdb.org/t/p/w300/ozY79UvbYvJUWFg2UCM1CDQ7rBl.jpg
143896,319073,https://image.tmdb.org/t/p/w300/994hnuZUbkAkpCZMaqasMw2cWvj.jpg
143969,318917,https://image.tmdb.org/t/p/w300/1CxZWytSiCzZiZA5k0AiLUFtQNA.jpg
144210,259985,https://image.tmdb.org/t/p/w300/eVQ3XX6MJELZOLIuWuCv1lpM1MW.jpg
144222,230211,https://image.tmdb.org/t/p/w300/7ZGNVpzGEWYLpzE7J9FL8WOLlxc.jpg
144262,333287,https://image.tmdb.org/t/p/w300/rDxDSABzncDluXgqCQjjMjYej96.jpg
144352,141819,https://image.tmdb.org/t/p/w300/5HDsSXIivf0WW4vwi83CgjlAeRY.jpg
144478,211005,https://image.tmdb.org/t/p/w300/f1aHVJQKflibJQhjCN8jZCobLyW.jpg
144522,5846,https://image.tmdb.org/t/p/w300/7zpyHnfykViMlE0x5gREq0X2yqc.jpg
144606,4912,https://image.tmdb.org/t/p/w300/mM58ABMRzwn5zVx6BS7IiNK0j3F.jpg
144620,257445,https://image.tmdb.org/t/p/w300/aeZT9pqEgrmXOGdESFkAuVjX6kw.jpg
144714,304372,https://image.tmdb.org/t/p/w300/k1U3ROFFCVbu9H63lKYMbXEHeJI.jpg
144716,253414,https://image.tmdb.org/t/p/w300/jGNOsJjpsJ4yWe3InuiXgYk8VuW.jpg
144734,218784,https://image.tmdb.org/t/p/w300/uOfXM61tr3sDoyyAaNTDyfxxyaE.jpg
144976,294963,https://image.tmdb.org/t/p/w300/4MmTHpn2Y8emqvBgvOjufImUmKZ.jpg
145080,329020,https://image.tmdb.org/t/p/w300/mGETWBPMDHgpdFVsJf8cYGsPWnz.jpg
145150,298382,https://image.tmdb.org/t/p/w300/5Loofmo5GTt1Qe2Dz5ERLVlN98T.jpg
145283,291343,https://image.tmdb.org/t/p/w300/38kSPGVG3PevHQdpph8bR7wCERl.jpg
145418,294016,https://image.tmdb.org/t/p/w300/2RERIRnZkROSeHZAIf8PSxhzOqs.jpg
145491,34729,https://image.tmdb.org/t/p/w300/40gZ2WhqpZVv8woW0fCH8bMFzx8.jpg
145724,74836,https://image.tmdb.org/t/p/w300/lH7Yhx25msadOP3vbftdD8TXNS3.jpg
145745,268788,https://image.tmdb.org/t/p/w300/pq98iZgCqq8gMiamWqdeAFQlBkI.jpg
145839,321741,https://image.tmdb.org/t/p/w300/uuRFr7Jhsq7bITDyyvxZrQMAr9e.jpg
145935,227973,https://image.tmdb.org/t/p/w300/aiwdwnl7RFs1vcBanOKr13ye3wE.jpg
145951,36693,https://image.tmdb.org/t/p/w300/8fesxO5RKl3Hd6XIUohr66jlMdK.jpg
145994,27940,https://image.tmdb.org/t/p/w300/yAgBjMZMKG9rn0aKZBZ6Prx83T5.jpg
146024,45227,https://image.tmdb.org/t/p/w300/oj501hxty4iZCUUiV6GLPCdYw3M.jpg
146028,84254,https://image.tmdb.org/t/p/w300/5W1OR1Tv7JAbphYNYrUgWvkL24I.jpg
146210,288171,https://image.tmdb.org/t/p/w300/rZz8AmDvFqUY4tBcD69ou3OfiWx.jpg
146244,13986,https://image.tmdb.org/t/p/w300/79YUX4rSxRFwyjOHYsdO0fKhsFP.jpg
146309,315465,https://image.tmdb.org/t/p/w300/kRofx67xkbnJ6pAVcHdeMyBm4OM.jpg
146656,312221,https://image.tmdb.org/t/p/w300/1BfTsk5VWuw8FCocAhCyqnRbEzq.jpg
146662,91417,https://image.tmdb.org/t/p/w300/tieHyFlHwnU4gdKY9vBNCW7U5iw.jpg
146682,324325,https://image.tmdb.org/t/p/w300/zU6hCAaOXj55xjJR6BeSZu3iWBo.jpg
146684,367326,https://image.tmdb.org/t/p/w300/pJPeU4DhVMqHnZ9qcAKW2UkdUUP.jpg
146688,339527,https://image.tmdb.org/t/p/w300/pbcXpZgem8kgr90RwIUNAbC2ite.jpg
146730,360203,https://image.tmdb.org/t/p/w300/hANP0oWUR1B0uiHB7no2jsjhsoN.jpg
146986,53179,https://image.tmdb.org/t/p/w300/2ToezxqfIvCcuFzVmGp82FOBkQy.jpg
147002,39850,https://image.tmdb.org/t/p/w300/bz8pWVNsbg1MMKCgp2VX6wFOXJX.jpg
147142,19100,https://image.tmdb.org/t/p/w300/507mUw7mtYpmjwJncOggw9gBZcG.jpg
147196,20975,https://image.tmdb.org/t/p/w300/zAmv4i2sARwa17npj8rJD4OA4md.jpg
147282,83456,https://image.tmdb.org/t/p/w300/9T3bl4c3mM2MYM4BL8TefSQEOB2.jpg
147286,127608,https://image.tmdb.org/t/p/w300/1WXKw7sR2ZlBtOAWY2IXdmc2fEa.jpg
147300,270393,https://image.tmdb.org/t/p/w300/nivYCAN2wtrrNh5zHnV1xNRjSvx.jpg
147326,126846,https://image.tmdb.org/t/p/w300/uSVz0PDiOpwMN475oVcNz7vB4W0.jpg
147372,317182,https://image.tmdb.org/t/p/w300/a5XHo7MQgX3V7nNlEnl5gwZURDL.jpg
147374,315623,https://image.tmdb.org/t/p/w300/3yJ2HKPsIXYhn8cqTClvvuoZyX7.jpg
147376,315620,https://image.tmdb.org/t/p/w300/6dQv1PfE654y3uaA7jW2tIyEEUV.jpg
147378,282963,https://image.tmdb.org/t/p/w300/9qKoF7XjkcbWYwekBCKt7W7rDHc.jpg
147380,317190,https://image.tmdb.org/t/p/w300/3jc2spp0w3a50drKFCHgdyj4u0d.jpg
147382,335209,https://image.tmdb.org/t/p/w300/kYezMPWGBrlNGEok6mEizkl4HUU.jpg
147384,282758,https://image.tmdb.org/t/p/w300/8LQlTuvlDR44RMO09aZ1ejhdLET.jpg
147410,321751,https://image.tmdb.org/t/p/w300/musAGdMpfvxhNvEnxXgmzcjBxWL.jpg
147657,63441,https://image.tmdb.org/t/p/w300/vr54E7RjvMLE4rFgb1NPgZdnpj6.jpg
147662,48300,https://image.tmdb.org/t/p/w300/qupi6LGWSMSTaZHWPYUyAyVplLx.jpg
147936,104515,https://image.tmdb.org/t/p/w300/pXEJRDIbFdXbtNSSLQLB5xIzorZ.jpg
148166,339751,https://image.tmdb.org/t/p/w300/hzNasVeTKenNnS8eS4EOtQA5TVY.jpg
148172,299687,https://image.tmdb.org/t/p/w300/ja34BV577dtjWl2S5G1tB93IjYb.jpg
148238,364067,https://image.tmdb.org/t/p/w300/2ir2DjNNXmMePsyc4inFa8oI23r.jpg
148424,340275,https://image.tmdb.org/t/p/w300/goT9g4Lem6mwkwmehR3mOGJXLBQ.jpg
148482,300693,https://image.tmdb.org/t/p/w300/qmpMRABYbQjgtxwJ6xMPc8KskzA.jpg
148592,323656,https://image.tmdb.org/t/p/w300/8lFSRcFdxr9sGbYqWZrs03Lin7u.jpg
148626,318846,https://image.tmdb.org/t/p/w300/scVEaJEwP8zUix8vgmMoJJ9Nq0w.jpg
148632,333088,https://image.tmdb.org/t/p/w300/7wwsxlSZTCK9OOtcCLcopiWB3PK.jpg
148652,347969,https://image.tmdb.org/t/p/w300/kPc80jywR5Nm2KIQjkY5i4VXSx4.jpg
148667,367735,https://image.tmdb.org/t/p/w300/pzM9t33T2YUA7vaCb2GxaDrlTW1.jpg
148671,246355,https://image.tmdb.org/t/p/w300/2dfaedyVvHli1pmm9HHcoVTDOCH.jpg
148709,237584,https://image.tmdb.org/t/p/w300/eZLpBNG84wAI5c9XCQBa7w78ElX.jpg
148775,26736,https://image.tmdb.org/t/p/w300/vrjLcGBLurVem5lXN8237qz4tyE.jpg
148881,303867,https://image.tmdb.org/t/p/w300/5s7DSOek7Bk2CvcG1zX01bJzJ0x.jpg
148888,329833,https://image.tmdb.org/t/p/w300/n8AJzALlTPBwe9Tkv3tdxbiAr9i.jpg
148956,259694,https://image.tmdb.org/t/p/w300/a4Ce3qHqIyHM3QfGsiVTAu3YADJ.jpg
148978,201223,https://image.tmdb.org/t/p/w300/sstaOUvPmMYzeWbYaeDXrYWBp44.jpg
148982,26702,https://image.tmdb.org/t/p/w300/yaEEwdekGIciimxTmvVoybP9gAj.jpg
149011,279690,https://image.tmdb.org/t/p/w300/vzqwe4uuINJhbPqvlbVShBnCvHv.jpg
149144,282069,https://image.tmdb.org/t/p/w300/lNzCFguC8wEyJWP89ewQYK8d2nJ.jpg
149146,282070,https://image.tmdb.org/t/p/w300/qO8zQ9dSADWiwRnR7oCOsPDuOom.jpg
149330,125464,https://image.tmdb.org/t/p/w300/HEHGkQM1dIep8JURqfHNYIn2O9.jpg
149334,340666,https://image.tmdb.org/t/p/w300/mdLDgQBD0va09npSQX5Zgo2evXM.jpg
149350,356486,https://image.tmdb.org/t/p/w300/taXsvq2EpUTcU0QZtKYIYQ86C22.jpg
149352,274167,https://image.tmdb.org/t/p/w300/fB9lALk9zKsMYWvf0bJSkJN219Z.jpg
149354,266294,https://image.tmdb.org/t/p/w300/hpvHqAiusQtGNDx48dA3z5ejjon.jpg
149380,362886,https://image.tmdb.org/t/p/w300/cpWLQw59uTsrz27bDyPMrxn0Y.jpg
149406,140300,https://image.tmdb.org/t/p/w300/oajNi4Su39WAByHI6EONu8G8HYn.jpg
149508,92499,https://image.tmdb.org/t/p/w300/5kiUh29bcQe66Mjs98O31vGwlUr.jpg
149566,102051,https://image.tmdb.org/t/p/w300/42IL3NFObrfyoB9XjxQWx4A4Wze.jpg
149590,344041,https://image.tmdb.org/t/p/w300/9gqp8wFesW3LxxvCPKswLchPSeO.jpg
149612,256687,https://image.tmdb.org/t/p/w300/3DJ8KOT2t8y8FiLn3hrMyPT9MyS.jpg
149830,58431,https://image.tmdb.org/t/p/w300/jsJlOhVHiz1xXr36616EI8tJ4b2.jpg
149902,302026,https://image.tmdb.org/t/p/w300/cz3tMdY7XPjzhEWH7hdKOn3doJ1.jpg
150254,354216,https://image.tmdb.org/t/p/w300/xLw8nDNLuffMdvjYXQLwL6UCXcs.jpg
150401,325173,https://image.tmdb.org/t/p/w300/1mB2uLg9qDzLX6BpJReAFAPyAtv.jpg
150554,32643,https://image.tmdb.org/t/p/w300/2V6aoZvvcjZcvT9050zuLa38jxW.jpg
150596,371759,https://image.tmdb.org/t/p/w300/ettlSCoR5YhEoXx5b7JWwzstASz.jpg
150604,272548,https://image.tmdb.org/t/p/w300/pkeHSbyBslHOUBTTWkkPFTyVvQ.jpg
150696,371492,https://image.tmdb.org/t/p/w300/h6GBWqZXrZyXwGzY5O4mUc3rAjB.jpg
150993,284514,https://image.tmdb.org/t/p/w300/fRAlUIsJ0yfcAslfMIZOPm6ftUS.jpg
151311,326094,https://image.tmdb.org/t/p/w300/jL5j9K51S2EraokuheEJki7NUxw.jpg
151315,323675,https://image.tmdb.org/t/p/w300/qKvVUHdiwqkXdlRsW4fHO7SAZef.jpg
151317,312669,https://image.tmdb.org/t/p/w300/irz7aLl87kGnwzdHoYs4iObLdFa.jpg
151455,319888,https://image.tmdb.org/t/p/w300/r562gvTRVHnDSvG7MrKHEECSn1V.jpg
151479,222619,https://image.tmdb.org/t/p/w300/qqyeOrfwCEZiIjxnSUVPJs1QcMM.jpg
151501,331962,https://image.tmdb.org/t/p/w300/nM26QosEfgjEegONCiNNrYMBTxD.jpg
151557,273899,https://image.tmdb.org/t/p/w300/jkUKuPK0dJwP9o47npgLipp83D0.jpg
151559,337029,https://image.tmdb.org/t/p/w300/kzTvgsGFd7zpGbwDsA4p8Nkdzj9.jpg
151653,340255,https://image.tmdb.org/t/p/w300/nIIUpF9EaSGsrXyuPBGxifSCgNe.jpg
151687,335778,https://image.tmdb.org/t/p/w300/6hGh4z503k8wA8mLlmvwhTSGja.jpg
151695,329004,https://image.tmdb.org/t/p/w300/hd491WgKPxeQus2LnvFbYmyUFmt.jpg
151739,291870,https://image.tmdb.org/t/p/w300/k0Lz1TfSlbcQthQKYGwE7blDfwN.jpg
151745,21266,https://image.tmdb.org/t/p/w300/aROeaJgaEoq72gksPLqpQqbKZ2F.jpg
151759,333377,https://image.tmdb.org/t/p/w300/z30fIUchddu5RPUN8JWFiDhk2yp.jpg
151769,77294,https://image.tmdb.org/t/p/w300/wA46TGkU7lz7QvkiemrwvpN0A29.jpg
151777,300673,https://image.tmdb.org/t/p/w300/6UG91TJ4DKI6FGdqXZfDBeRZHX8.jpg
151781,18874,https://image.tmdb.org/t/p/w300/tExdDYmxqv30rtf2dMkTAVpzORf.jpg
152037,348089,https://image.tmdb.org/t/p/w300/ygzNOhZ4yAbA3QYqFjIFzI6ctwP.jpg
152063,205584,https://image.tmdb.org/t/p/w300/hzH7fwaTyQNITLo40Hu3R7cVMqv.jpg
152065,336808,https://image.tmdb.org/t/p/w300/t3Lmw8jvm7tpik0lSkub8hU4oRW.jpg
152071,323677,https://image.tmdb.org/t/p/w300/ubbNizkhjEYw06XB7b0YMgsHXG1.jpg
152077,333371,https://image.tmdb.org/t/p/w300/q8A39vcBDruhvoDTJd6L8a4lnTi.jpg
152079,267860,https://image.tmdb.org/t/p/w300/iEbLkYzyiUdOKNK4WNBFyGH7r2Y.jpg
152081,269149,https://image.tmdb.org/t/p/w300/hlK0e0wAQ3VLuJcsfIYPvb4JVud.jpg
152083,279641,https://image.tmdb.org/t/p/w300/wAxhQsY63VY6eF3EilXTkX0YRoU.jpg
152085,258363,https://image.tmdb.org/t/p/w300/67Ue5or6ZPScqkagC3EJSOYuzyR.jpg
152091,267193,https://image.tmdb.org/t/p/w300/2jQGFmShpdflApc5oidJZ97m1d1.jpg
152105,20051,https://image.tmdb.org/t/p/w300/3vc6GWhFciyrL7JyAULko1nUdSu.jpg
152173,92060,https://image.tmdb.org/t/p/w300/dYHGoPMkZMVuBA4EydmDQMo1EEv.jpg
152270,330348,https://image.tmdb.org/t/p/w300/fxWlMDP1vmr85VWiLPTTLL43fTx.jpg
152372,354251,https://image.tmdb.org/t/p/w300/ehXtB1jlMx8FBlsX9JLhSQkvlZp.jpg
152591,365222,https://image.tmdb.org/t/p/w300/8PvinaGEqzf1rrfFAxiXujJnCtI.jpg
152658,353609,https://image.tmdb.org/t/p/w300/dtycBCVRO4elSb0umqJm8PTXIla.jpg
152970,371645,https://image.tmdb.org/t/p/w300/hkmz9rxgcweizXNElozGeKwmAJE.jpg
153070,44351,https://image.tmdb.org/t/p/w300/8LHeas839avkylUmw1Q4uutZeR4.jpg
153236,40123,https://image.tmdb.org/t/p/w300/e0jqLkjEOtfRhugXs84tfZtT9i8.jpg
153386,46632,https://image.tmdb.org/t/p/w300/kHSWQuSh846LTNykbatsp6No2Nu.jpg
153408,16403,https://image.tmdb.org/t/p/w300/90dWmvkiNDEgIhy4cC8HbKAsiLk.jpg
154065,332721,https://image.tmdb.org/t/p/w300/yPSwUuv7QEJnd9McNoXG5XpF2XY.jpg
154358,334495,https://image.tmdb.org/t/p/w300/1ugzwqaN5mcIgigfI1J3T1Zedym.jpg
154975,383809,https://image.tmdb.org/t/p/w300/8FUyxT4mdCSKjbME2qC6fuq8Z8w.jpg
155064,301365,https://image.tmdb.org/t/p/w300/3rBo2AfWSlvsPmYFdJsNUMfkNIo.jpg
155168,140554,https://image.tmdb.org/t/p/w300/2pThyBOA43DS9YUxHDDUcWiF7EU.jpg
155288,333352,https://image.tmdb.org/t/p/w300/faRGb9SuyGuZpsNRoIxoVSLLCId.jpg
155358,359025,https://image.tmdb.org/t/p/w300/4DOzp5Rx8roC9YvvDgmoZAGeiGF.jpg
155509,333385,https://image.tmdb.org/t/p/w300/aSx5YUCLcSUAR4nt93aeIpZYHF6.jpg
155589,55495,https://image.tmdb.org/t/p/w300/ae8uVEoQlk7nK6fhpFykVIeeHcM.jpg
155659,315664,https://image.tmdb.org/t/p/w300/1HAdtUchzWEo0LMFHrgD2UBIBS3.jpg
155743,302688,https://image.tmdb.org/t/p/w300/lfPqApnLVPsYfdbpSHNnHIxTdmd.jpg
155774,314029,https://image.tmdb.org/t/p/w300/5UZOBQBxofQguD2jGgHxvZjqiLI.jpg
155812,186759,https://image.tmdb.org/t/p/w300/eElBXTTBBy9xgnJh6rMQcXm17En.jpg
155820,342521,https://image.tmdb.org/t/p/w300/dPWlBmCixh9k3Jjb7c7jkIaxBbL.jpg
155892,254952,https://image.tmdb.org/t/p/w300/yOy74rhDxiikZkqWnrnhCmEqeDb.jpg
156025,387893,https://image.tmdb.org/t/p/w300/ysQqYp9G37Q114Nc6uvCHbDmaj6.jpg
156371,295699,https://image.tmdb.org/t/p/w300/vAIFZ8bw0spSvcIYgfuX99B3H2w.jpg
156387,369557,https://image.tmdb.org/t/p/w300/sUWpVlrvzU2SJbnVZqIeKulPKwk.jpg
156553,351065,https://image.tmdb.org/t/p/w300/gbyJSsrJyIOyr9o12B5A2Zsix4T.jpg
156605,370755,https://image.tmdb.org/t/p/w300/AuJ1ZlfqwuAr9H5Qr1U9KILylse.jpg
156607,290595,https://image.tmdb.org/t/p/w300/ekHPrneEoa1EoDclWdillOKznqM.jpg
156609,325133,https://image.tmdb.org/t/p/w300/eyjcLLwxuRXACbglIbwWwaXK9DN.jpg
156675,29398,https://image.tmdb.org/t/p/w300/9beJl9aNrqKi8RFfhQ2MoWTKIJz.jpg
156706,301608,https://image.tmdb.org/t/p/w300/ps5FhW4WQuH1Ure2msdZkH7psqK.jpg
156726,376570,https://image.tmdb.org/t/p/w300/tyqD4C2vVKrvP3FkFK0GS9IWbTo.jpg
156781,24784,https://image.tmdb.org/t/p/w300/wrfNw9UxWnOWPscLVXBZytGRItl.jpg
156783,49381,https://image.tmdb.org/t/p/w300/bPsHHpT1oN6awwzbI71Bzzwm9mB.jpg
157108,1659,https://image.tmdb.org/t/p/w300/ybD59vpUjk5xjW0rRBRxcLwdjms.jpg
157110,1652,https://image.tmdb.org/t/p/w300/yPmbdbFTXgxhQARyYo1w2avXk77.jpg
157122,353326,https://image.tmdb.org/t/p/w300/v2X1BtkxaV8pzLbmM8a5gTdpg7B.jpg
157130,366901,https://image.tmdb.org/t/p/w300/uZ3o8weY8zcwmACdhqJXgkAe5zU.jpg
157172,7237,https://image.tmdb.org/t/p/w300/39Emk29cNi1lBfW86yGFCVOawzp.jpg
157200,303858,https://image.tmdb.org/t/p/w300/DlgdAkAKirD01R1mBejhFjS6nQ.jpg
157270,326423,https://image.tmdb.org/t/p/w300/9mwzidlGgWfr2hcMWUKM86lOqdo.jpg
157296,127380,https://image.tmdb.org/t/p/w300/3UVe8NL1E2ZdUZ9EDlKGJY5UzE.jpg
157312,323676,https://image.tmdb.org/t/p/w300/eNlWYqR8jQON5giZkFIfrQOZMlg.jpg
157340,153518,https://image.tmdb.org/t/p/w300/iOH0fEFtV9z9rZp9zmBFGGeWicv.jpg
157369,327536,https://image.tmdb.org/t/p/w300/kaf6zS27Oll9ja55PYMC7OpB8oa.jpg
157407,332411,https://image.tmdb.org/t/p/w300/6NvLA3BP5ktLaZ1qdLY0oHsaqwD.jpg
157432,384737,https://image.tmdb.org/t/p/w300/dOQv2PDBu9bBCZRLeRp6QQYJDr3.jpg
157699,302401,https://image.tmdb.org/t/p/w300/yfK7zxNL63VWfluFuoUaJj5PdNw.jpg
157775,34935,https://image.tmdb.org/t/p/w300/YR0MeIbbinhc0qLr2vg3Zmqbw6.jpg
157865,234004,https://image.tmdb.org/t/p/w300/649xP2LST4VIrZ5cLPw7Ys9movF.jpg
158022,386891,https://image.tmdb.org/t/p/w300/pHzVWzyyBHNil44ge1aMYqGlcSx.jpg
158027,380254,https://image.tmdb.org/t/p/w300/ssSm8ZpOdKffynphV0z2ENYUNwm.jpg
158035,245917,https://image.tmdb.org/t/p/w300/1wEl5WHQO2SdWQ6S3gLBaaobf4c.jpg
158238,290250,https://image.tmdb.org/t/p/w300/clq4So9spa9cXk3MZy2iMdqkxP2.jpg
158254,383121,https://image.tmdb.org/t/p/w300/6iVUHy9P7gzaCbMjj13qc6t7my4.jpg
158388,3786,https://image.tmdb.org/t/p/w300/up1T1QGSSCfoyuCra0Qnv2yItFt.jpg
158398,44238,https://image.tmdb.org/t/p/w300/AkmArVfTaXS9SPqOjWe80TY0vCC.jpg
158402,380111,https://image.tmdb.org/t/p/w300/nL1WhzLiD2nZ7ixQcp5K0z4eEB7.jpg
158528,332567,https://image.tmdb.org/t/p/w300/bnBV7hZmLuA0Si5Aop481sPF2RY.jpg
158721,13099,https://image.tmdb.org/t/p/w300/2URAvYZ67Wwo7iceIfTHl050luM.jpg
158783,290098,https://image.tmdb.org/t/p/w300/dLlH4aNHdnmf62umnInL8xPlPzw.jpg
158813,241259,https://image.tmdb.org/t/p/w300/kbGamUkYfgKIYIrU8kW5oc0NatZ.jpg
158830,267935,https://image.tmdb.org/t/p/w300/w17Mc2x2olB5CtewznUFxgpvne0.jpg
158842,359871,https://image.tmdb.org/t/p/w300/mTAZFb79cum6bfU41C96DwMCp6Y.jpg
158872,223702,https://image.tmdb.org/t/p/w300/vNgdPJQ5CI60oEiiHLKRNrsDhMy.jpg
158874,13125,https://image.tmdb.org/t/p/w300/qXl5qrodbgYuYIyzFH5ML7AOnWO.jpg
158882,387398,https://image.tmdb.org/t/p/w300/uJUxM5S1FTNvs65hFaBUid9BSq7.jpg
158956,384798,https://image.tmdb.org/t/p/w300/xn6t1nYJaUMmudnHHiK390AORNu.jpg
158966,334533,https://image.tmdb.org/t/p/w300/2sFME73GaD8UsUxPUKe60cPdLif.jpg
158972,374475,https://image.tmdb.org/t/p/w300/v3gf7T8hb8aYv05X2jHmxJQWPZr.jpg
159061,293670,https://image.tmdb.org/t/p/w300/RbymxgEM5SpDfO2Io2JMFG10Vi.jpg
159069,83501,https://image.tmdb.org/t/p/w300/psJJKzF7WX2lSvNzw1LgidTArvw.jpg
159077,337154,https://image.tmdb.org/t/p/w300/rzj9ZSleGgsKkY3q6sDDoAxjSu0.jpg
159093,291805,https://image.tmdb.org/t/p/w300/A81kDB6a1K86YLlcOtZB27jriJh.jpg
159161,396292,https://image.tmdb.org/t/p/w300/8stTLVktSAATgFdCeaEUSh6WU2j.jpg
159193,339397,https://image.tmdb.org/t/p/w300/q9fohCRpQ7m8OTyi82fxa3B86te.jpg
159403,37433,https://image.tmdb.org/t/p/w300/3tQqkfhE2v03OXK4ocxKQ4rnkaC.jpg
159415,347031,https://image.tmdb.org/t/p/w300/8pxn8CQ6SD6tly75lrKw08wfZKv.jpg
159441,389053,https://image.tmdb.org/t/p/w300/z9VCm2E6gCAwbM2SELRawfqdXBO.jpg
159510,5434,https://image.tmdb.org/t/p/w300/jMXaIDsW89wvDDswdZNqOvEQxHw.jpg
159690,308531,https://image.tmdb.org/t/p/w300/euVaCiCWz3AALcQXHT6aUqdGUo6.jpg
159717,318121,https://image.tmdb.org/t/p/w300/zZ0eda1GyHILNSoq9KF5u0hcq6O.jpg
159755,341012,https://image.tmdb.org/t/p/w300/jBZeZZNjYBUU21zFvBnin5n62bv.jpg
159779,398854,https://image.tmdb.org/t/p/w300/8IcjnuBXAbmS75wqcGb9WYqSTY.jpg
159811,33108,https://image.tmdb.org/t/p/w300/93qr4F5vlULIoxINtINuK3Bgcuf.jpg
159849,400608,https://image.tmdb.org/t/p/w300/qVThhskXZZHDfj4m8jOx2CxIVIW.jpg
159858,259693,https://image.tmdb.org/t/p/w300/zEqyD0SBt6HL7W9JQoWwtd5Do1T.jpg
159976,245913,https://image.tmdb.org/t/p/w300/aJoDgK9PUClJOlpA1xUixj8dvsN.jpg
160080,43074,https://image.tmdb.org/t/p/w300/wJmWliwXIgZOCCVOcGRBhce7xPS.jpg
160271,302699,https://image.tmdb.org/t/p/w300/hXQVMbRNpf7c93e8clMY4W5DRm6.jpg
160289,377462,https://image.tmdb.org/t/p/w300/nFmg2G4IJ0x9mALXkYFN8Gw0Dw5.jpg
160341,30948,https://image.tmdb.org/t/p/w300/5cKPA3IyvSJtsMZxxOoSgdrCIoH.jpg
160400,267192,https://image.tmdb.org/t/p/w300/f3KG63zvQGvakfwOTUb8ODgHEnP.jpg
160422,68309,https://image.tmdb.org/t/p/w300/c0o7shDXIMZnB4uEcc2sVlkc6ZZ.jpg
160438,324668,https://image.tmdb.org/t/p/w300/xA7N41glw17MBQtcWSm2eBlBRuG.jpg
160440,278348,https://image.tmdb.org/t/p/w300/jKqWJh3w88vxUwy0obaanuOej4L.jpg
160527,90351,https://image.tmdb.org/t/p/w300/anVq54Gx3dyM46Vt4DORKCp7sHw.jpg
160563,258489,https://image.tmdb.org/t/p/w300/eJrfz178xBGlxjDGxnBXTzWWa4w.jpg
160565,316727,https://image.tmdb.org/t/p/w300/gg7tlp45xqGWMra0sqQVPvybje2.jpg
160567,316023,https://image.tmdb.org/t/p/w300/alWBdyvXf1LSixnn1IfID5HMtLx.jpg
160569,278154,https://image.tmdb.org/t/p/w300/okF78W1AcXAenlYFE3vna9Uuqjp.jpg
160571,345911,https://image.tmdb.org/t/p/w300/8BnElzAQQpp7ZgdJJiAe1diomr4.jpg
160573,294272,https://image.tmdb.org/t/p/w300/A9x4Ogk8KUXTfU649NS6lS9TCmu.jpg
160644,340611,https://image.tmdb.org/t/p/w300/lh3tx877oO0z88L8NZRMJrLXu1z.jpg
160646,337874,https://image.tmdb.org/t/p/w300/kQBy81VxGA20wbwouOruNyucCnG.jpg
160684,359412,https://image.tmdb.org/t/p/w300/bAvmDn5C7arBoRrfaG3b3Kdue1q.jpg
160718,399106,https://image.tmdb.org/t/p/w300/5fu2d809jepLwEpES7wggiECLoQ.jpg
160730,274504,https://image.tmdb.org/t/p/w300/8tkGOlNtKyqQO3esZQRlnkSTANY.jpg
160836,70193,https://image.tmdb.org/t/p/w300/37UiCE8LyyRLlg9p50LL2QvBmzz.jpg
160848,337703,https://image.tmdb.org/t/p/w300/wOBU3SLjQ9358Km9YWYasPZyebp.jpg
160872,400411,https://image.tmdb.org/t/p/w300/me74BRzuDvzD5LuAPU4EZOJtsyU.jpg
160954,328387,https://image.tmdb.org/t/p/w300/qmSpHC0CSNyNll9WhlwWYuwoQ28.jpg
160978,49037,https://image.tmdb.org/t/p/w300/1dr7hmURza1r2Dxhit2wraeFkJX.jpg
160980,363676,https://image.tmdb.org/t/p/w300/4vs83YcJ8TsabADDtaeCJ6ZTjYY.jpg
161008,118430,https://image.tmdb.org/t/p/w300/2qdAXHzx1VLmBsS3TvPbHg4RnO7.jpg
161024,404022,https://image.tmdb.org/t/p/w300/pveFZQKiUomWAxXu65zGSwiKoKD.jpg
161032,44510,https://image.tmdb.org/t/p/w300/llhiY0rV6RWU1LOdy9Zljhf7cXm.jpg
161044,16909,https://image.tmdb.org/t/p/w300/hLf42osBftIxFf7AwYcoqjJWjpl.jpg
161127,325789,https://image.tmdb.org/t/p/w300/758F57DxVRLe38S1Je4O1Bjx2u6.jpg
161131,308266,https://image.tmdb.org/t/p/w300/mDcPRjZC1bb6LavFU3gwsWdVfCM.jpg
161290,403232,https://image.tmdb.org/t/p/w300/g3Cvy8zoa1GIvin213cAvPaXlHw.jpg
161354,382322,https://image.tmdb.org/t/p/w300/lrQ3LeNIN0nmviZ692seNBUl1Pq.jpg
161580,376659,https://image.tmdb.org/t/p/w300/u9q10ljhkLj0tNCjlVqe3DCjoU4.jpg
161582,338766,https://image.tmdb.org/t/p/w300/ljRRxqy2aXIkIBXLmOVifcOR021.jpg
161594,390734,https://image.tmdb.org/t/p/w300/xGMgspge6uYoypRiasAmlluDlXH.jpg
161634,300669,https://image.tmdb.org/t/p/w300/dSxHyPZ2nipSfvdft4IhQKjk5eZ.jpg
161830,314420,https://image.tmdb.org/t/p/w300/dw0xE56whflv0OgfEw3lwdWxLRD.jpg
161918,390989,https://image.tmdb.org/t/p/w300/xUbN2ww2T3y3kaW6lf3c5DabE5O.jpg
161922,376660,https://image.tmdb.org/t/p/w300/15FykQKiM0aYpC1MuybR43xl8eF.jpg
161966,337674,https://image.tmdb.org/t/p/w300/z446adpGUVXXPxrLpKBGnYBcofk.jpg
162082,396535,https://image.tmdb.org/t/p/w300/vNVFt6dtcqnI7hqa6LFBUibuFiw.jpg
162344,376482,https://image.tmdb.org/t/p/w300/wELcQAA77XLqYL09wZH5FAMkmnU.jpg
162350,333484,https://image.tmdb.org/t/p/w300/ezcS78TIjgr85pVdaPDd2rSPVNs.jpg
162414,376867,https://image.tmdb.org/t/p/w300/qLnfEmPrDjJfPyyddLJPkXmshkp.jpg
162478,213681,https://image.tmdb.org/t/p/w300/4CXgye1p8Vr7taDG389QhhHDUZ4.jpg
162578,313297,https://image.tmdb.org/t/p/w300/ewcOCkuuKAKULGUnbBVaO1htt0D.jpg
162590,95610,https://image.tmdb.org/t/p/w300/5hHomngoPZrNoXOPlyaHV6eXaQW.jpg
162598,296524,https://image.tmdb.org/t/p/w300/jgBIYCZACe3iaS9TL2XzVGkO5p5.jpg
162600,283366,https://image.tmdb.org/t/p/w300/CIlbMFOfYDj0MP23hsIYhFGrL6.jpg
162602,346685,https://image.tmdb.org/t/p/w300/AhTO2QWG0tug7yDoh0XoaMhPt3J.jpg
162606,302946,https://image.tmdb.org/t/p/w300/fceheXB5fC4WrLVuWJ6OZv9FXYr.jpg
162828,374617,https://image.tmdb.org/t/p/w300/fEwo3gZfbeoovdcTyf4o4wATE1r.jpg
162968,357786,https://image.tmdb.org/t/p/w300/vftYhVOdvMCmb0dQIRIKmUYG9TU.jpg
162982,225745,https://image.tmdb.org/t/p/w300/bXhogkZCR0aOQ077rfMULYbDmtH.jpg
163056,315011,https://image.tmdb.org/t/p/w300/jPNShaWZMpVF0iQ7j1dvTuZLD20.jpg
163072,36161,https://image.tmdb.org/t/p/w300/jSzuXChK281KUVFAZApTDJshHrZ.jpg
163112,36163,https://image.tmdb.org/t/p/w300/dHXgv9GGgmoaWN6VAfLICvS6c2C.jpg
163134,372058,https://image.tmdb.org/t/p/w300/q719jXXEzOoYaps6babgKnONONX.jpg
163386,36162,https://image.tmdb.org/t/p/w300/zOnnIpNwDMxGSScB0MjLi2GeMoQ.jpg
163527,296193,https://image.tmdb.org/t/p/w300/sX66iM4rds1pkLBbNYOVWSTcMZR.jpg
163639,401650,https://image.tmdb.org/t/p/w300/jDixhOwE3MszqEdZ87464mMaESB.jpg
163645,324786,https://image.tmdb.org/t/p/w300/fnOMP6mjmOmZwmlC1n0K7ivrzt1.jpg
163653,408546,https://image.tmdb.org/t/p/w300/56PQtVg4SGhttbMBPHJobCWQEXJ.jpg
163925,333372,https://image.tmdb.org/t/p/w300/70bijwOXQo7dv6syrEIIkgW3Yuz.jpg
163937,351211,https://image.tmdb.org/t/p/w300/Ai73frMEz68bibFGRlPKdWBaIaq.jpg
163981,284564,https://image.tmdb.org/t/p/w300/jHkIIkP4O0vUkSACcizOPZQIiF7.jpg
163985,410199,https://image.tmdb.org/t/p/w300/mU4VeXVK18JtCZsy7i0zczlA9p7.jpg
164179,329865,https://image.tmdb.org/t/p/w300/x2FJsf1ElAgr63Y3PNPtJrcmpoe.jpg
164200,332210,https://image.tmdb.org/t/p/w300/pwGolX8JmGJhhcUjO5SJt38Uk0m.jpg
164226,339116,https://image.tmdb.org/t/p/w300/9xMMUsqz7MxQUPToJqhfYAebQBo.jpg
164280,325385,https://image.tmdb.org/t/p/w300/iJTWnSa3YOnD15zMME3ox9GP8XA.jpg
164367,375366,https://image.tmdb.org/t/p/w300/vdCD8z55a4RNmHQDPIpuMFqoY2B.jpg
164375,298583,https://image.tmdb.org/t/p/w300/usBaQ6oqSBcooG36ClRuhC3W7dq.jpg
164540,411009,https://image.tmdb.org/t/p/w300/he85BGyoCi42KWtwkC2sXlqdkWQ.jpg
164647,377492,https://image.tmdb.org/t/p/w300/rRDdvaJsiZimm1enx2ApkCxaee4.jpg
164655,392820,https://image.tmdb.org/t/p/w300/8YHqUETRBIFza756s8kcuU8XhEQ.jpg
164707,55504,https://image.tmdb.org/t/p/w300/3ngHrgIt33g0IEjl7rvzGLQ8wpj.jpg
164753,379990,https://image.tmdb.org/t/p/w300/jvKECIiRF6qSp6LOXKfkuw1XpIO.jpg
164881,402193,https://image.tmdb.org/t/p/w300/jj1WvBwmGUYJKdsd12xhOol5trP.jpg
164909,313369,https://image.tmdb.org/t/p/w300/uDO8zWDhfWwoFdKS4fzkUJt0Rf0.jpg
164917,407806,https://image.tmdb.org/t/p/w300/tcKNWD6IFPPsvkpvyZ548naz0is.jpg
165075,394822,https://image.tmdb.org/t/p/w300/7WWnFb1RTgnkiUHoqFD52qiTc9f.jpg
165101,207932,https://image.tmdb.org/t/p/w300/smaWxdIMH24gD96lKNe1a036LVG.jpg
165103,331313,https://image.tmdb.org/t/p/w300/yvWcTrRCzE4C2hkd2wV4erPuKCn.jpg
165139,406992,https://image.tmdb.org/t/p/w300/aRHfKgRaLmnWInSRsaPcx4bWEzR.jpg
165343,377448,https://image.tmdb.org/t/p/w300/56KEpnJWe5KvpiPu5XmK14L7Wyr.jpg
165347,343611,https://image.tmdb.org/t/p/w300/cOg3UT2NYWHZxp41vpxAnVCOC4M.jpg
165483,421854,https://image.tmdb.org/t/p/w300/696PN5LYRMPpJAxh2pv6HHvaJpg.jpg
165489,413770,https://image.tmdb.org/t/p/w300/aXIrOeS81jXR1ZyYq73yrqHALzT.jpg
165529,29136,https://image.tmdb.org/t/p/w300/20dVWa6Ujpsx6nQxaSp0cEhX3Tu.jpg
165549,334541,https://image.tmdb.org/t/p/w300/o9VXYOuaJxCEKOxbA86xqtwmqYn.jpg
165551,334543,https://image.tmdb.org/t/p/w300/iBGRbLvg6kVc7wbS8wDdVHq6otm.jpg
165635,419639,https://image.tmdb.org/t/p/w300/1vgtCoBbBzeoW78g8fHT4EekoM2.jpg
165639,413279,https://image.tmdb.org/t/p/w300/hpHvGuMc46pppwpcW0Xk7eys3L4.jpg
165645,338964,https://image.tmdb.org/t/p/w300/xmsEwpA2fSq6IO3sfKrLuIPLHSc.jpg
165671,413361,https://image.tmdb.org/t/p/w300/tVHylGMKtF8Fs1ILYLvffpbbkUD.jpg
165843,393561,https://image.tmdb.org/t/p/w300/rxrkcyNNughClOL8j8qwNgY9xI5.jpg
165947,339396,https://image.tmdb.org/t/p/w300/hPoSSqDqkKSIP2l3t6pyre9u5Ze.jpg
165959,33065,https://image.tmdb.org/t/p/w300/noAS8EazXkexdOY9v6c709hKeYZ.jpg
165969,419546,https://image.tmdb.org/t/p/w300/tTqI2xoB7cGO7HASB22Sss6x44J.jpg
166015,393764,https://image.tmdb.org/t/p/w300/7I7AxQAlvufEg2aWFd2HbS4f47B.jpg
166024,367412,https://image.tmdb.org/t/p/w300/2yQkiGAmztaBkGLjVIrHUYHTex5.jpg
166183,77304,https://image.tmdb.org/t/p/w300/H4WHAm4yHcTUMvPgupZ5OcV4nc.jpg
166203,279229,https://image.tmdb.org/t/p/w300/kxRqokSkj6HWuwVCbnddPFg73CM.jpg
166291,378064,https://image.tmdb.org/t/p/w300/tuFaWiqX0TXoWu7DGNcmX3UW7sT.jpg
166461,277834,https://image.tmdb.org/t/p/w300/9tzN8sPbyod2dsa0lwuvrwBDWra.jpg
166492,384682,https://image.tmdb.org/t/p/w300/7r3w3cPTbNEIr1imb8zXyeIJCJe.jpg
166526,365942,https://image.tmdb.org/t/p/w300/lRBl9mfvUbZeaAyXoP09XwPOo0W.jpg
166528,330459,https://image.tmdb.org/t/p/w300/i0yw1mFbB7sNGHCs7EXZPzFkdA1.jpg
166534,381288,https://image.tmdb.org/t/p/w300/lli31lYTFpvxVBeFHWoe5PMfW5s.jpg
166558,346672,https://image.tmdb.org/t/p/w300/v1ciDCWMG47gdT4kMyjyQbnLQQn.jpg
166568,376290,https://image.tmdb.org/t/p/w300/ptfvQlqe2xJiMSewSj52qAVq5z0.jpg
166635,274870,https://image.tmdb.org/t/p/w300/jK9S6HANSf2no64v1x1HxfcpmcA.jpg
166643,381284,https://image.tmdb.org/t/p/w300/9lfz2W2uGjyow3am00rsPJ8iOyq.jpg
166705,393457,https://image.tmdb.org/t/p/w300/8NvnB8aeWQvBEz2ruN4g313j991.jpg
166946,310307,https://image.tmdb.org/t/p/w300/8gLIksu5ggdfBL1UbeTeonHquxl.jpg
167018,356305,https://image.tmdb.org/t/p/w300/eezFoKz7bXgdbjeieeCYJFXPKSu.jpg
167036,335797,https://image.tmdb.org/t/p/w300/rwopfpHqPCYBSgBuZwkaXXqHp14.jpg
167064,411019,https://image.tmdb.org/t/p/w300/zwd0Zti7BvY1mO0mTPzM0fRrtc6.jpg
167296,194310,https://image.tmdb.org/t/p/w300/l66ZkItJmi4er0I0mGe4mksjfB.jpg
167370,121856,https://image.tmdb.org/t/p/w300/kDXewoEcvbn0pUvJ8W3vfkuWgHw.jpg
167380,381289,https://image.tmdb.org/t/p/w300/3jcNvhtVQe5Neoffdic39fRactM.jpg
167538,87852,https://image.tmdb.org/t/p/w300/saPYOf3E92zNy6eM0aA738JN75X.jpg
167634,345922,https://image.tmdb.org/t/p/w300/huRhv4IZDk2ds0DIDkI6uxdmb6J.jpg
167706,146836,https://image.tmdb.org/t/p/w300/7sLJaT9BmvuO1mSe41HqA0AfPOP.jpg
167732,404378,https://image.tmdb.org/t/p/w300/nBYG0D2FcbL1m926sIj7RN4m0sb.jpg
167746,324849,https://image.tmdb.org/t/p/w300/snGwr2gag4Fcgx2OGmH9otl6ofW.jpg
167772,16487,https://image.tmdb.org/t/p/w300/1ZjjFcUZpoWOuVjYcUuiF2oEmNj.jpg
167790,417427,https://image.tmdb.org/t/p/w300/jbf3pAYbi6Kk02cCC8xZxOvmHW5.jpg
167854,423122,https://image.tmdb.org/t/p/w300/fL0q2Po8uD75wcU2mu8MPN4pjge.jpg
168026,211387,https://image.tmdb.org/t/p/w300/4vFKKWPvCVDJTOWiwReBfpAMScP.jpg
168090,362584,https://image.tmdb.org/t/p/w300/fv9AALP1dofQUvKAkxnkz105MOv.jpg
168144,24439,https://image.tmdb.org/t/p/w300/iwcrJ1uUwIFmBPpiFPGXgfQiOq6.jpg
168174,432959,https://image.tmdb.org/t/p/w300/lQ6wVl0FOBy0aJm0IqPRLiguh44.jpg
168218,362585,https://image.tmdb.org/t/p/w300/rfKHhHvSwyCv59Ow6wuGX67RkXR.jpg
168248,324552,https://image.tmdb.org/t/p/w300/hXWBc0ioZP3cN4zCu6SN3YHXZVO.jpg
168250,419430,https://image.tmdb.org/t/p/w300/tFXcEccSQMf3lfhfXKSU9iRBpa3.jpg
168252,263115,https://image.tmdb.org/t/p/w300/fnbjcRDYn6YviCcePDnGdyAkYsB.jpg
168254,293167,https://image.tmdb.org/t/p/w300/r2517Vz9EhDhj88qwbDVj8DCRZN.jpg
168266,180863,https://image.tmdb.org/t/p/w300/xlbpCwa9OXXIiNgXcwuompHFIk9.jpg
168326,416477,https://image.tmdb.org/t/p/w300/9fJTT8pBxxQsFILJHTtHhdYFr77.jpg
168350,334532,https://image.tmdb.org/t/p/w300/1s5j2raM0vSQ5pqB41TKN44oO0d.jpg
168358,19761,https://image.tmdb.org/t/p/w300/zAoLR1azwd8QbglnjWpOwJ4PI6C.jpg
168366,321612,https://image.tmdb.org/t/p/w300/hKegSKIDep2ewJWPUQD7u0KqFIp.jpg
168418,295693,https://image.tmdb.org/t/p/w300/9MsQJKe4cUAGxc7R2NGaFQLqOPc.jpg
168456,376003,https://image.tmdb.org/t/p/w300/eZXUTjxjorNQSCYewKS9mvubeBG.jpg
168492,398818,https://image.tmdb.org/t/p/w300/mZ4gBdfkhP9tvLH1DO4m4HYtiyi.jpg
168608,414425,https://image.tmdb.org/t/p/w300/tf21kSKepMOlnorszWaiFwksKU4.jpg
168612,315837,https://image.tmdb.org/t/p/w300/zCtL3UBgCoZzd7XTVGhvl6XY75E.jpg
168632,437752,https://image.tmdb.org/t/p/w300/wQpJbMzfmzwb14MiUVC991LEyTV.jpg
168712,341174,https://image.tmdb.org/t/p/w300/w3qa274gvca9t8pkUoG8nfQgTU3.jpg
168846,435351,https://image.tmdb.org/t/p/w300/wuhQu9Bqh4DKnlzPIjGhve7EzHk.jpg
169034,394269,https://image.tmdb.org/t/p/w300/x6sBCNHyjrCVF5Pa3Oa8GCP58UU.jpg
169180,381064,https://image.tmdb.org/t/p/w300/5D1dsGCh09cJlla924hnVYror6z.jpg
169670,378018,https://image.tmdb.org/t/p/w300/2WhZAPi3vomEQdzAPIYTvmvWaxI.jpg
169904,11795,https://image.tmdb.org/t/p/w300/2vbtLS0rdMty6SA1MOCUIqhfWbm.jpg
169912,26797,https://image.tmdb.org/t/p/w300/bjybZeS8uPK0nezEz1CEZpZcbpa.jpg
169958,367147,https://image.tmdb.org/t/p/w300/e9uR2tAeokwBvQm6e9Y5zSB5KoV.jpg
169982,305470,https://image.tmdb.org/t/p/w300/bKYKyyIv5YnisxjZtDreWtYA386.jpg
169984,126889,https://image.tmdb.org/t/p/w300/zecMELPbU5YMQpC81Z8ImaaXuf9.jpg
169992,334521,https://image.tmdb.org/t/p/w300/olpgs0OPE8sdBGcuuWhKYzxAwN4.jpg
170289,9711,https://image.tmdb.org/t/p/w300/8BelHo8qmaurZjPS9hipSQ79Rr6.jpg
170297,14611,https://image.tmdb.org/t/p/w300/sMFyYZR9krqcQC99G6jnb10Zv4P.jpg
170357,444705,https://image.tmdb.org/t/p/w300/lFGP9COk4X3sBqrkUpbQ78GdnZm.jpg
170399,417644,https://image.tmdb.org/t/p/w300/mIHA8Xf6WmxbS83ia4vQ5ojvxV8.jpg
170401,353569,https://image.tmdb.org/t/p/w300/5frbf55BlFERLJRAwdZNaUGxwN2.jpg
170411,444706,https://image.tmdb.org/t/p/w300/jaHuxnzJy616w4Muv2NxZgQ9fUu.jpg
170551,74336,https://image.tmdb.org/t/p/w300/uxRdKdpa0VHXEC3LdDUCwuV9VfN.jpg
170597,129229,https://image.tmdb.org/t/p/w300/80QaOskAV7IWlqZw4orrw0bjQVZ.jpg
170697,400928,https://image.tmdb.org/t/p/w300/9Ts7Vc4wLlpI9oox9mkVUE1tBHy.jpg
170777,72215,https://image.tmdb.org/t/p/w300/7YbdqmDM9h2VmkelGYDKLYbuC5y.jpg
170813,339846,https://image.tmdb.org/t/p/w300/6HE4xd8zloDqmjMZuhUCCw2UcY1.jpg
170817,373569,https://image.tmdb.org/t/p/w300/gsleO1KultziWltEAngAEZkxQhf.jpg
170827,282035,https://image.tmdb.org/t/p/w300/zxkY8byBnCsXodEYpK8tmwEGXBI.jpg
170837,36968,https://image.tmdb.org/t/p/w300/kS91p5rwK0A0VGmBISVWK6O3So5.jpg
170875,337339,https://image.tmdb.org/t/p/w300/dImWM7GJqryWJO9LHa3XQ8DD5NH.jpg
170897,419700,https://image.tmdb.org/t/p/w300/38SDqWOt4utiLOnWlas7BfrYQGS.jpg
170907,385805,https://image.tmdb.org/t/p/w300/oNG4VITQkGd9iXHv0Ds7vmZdGYp.jpg
170937,397442,https://image.tmdb.org/t/p/w300/aEc69JY0azD9PwYtwS2RFwoyFOT.jpg
170939,268531,https://image.tmdb.org/t/p/w300/vKSmaPct5OEeMoD8ue30RisHlKD.jpg
170945,418078,https://image.tmdb.org/t/p/w300/rNKJpFMlOZn5zkzBPZxEJrQn5Km.jpg
170957,260514,https://image.tmdb.org/t/p/w300/zg5RDxvIIAKsucjuU2EZJIHEIvz.jpg
170993,15314,https://image.tmdb.org/t/p/w300/8LSbj1iwkxM7AZRTKxCxfdmE4Lt.jpg
171023,425751,https://image.tmdb.org/t/p/w300/7on6mTMVrE893E0mSwO4ZRAAD8A.jpg
171251,430830,https://image.tmdb.org/t/p/w300/beWrI8ykYq95C0VSWrBoz4dec23.jpg
171631,455601,https://image.tmdb.org/t/p/w300/zENxLrx6LtsmqHt8VF2Na5kn76b.jpg
171695,20211,https://image.tmdb.org/t/p/w300/omCkeQubfAtjJetFV2edOC3yhRB.jpg
171701,371859,https://image.tmdb.org/t/p/w300/uEgmmAnz5qlW43XFeGbcjI1wrAz.jpg
171751,19625,https://image.tmdb.org/t/p/w300/OjJ2eZFMr0InHxjYCQXwxDoo4v.jpg
171759,399019,https://image.tmdb.org/t/p/w300/x4R9jyiZhJzevASus5n6WyHQTdR.jpg
171763,339403,https://image.tmdb.org/t/p/w300/tYzFuYXmT8LOYASlFCkaPiAFAl0.jpg
171765,387426,https://image.tmdb.org/t/p/w300/pHlRr2MfjK77VIIAO7p0R4jhsJI.jpg
171811,256608,https://image.tmdb.org/t/p/w300/p118qJ0cwJBAOybBnauNgpdgVOr.jpg
171867,397422,https://image.tmdb.org/t/p/w300/ttC00xcQ5UIO04kU8y0h5OAIYYJ.jpg
171891,447818,https://image.tmdb.org/t/p/w300/cXZGSRFN2WyLa6a4KhGIoTrjvdL.jpg
171917,430423,https://image.tmdb.org/t/p/w300/P9wQKQhsyCqOf5PjTyevXC8hEM.jpg
172013,391663,https://image.tmdb.org/t/p/w300/6JE4oc4Lz5vl96KoQZEwbfO8Gwm.jpg
172215,37022,https://image.tmdb.org/t/p/w300/jpUVeuVpeX2cNrA7GL0j2jxL9xC.jpg
172229,55728,https://image.tmdb.org/t/p/w300/coCA0gZObtGySSVLOPb784650ep.jpg
172233,44015,https://image.tmdb.org/t/p/w300/gJTeDkT6zYfUlSQFlSiBKfpibwA.jpg
172253,38966,https://image.tmdb.org/t/p/w300/o3GOrWh7ytlKsdOGI77WFauZORr.jpg
172321,263029,https://image.tmdb.org/t/p/w300/tpktkKnhl9zeQd1gpiQxaBHw1BY.jpg
172461,448448,https://image.tmdb.org/t/p/w300/n0FXjHHG4a0apw3X4zggpIC5fih.jpg
172547,324852,https://image.tmdb.org/t/p/w300/6t3YWl7hrr88lCEFlGVqW5yV99R.jpg
172577,145760,https://image.tmdb.org/t/p/w300/xEpK6mFiqpWl7zf5SeFBEd8A8ne.jpg
172583,213321,https://image.tmdb.org/t/p/w300/capVKIin7nWwRMWVM2TUOUcTKXo.jpg
172585,72203,https://image.tmdb.org/t/p/w300/utLLi3IYWiqjBiepXnqXsUYRCE1.jpg
172587,77759,https://image.tmdb.org/t/p/w300/1bBh1oQF2FznRkcudz7NcCiHSE9.jpg
172589,77762,https://image.tmdb.org/t/p/w300/npVjTdinip4kvViCjLpBIY44jXB.jpg
172591,364150,https://image.tmdb.org/t/p/w300/xvT9RyO9UdNSc1NRhXnhTujlQWK.jpg
172637,74535,https://image.tmdb.org/t/p/w300/mTKUENSIX7Ylam8XTHw05Ec67Uw.jpg
172705,390319,https://image.tmdb.org/t/p/w300/7NlURmIhGaRuRukWfDg8KNj3oup.jpg
172793,160046,https://image.tmdb.org/t/p/w300/85j8tvZDQbew6D1qBrRcLj4FmO1.jpg
172825,195065,https://image.tmdb.org/t/p/w300/aEdMT7bL6drgraiX6ewT4sy0tEL.jpg
172875,24660,https://image.tmdb.org/t/p/w300/8HoobMnhDvdWMaFDNYAOYqwA9Nw.jpg
172881,24357,https://image.tmdb.org/t/p/w300/mWCKgKcF47wxagChqUD2GTwfDaw.jpg
172887,24914,https://image.tmdb.org/t/p/w300/SteXNwc3hRV9o2BlyxV3yBXCV2.jpg
173145,281338,https://image.tmdb.org/t/p/w300/3vYhLLxrTtZLysXtIWktmd57Snv.jpg
173197,401246,https://image.tmdb.org/t/p/w300/pefcv5VNspSK4Dt8doei5bJmmln.jpg
173205,396398,https://image.tmdb.org/t/p/w300/c9teDTgwxgnb7wnZjZo4oNcF80R.jpg
173209,354287,https://image.tmdb.org/t/p/w300/bU2Q2rCH5VFrJNKSyx6wSmQZFsX.jpg
173235,433092,https://image.tmdb.org/t/p/w300/2U9zEqSO7ulORWjNRr3RbgoJgLb.jpg
173253,454361,https://image.tmdb.org/t/p/w300/c8cCiaK2U5etkJiAoKoMAN5EPOP.jpg
173255,456193,https://image.tmdb.org/t/p/w300/vRmKJiLQ6oGCpJyDqtxv8LSgCW0.jpg
173291,339964,https://image.tmdb.org/t/p/w300/vlc95gl3PtrjxSEuM8RhTtSm2xU.jpg
173307,327253,https://image.tmdb.org/t/p/w300/lWZsV3dJfpWlEQG1Yn7GUSmrxdh.jpg
173317,390410,https://image.tmdb.org/t/p/w300/xPbgP2Ii8SJkxnTWl3QBn7pgEgR.jpg
173351,165095,https://image.tmdb.org/t/p/w300/tr28r8BddkRBTcLXAg2tcXhn3XA.jpg
173355,193216,https://image.tmdb.org/t/p/w300/5zcjEIb72gkLp3K9PoW5i0LAXYe.jpg
173619,30163,https://image.tmdb.org/t/p/w300/dmrVlsTFOW6RRUpEANVpiOytHFK.jpg
173751,390587,https://image.tmdb.org/t/p/w300/V61ycPJYjdYadFVVK51xaWYvr8.jpg
173925,406990,https://image.tmdb.org/t/p/w300/atOgZMJpMrTdpqvPiHVPfBhR61l.jpg
173941,341013,https://image.tmdb.org/t/p/w300/kV9R5h0Yct1kR8Hf8sJ1nX0Vz4x.jpg
173963,6079,https://image.tmdb.org/t/p/w300/2R5W3HyTg6mW33UPsisTqCRllir.jpg
174045,336890,https://image.tmdb.org/t/p/w300/mVpqXYZ3X1YYnVQ7aj8jEm88vHS.jpg
174053,374430,
174055,374720,https://image.tmdb.org/t/p/w300/b4Oe15CGLL61Ped0RAS9JpqdmCt.jpg
174141,64847,https://image.tmdb.org/t/p/w300/2okYZVVw7RdMwlOKcAJsQ7Nsrpr.jpg
174479,312174,https://image.tmdb.org/t/p/w300/eBE8V51zojucBMzTN3DdN9H4Ct9.jpg
174551,435041,https://image.tmdb.org/t/p/w300/b9Ub71szmURhlbThKy9hwUlMUqC.jpg
174681,460822,https://image.tmdb.org/t/p/w300/4sgAcBkhKoazB4xFwiYfWIdLMNf.jpg
174727,429200,https://image.tmdb.org/t/p/w300/yE1c9hj5Hf8a9KplAdRdhADqUro.jpg
174737,37991,https://image.tmdb.org/t/p/w300/rBNEwPdjy8Ph8MDdYvaxlT1mlIN.jpg
174815,345914,https://image.tmdb.org/t/p/w300/hkmWkVgirei79bwds23Hr0lWSXS.jpg
174909,399170,https://image.tmdb.org/t/p/w300/mQrhrBaaHvRfBQq0Px3HtVbH9iE.jpg
175197,353491,https://image.tmdb.org/t/p/w300/i9GUSgddIqrroubiLsvvMRYyRy0.jpg
175199,396422,https://image.tmdb.org/t/p/w300/tb86j8jVCVsdZnzf8I6cIi65IeM.jpg
175293,79701,https://image.tmdb.org/t/p/w300/kw6UmmvqYnaPIdw24WoD83Akfod.jpg
175303,346364,https://image.tmdb.org/t/p/w300/9E2y5Q7WlCVNEhP5GiVTjhEhx1o.jpg
175387,70061,https://image.tmdb.org/t/p/w300/qSBftaHwuK3VdEiGqaK4OQfhKe7.jpg
175397,196649,https://image.tmdb.org/t/p/w300/ve9D7egY1BLJwQe9cQ67eKHH1Pf.jpg
175401,91673,https://image.tmdb.org/t/p/w300/vnWBlrREOXyoHe41MDjDkFt2AVv.jpg
175431,72199,https://image.tmdb.org/t/p/w300/mYwsnHZnQuM4D1qCeRwYUgJMp8Y.jpg
175435,79216,https://image.tmdb.org/t/p/w300/3JI7Brdc1wNMUqWXlZBIs2i7m40.jpg
175475,378236,https://image.tmdb.org/t/p/w300/60bTx5z9zL1AqCjZ0gmWoRMJ6Bb.jpg
175485,351460,https://image.tmdb.org/t/p/w300/8xRQ0KG9ZZzjEiFa5fgEaTKhc0d.jpg
175569,395834,https://image.tmdb.org/t/p/w300/pySivdR845Hom4u4T2WNkJxe6Ad.jpg
175577,461634,https://image.tmdb.org/t/p/w300/lGQp2uymuoOpvZmSpGnNA1pBLh4.jpg
175585,339692,https://image.tmdb.org/t/p/w300/qLmLz2wtyYvmW8Ult3l2ngOnW8v.jpg
175661,390043,https://image.tmdb.org/t/p/w300/5CGjlz2vyBhW5xHW4eNOZIdgzYq.jpg
175705,7014,https://image.tmdb.org/t/p/w300/AdfWdOiMWMwYQtVAWDyHpHvWifX.jpg
175707,411516,https://image.tmdb.org/t/p/w300/g8jJexYyjuDP2TvrmWlvXcmBVJ0.jpg
175743,433410,https://image.tmdb.org/t/p/w300/uAW4PUgiafKGPXUfn0gr3Qr096p.jpg
175781,28469,https://image.tmdb.org/t/p/w300/gwycJX3BZvLpS33OtoJl5kjnXLk.jpg
176051,460135,https://image.tmdb.org/t/p/w300/niLX2txdI5GlVowJlnb5Hr26QpK.jpg
176101,343668,https://image.tmdb.org/t/p/w300/34xBL6BXNYFqtHO9zhcgoakS4aP.jpg
176371,335984,https://image.tmdb.org/t/p/w300/gajva2L0rPYkEWjzgFlBXCAVBE5.jpg
176389,335777,https://image.tmdb.org/t/p/w300/xOfdQHNF9TlrdujyAjiKfUhxSXy.jpg
176413,131244,https://image.tmdb.org/t/p/w300/rwV9C36GHI1PrCvTAKOtvlcQWjM.jpg
176415,258357,https://image.tmdb.org/t/p/w300/wH44amLQxrcFFeqr3y4JAQ54utk.jpg
176419,381283,https://image.tmdb.org/t/p/w300/fjny9chXPx69ln1LMJxbwi5yHMt.jpg
176423,432976,https://image.tmdb.org/t/p/w300/x5azMi1KvZWbBbfjmGqpHNGqjH.jpg
176579,420707,https://image.tmdb.org/t/p/w300/3uUO9eDxHeDREIX77BaQiI88ajp.jpg
176601,452830,https://image.tmdb.org/t/p/w300/fYi4BQhoj2ay3oJwT2x8kMNHpds.jpg
176621,77557,https://image.tmdb.org/t/p/w300/9LhyFNoDYBqWZr33EmLYw3oOxMN.jpg
176751,337170,https://image.tmdb.org/t/p/w300/23ILgoPSO5ShKcTZOuiTVfqFAUB.jpg
176805,390407,https://image.tmdb.org/t/p/w300/2MARwPALPBlLUN9OyBqvDdeSenQ.jpg
176935,274855,https://image.tmdb.org/t/p/w300/nrsx0jEaBgXq4PWo7SooSnYJTv.jpg
177185,468366,https://image.tmdb.org/t/p/w300/eKjpRVYExmMhMtO0HTjSdSed5zy.jpg
177285,413594,https://image.tmdb.org/t/p/w300/2szdEK0Mr0RG0nWGFVTseNQHbnP.jpg
177593,359940,https://image.tmdb.org/t/p/w300/bRYLt8fV82tdVoDppSFTZIcJiLN.jpg
177615,391713,https://image.tmdb.org/t/p/w300/gl66K7zRdtNYGrxyS2YDUP5ASZd.jpg
177763,392044,https://image.tmdb.org/t/p/w300/7GtdJU6iAg6fjQu3E3zta3bIAQh.jpg
177765,354912,https://image.tmdb.org/t/p/w300/6Ryitt95xrO8KXuqRGm1fUuNwqF.jpg
177939,430214,https://image.tmdb.org/t/p/w300/cDp45WZNqgAli3u4GTnUhsqFn5K.jpg
178061,389015,https://image.tmdb.org/t/p/w300/6gNXwSHxaksR1PjVZRqNapmkgj3.jpg
178111,431819,https://image.tmdb.org/t/p/w300/ifm8CdFjYMfEq0bLT7XwJxjZmjO.jpg
178129,103008,https://image.tmdb.org/t/p/w300/rYqglQ5TWmxmNatyPfdTBSWRDUx.jpg
178323,472424,https://image.tmdb.org/t/p/w300/g0NONcnzzvWoASFjFoDqXZUW6SV.jpg
178613,16275,https://image.tmdb.org/t/p/w300/xQAwaRVkaYtgEbFzsUrYzduJsOd.jpg
178615,303854,https://image.tmdb.org/t/p/w300/be0a79Xhbhmik12AYmYITz39zxN.jpg
178827,346648,https://image.tmdb.org/t/p/w300/1OJ9vkD5xPt3skC6KguyXAgagRZ.jpg
179053,475759,https://image.tmdb.org/t/p/w300/l8JKbUCIe4y1LujxMMjbxG6ueH.jpg
179073,4835,https://image.tmdb.org/t/p/w300/eta5sA6V2IIGTALBfpFhIuHrD40.jpg
179119,402897,https://image.tmdb.org/t/p/w300/AqH7q89NxGRDAyRWKqsL3OBtYfV.jpg
179133,339877,https://image.tmdb.org/t/p/w300/56sq57kDm7XgyXBYrgJLumo0Jac.jpg
179211,480409,https://image.tmdb.org/t/p/w300/wNZHC2TXsaC87L8erLP202tx1rF.jpg
179401,353486,https://image.tmdb.org/t/p/w300/pSgXKPU5h6U89ipF7HBYajvYt7j.jpg
179427,298718,https://image.tmdb.org/t/p/w300/rXJHq7yQ92IuTAIxAYKUILvjVLU.jpg
179491,429733,https://image.tmdb.org/t/p/w300/fF5ULrCAQ8TULXyFGlPlQ2s3Jie.jpg
179511,337556,https://image.tmdb.org/t/p/w300/bIBLt7TVRu22cWtQiMptNUoJ9Ho.jpg
179709,429189,https://image.tmdb.org/t/p/w300/gKYpAL1A01T9a1taGXAyfqXjI5x.jpg
179749,396493,https://image.tmdb.org/t/p/w300/a0m7WciFnBqpcyH1Yi8i4tdvk0k.jpg
179813,353575,https://image.tmdb.org/t/p/w300/780oVVWLDHMx2DCn0xUHeOEw0na.jpg
179815,413362,https://image.tmdb.org/t/p/w300/epTCHVcyLkT8Aqt08Ki3PWC2sUh.jpg
179817,399404,https://image.tmdb.org/t/p/w300/xa6G3aKlysQeVg9wOb0dRcIGlWu.jpg
179819,181808,https://image.tmdb.org/t/p/w300/ySaaKHOLAQU5HoZqWmzDIj1VvZ1.jpg
179953,431530,https://image.tmdb.org/t/p/w300/gPNHolu7AGnrB7r5kvJRRTfwMFR.jpg
180031,399055,https://image.tmdb.org/t/p/w300/9zfwPffUXpBrEP26yp0q1ckXDcj.jpg
180045,396371,https://image.tmdb.org/t/p/w300/zrGQwKNmAz5awZI2V1k5M4eTTTN.jpg
180095,406997,https://image.tmdb.org/t/p/w300/sONh3LYGFcVDTy8pm1tbSOB13Li.jpg
180231,419680,https://image.tmdb.org/t/p/w300/rF2IoKL0IFmumEXQFUuB8LajTYP.jpg
180265,469019,https://image.tmdb.org/t/p/w300/kKzopOFXz9YfsCTqg3XpF0GoypX.jpg
180297,371638,https://image.tmdb.org/t/p/w300/2HuLGiyH0TPYxnCvYHAxc8K738o.jpg
180497,446354,https://image.tmdb.org/t/p/w300/h4XG3g6uMMPIBPjAoQhC2QIMdkl.jpg
180985,316029,https://image.tmdb.org/t/p/w300/b9CeobiihCx1uG1tpw8hXmpi7nm.jpg
180987,364689,https://image.tmdb.org/t/p/w300/rMm94JsRfcOPiPVsTRcBiiVBOhz.jpg
181065,479269,https://image.tmdb.org/t/p/w300/AogLjcJoA8Jw11uLuQ62qyKkHZb.jpg
181139,470616,https://image.tmdb.org/t/p/w300/dCz3moYDQksz9n95sJSw0GFCiPU.jpg
181315,400617,https://image.tmdb.org/t/p/w300/hgoWjp9Sh0MI97eAMZCnIoVfgvq.jpg
181413,482004,https://image.tmdb.org/t/p/w300/daOljc1BMtILw8XYQRcVu0bHObj.jpg
181659,490928,https://image.tmdb.org/t/p/w300/hR7q7l5gCGjVTGOiV7bYe6RNj0m.jpg
181719,49809,https://image.tmdb.org/t/p/w300/mHkVybbJ77ZNzEvsISQZypBSmE4.jpg
182293,152047,https://image.tmdb.org/t/p/w300/fsxRmiN1GseeWQQqQLmkFdt2UDW.jpg
182297,128756,https://image.tmdb.org/t/p/w300/uq1BO4DmBMTM1PPULLoy4yIpsD.jpg
182299,188763,https://image.tmdb.org/t/p/w300/lB5e1uSwtErZRSPklxjya19WcIv.jpg
182639,24362,https://image.tmdb.org/t/p/w300/dI6Z5vpy78ZJkdOV2qvE6IjWTjl.jpg
182715,300668,https://image.tmdb.org/t/p/w300/4YRplSk6BhH6PRuE9gfyw9byUJ6.jpg
182727,485517,https://image.tmdb.org/t/p/w300/du010f2eoKOXqZ8Uo1h5zlke6Sf.jpg
182731,124117,https://image.tmdb.org/t/p/w300/Apz1iXuiAUNArN7CLXGHNCuVeSn.jpg
182749,487156,https://image.tmdb.org/t/p/w300/h83KVdM6UMJplVA8jgXWk60Kk1Y.jpg
182793,34220,https://image.tmdb.org/t/p/w300/rU5fHzO1WqjZlJp6A5CWJDF96Rg.jpg
182823,400106,https://image.tmdb.org/t/p/w300/whkT53Sv2vKAUiknQ13pqcWaPXB.jpg
183011,399035,https://image.tmdb.org/t/p/w300/rDeGK6FIUfVcXmuBdEORPAGPMNg.jpg
183197,488223,https://image.tmdb.org/t/p/w300/4EaNffvPj5uTxRbFcmiTkor1lZW.jpg
183199,432987,https://image.tmdb.org/t/p/w300/nF1orRbPb5jg8zOCwxzHMgUFeKg.jpg
183227,494368,https://image.tmdb.org/t/p/w300/3dLJ4kSwnMGlHlR6AxwWqTsKJFs.jpg
183295,406563,https://image.tmdb.org/t/p/w300/6c9ti2JcR3dHyR3qFXoZqVMx0SH.jpg
183301,31615,https://image.tmdb.org/t/p/w300/dZP2d1R9xCPaFMARWBhvDnmkava.jpg
183317,121870,https://image.tmdb.org/t/p/w300/cvi8hjUgDeBaE1wP4WPVdzyBNoo.jpg
183611,445571,https://image.tmdb.org/t/p/w300/85R8LMyn9f2Lev2YPBF8Nughrkv.jpg
183635,336843,https://image.tmdb.org/t/p/w300/drbERzlA4cuRWhsTXfFOY4mRR4f.jpg
183897,399174,https://image.tmdb.org/t/p/w300/c0nUX6Q1ZB0P2t1Jo6EeFSVnOGQ.jpg
183911,422615,https://image.tmdb.org/t/p/w300/vsm2gxPoZDzG3ocTArrK8ak7go4.jpg
183959,497520,https://image.tmdb.org/t/p/w300/ll5QVhDsp6MbNWWZAGXc8vFu6Y9.jpg
184015,433310,https://image.tmdb.org/t/p/w300/pscQKoikkSJxAu8O5LKtjgGJEt1.jpg
184053,17571,https://image.tmdb.org/t/p/w300/rhDQ8jgr75S7Pit4JQXx8cYbsmV.jpg
184245,110775,https://image.tmdb.org/t/p/w300/raPb60jzLwgF03kGET1YZSfzHFn.jpg
184253,384521,https://image.tmdb.org/t/p/w300/vJi2ExTcWdJR3150VPKqqtdGxsT.jpg
184349,22916,https://image.tmdb.org/t/p/w300/4xjfBIP8BCCkKDmSBlAfguUiW8N.jpg
184471,338970,https://image.tmdb.org/t/p/w300/s4Qn5LF6OwK4rIifmthIDtbqDSs.jpg
184641,426285,https://image.tmdb.org/t/p/w300/kWJtS0XFHxH2ADkWX8P7WISDnX3.jpg
184721,458737,https://image.tmdb.org/t/p/w300/8HKA3Hwf8jQWy8TCYWr7C8Wft23.jpg
184791,502616,https://image.tmdb.org/t/p/w300/2thxqf0Rbm2GaphAfAUdP8dvpXg.jpg
184931,395990,https://image.tmdb.org/t/p/w300/g0eEEZAqMf98ULQnoiORuazjOpn.jpg
184987,407451,https://image.tmdb.org/t/p/w300/yAcb58vipewa1BfNit2RjE6boXA.jpg
184997,449176,https://image.tmdb.org/t/p/w300/snIsqVPmlu4LPjvToHpDotxa7Eh.jpg
185029,447332,https://image.tmdb.org/t/p/w300/nAU74GmpUk7t5iklEp3bufwDq4n.jpg
185031,399360,https://image.tmdb.org/t/p/w300/afdZAIcAQscziqVtsEoh2PwsYTW.jpg
185033,419831,https://image.tmdb.org/t/p/w300/cvit6HDbXHE6W5kGPd47jd0wthQ.jpg
185435,456750,https://image.tmdb.org/t/p/w300/58BnnYeQOTzdMBghZIH1tSH0REx.jpg
185473,437557,https://image.tmdb.org/t/p/w300/uvlUQXg0AlpGzKukO11K7QtW3Yu.jpg
185585,268896,https://image.tmdb.org/t/p/w300/nFWhttU8PM50t25NPdy7PE7rv3G.jpg
186587,427641,https://image.tmdb.org/t/p/w300/MGADip4thVSErP34FAAfzFBTZ5.jpg
187031,351286,https://image.tmdb.org/t/p/w300/x2Us3jR6ToMJjbcPbLimYoxf6xr.jpg
187541,260513,https://image.tmdb.org/t/p/w300/9lFKBtaVIhP7E2Pk0IY1CwTKTMZ.jpg
187593,383498,https://image.tmdb.org/t/p/w300/to0spRl1CMDvyUbOnbb4fTk3VAd.jpg
187595,348350,https://image.tmdb.org/t/p/w300/4oD6VEccFkorEBTEDXtpLAaz0Rl.jpg
187717,490003,https://image.tmdb.org/t/p/w300/8qE8NZjiP2M884baH0VoLF828Vp.jpg
188189,424781,https://image.tmdb.org/t/p/w300/peTl1V04E9ppvhgvNmSX0r2ALqO.jpg
188301,363088,https://image.tmdb.org/t/p/w300/cFQEO687n1K6umXbInzocxcnAQz.jpg
188675,483184,https://image.tmdb.org/t/p/w300/eaZq1G8sJHv9f9a5IzioQlS3REX.jpg
188751,458423,https://image.tmdb.org/t/p/w300/aWicerX4Y7n7tUwRAVHsVcBBpj2.jpg
188797,455980,https://image.tmdb.org/t/p/w300/eXXpuW2xaq5Aen9N5prFlARVIvr.jpg
188833,297725,https://image.tmdb.org/t/p/w300/4o4zw2c9sfHvszIb5xpuFagnouR.jpg
189043,447682,https://image.tmdb.org/t/p/w300/7HcKCHQe9FfU2xCDBYzDWpkQJ0u.jpg
189111,525662,https://image.tmdb.org/t/p/w300/jrAa417l7fms1w52vZtKJUI849Q.jpg
189333,353081,https://image.tmdb.org/t/p/w300/AkJQpZp9WoNdj7pLYSj1L0RcMMN.jpg
189381,500475,https://image.tmdb.org/t/p/w300/gGk9H5PVpWzbsYkmnBeKevQkwwf.jpg
189547,111196,https://image.tmdb.org/t/p/w300/nJFMaZr1MUu1yIUJRKc8ujUeOtg.jpg
189713,487558,https://image.tmdb.org/t/p/w300/8jxqAvSDoneSKRczaK8v9X5gqBp.jpg
190183,445651,https://image.tmdb.org/t/p/w300/8NdQneXBYVbBKt81bFhXiyThe0h.jpg
190207,79159,https://image.tmdb.org/t/p/w300/32A3d2Qvky7C7Ey83mCEelb3jB1.jpg
190209,487541,https://image.tmdb.org/t/p/w300/qGUznqAEwpBLIkKCdnwXdTMgbyO.jpg
190213,364002,https://image.tmdb.org/t/p/w300/mRmYWu9oLzlhn1t4pulsCEEMTyp.jpg
190215,479871,https://image.tmdb.org/t/p/w300/lx0JCB1MUvOUhwRjEPZ2XCR1SdI.jpg
190219,48610,https://image.tmdb.org/t/p/w300/9CApdJg7tPwLMp2EJy7JudHWMYN.jpg
190221,460631,https://image.tmdb.org/t/p/w300/hkNRpUPwATGLapryuwdk5hAD5Qk.jpg
191005,432985,https://image.tmdb.org/t/p/w300/optlFojmbJKLwTe9QpqLiFbGR9k.jpg
193565,71172,https://image.tmdb.org/t/p/w300/E3RT3f8oOuPS2pMhgH47TKBPgu.jpg
193567,255413,https://image.tmdb.org/t/p/w300/dl77aDfwqsaTTpyyzwRod5fbvxm.jpg
193571,297825,https://image.tmdb.org/t/p/w300/etNc3MyOccnjvkcSNgNTOfc3Kkv.jpg
193573,333623,https://image.tmdb.org/t/p/w300/niZYdH5EVKlA6ww3BEGVR8aWwEO.jpg
193581,432131,https://image.tmdb.org/t/p/w300/4jU2Bdk1MB2OvP4BBvTJIPQc0BF.jpg
193583,445030,https://image.tmdb.org/t/p/w300/cCBB6BGRj5nCTaEgogDtkHfjOLK.jpg
193585,479308,https://image.tmdb.org/t/p/w300/iPzkjNWpK7ud5pE997eGaB4QhaG.jpg
193587,483455,https://image.tmdb.org/t/p/w300/gCfN6xWPyxphtgtLuDxT5s0eSoq.jpg
193609,37891,https://image.tmdb.org/t/p/w300/yXmkQVETaCr8BHITkLeJe6x1GdA.jpg
